reference_id,bibliography_key,full_bibliography_entry,reference_url,reference_url_kind,linked_book_note_ids
R001,Algaze 1993,"Algaze, Guillermo. 1993. The Uruk World System: The Dynamics of Expansion of Early Mesopotamian Civilization. Chicago: University of Chicago Press.",https://scholar.google.com/scholar?q=Algaze%2C+Guillermo.+1993.+The+Uruk+World+System%3A+The+Dynamics+of+Expansion+of+Early+Mesopotamian+Civilization.+Chicago%3A+University+of+Chicago+Press.,scholar_search,ch8-n75
R002,Allsen 2016,"Allsen, Thomas T. 2016. The Royal Hunt in Eurasian History. Philadelphia: University of Pennsylvania Press.",https://scholar.google.com/scholar?q=Allsen%2C+Thomas+T.+2016.+The+Royal+Hunt+in+Eurasian+History.+Philadelphia%3A+University+of+Pennsylvania+Press.,scholar_search,ch6-n60
R003,Alt 2018,"Alt, Susan. M. 2018. Cahokia’s Complexities. Tuscaloosa: University of Alabama Press.",https://scholar.google.com/scholar?q=Alt%2C+Susan.+M.+2018.+Cahokia%E2%80%99s+Complexities.+Tuscaloosa%3A+University+of+Alabama+Press.,scholar_search,ch11-n34 | ch11-n35 | ch11-n36 | ch11-n37
R004,Ambrose 2003,"Ambrose, Stanley H., Jane Buikstra and Harold W. Krueger (2003). ‘Status and gender differences in diet at Mound 72, Cahokia, revealed by isotopic analysis of bone.’ Journal of Anthropological Archaeology 22 (3): 217–26.",https://doi.org/10.1016/s0278-4165(03)00036-9,doi,ch11-n38 | ch11-n40
R005,Anthony 2007,"Anthony, David. W. 2007. The Horse, the Wheel, and Language: How Bronze-Age Riders from the Steppes Shaped the Modern World. Princeton, NJ and Oxford: Princeton University Press.",https://scholar.google.com/scholar?q=Anthony%2C+David.+W.+2007.+The+Horse%2C+the+Wheel%2C+and+Language%3A+How+Bronze-Age+Riders+from+the+Steppes+Shaped+the+Modern+World.+Princeton%2C+NJ+and+Oxford%3A+Princeton+University+Press.,scholar_search,ch8-n21
R006,Arbuckle 2013,"Arbuckle, Benjamin S. 2013. ‘The late adoption of cattle and pig husbandry in Neolithic Central Turkey.’ Journal of Archaeological Science 40: 1805–15.",https://doi.org/10.1016/j.jas.2012.12.008,doi,ch6-n20
R007,Ascher 2004,"Ascher, Marcia. 2004. Mathematics Elsewhere: An Exploration of Ideas Across Cultures. Princeton, NJ: Princeton University Press.",https://scholar.google.com/scholar?q=Ascher%2C+Marcia.+2004.+Mathematics+Elsewhere%3A+An+Exploration+of+Ideas+Across+Cultures.+Princeton%2C+NJ%3A+Princeton+University+Press.,scholar_search,ch8-n37
R008,Ashmore 2015,"Ashmore, Wendy. 2015. ‘Contingent acts of remembrance: royal ancestors of Classic Maya Copan and Quirigua.’ Ancient Mesoamerica 26: 213–31.",https://doi.org/10.1017/s095653611500019x,doi,ch9-n14
R009,Asouti 2006,"Asouti, Eleni. 2006. ‘Beyond the Pre-Pottery Neolithic-B interaction sphere.’ Journal of World Prehistory 20: 87–126.",https://doi.org/10.1007/s10963-007-9008-1,doi,ch6-n24
R010,Atkins 2002,"Atkins, Sandra Erin. 2002. ‘The Formation of the League of the Haudenosaunee (Iroquois): Interpreting the Archaeological Record through the Oral Narrative Gayanashagowa.’ Master’s thesis, Trent University.",https://scholar.google.com/scholar?q=Atkins%2C+Sandra+Erin.+2002.+%E2%80%98The+Formation+of+the+League+of+the+Haudenosaunee+%28Iroquois%29%3A+Interpreting+the+Archaeological+Record+through+the+Oral+Narrative+Gayanashagowa.%E2%80%99+Master%E2%80%99s+thesis%2C+Trent+University.,scholar_search,ch11-n75
R011,Aubert 2018,"Aubert, M. et al. 2018. ‘Palaeolithic cave art in Borneo.’ Nature 564: 254–7.",https://doi.org/10.1038/s41586-018-0679-9,doi,ch3-n13 | ch3-n15
R012,Ayad 2009,"Ayad, Mariam F. 2009. God’s Wife, God’s Servant: The God’s Wife of Amun (c.740–525 bc). London and New York: Routledge.",https://scholar.google.com/scholar?q=Ayad%2C+Mariam+F.+2009.+God%E2%80%99s+Wife%2C+God%E2%80%99s+Servant%3A+The+God%E2%80%99s+Wife+of+Amun+%28c.740%E2%80%93525+bc%29.+London+and+New+York%3A+Routledge.,scholar_search,ch10-n34 | ch10-n35
R013,Bagley 1999,"Bagley, Robert. 1999. ‘Shang archaeology.’ In Loewe and Shaughnessy (eds), pp. 124–231.",https://doi.org/10.1017/chol9780521470308.005,doi,ch10-n104 | ch10-n105 | ch10-n106 | ch8-n105 | ch8-n106
R014,Bahrani 2002,"Bahrani, Zeinab. 2002. ‘Performativity and the image: narrative, representation and the Uruk vase.’ In E. Ehrenberg (ed.), Leaving No Stones Unturned: Essays on the Ancient Near East and Egypt in Honor of Donald P. Hansen. Winona Lake, Indiana: Eisenbrauns, pp. 15–22.",https://doi.org/10.1515/9781575065281-004,doi,ch8-n73
R015,Baines 1995,"Baines, John. 1995. ‘Origins of Egyptian kingship.’ In D. O’Connor and D. Silverman (eds), Ancient Egyptian Kingship. Leiden, New York and Cologne: Brill, pp. 95–156.",https://doi.org/10.1163/9789004676701_010,doi,ch10-n83
R016,Baires 2014,"Baires, Sarah E. 2014. ‘Cahokia’s Rattlesnake Causeway.’ Midcontinental Journal of Archaeology 39 (2): 145–62.",https://scholar.google.com/scholar?q=Baires%2C+Sarah+E.+2014.+%E2%80%98Cahokia%E2%80%99s+Rattlesnake+Causeway.%E2%80%99+Midcontinental+Journal+of+Archaeology+39+%282%29%3A+145%E2%80%9362.,scholar_search,ch11-n31
R017,Balsera 2008,"Balsera, Viviana Díaz. 2008. ‘Celebrating the rise of a new sun: the Tlaxcalans conquer Jerusalem in 1539.’ Estudios de cultura Nahuatl 39: 311–30.",https://scholar.google.com/scholar?q=Balsera%2C+Viviana+D%C3%ADaz.+2008.+%E2%80%98Celebrating+the+rise+of+a+new+sun%3A+the+Tlaxcalans+conquer+Jerusalem+in+1539.%E2%80%99+Estudios+de+cultura+Nahuatl+39%3A+311%E2%80%9330.,scholar_search,ch9-n65
R018,Bamann 1992,"Bamann, Susan et al. 1992. ‘Iroquoian archaeology.’ Annual Review of Anthropology 21: 435–60.",https://doi.org/10.1146/annurev.anthro.21.1.435,doi,ch11-n76
R019,Bartash 2015,"Bartash, Vitali. 2015. ‘Children in institutional households of Late Uruk period Mesopotamia.’ Zeitschrift für Assyriologie 105 (2): 131–8.",https://doi.org/10.1515/za-2015-0012,doi,ch8-n70
R020,Bellwood 2005,"Bellwood, Peter. 2005. First Farmers: The Origins of Agricultural Societies. Malden, MA and Oxford: Blackwell.",https://scholar.google.com/scholar?q=Bellwood%2C+Peter.+2005.+First+Farmers%3A+The+Origins+of+Agricultural+Societies.+Malden%2C+MA+and+Oxford%3A+Blackwell.,scholar_search,ch7-n35 | ch7-n36
R021,Benson 2009,"Benson, Larry, Timothy R. Pauketat and Edwin Cook. 2009. ‘Cahokia’s boom and bust in the context of climate change.’ American Antiquity 74: 467–83.",https://scholar.google.com/scholar?q=Benson%2C+Larry%2C+Timothy+R.+Pauketat+and+Edwin+Cook.+2009.+%E2%80%98Cahokia%E2%80%99s+boom+and+bust+in+the+context+of+climate+change.%E2%80%99+American+Antiquity+74%3A+467%E2%80%9383.,scholar_search,ch11-n34
R022,Bestock 2008,"Bestock, Laurel D. 2008. ‘The Early Dynastic funerary enclosures of Abydos.’ Archéo-Nil 18: 43–59.",https://doi.org/10.3406/arnil.2008.956,doi,ch10-n75 | ch10-n76
R023,Birch 2015,"Birch, Jennifer. 2015. ‘Current research on the historical development of Northern Iroquoian societies.’ Journal of Archaeological Research 23: 263–323.",https://doi.org/10.1007/s10814-015-9082-3,doi,ch11-n76
R024,Blackburn 2000,"Blackburn, Carole. 2000. Harvest of Souls: The Jesuit Missions and Colonialism in North America, 1632–1650. Montreal and Kingston: McGill-Queen’s University Press.",https://scholar.google.com/scholar?q=Blackburn%2C+Carole.+2000.+Harvest+of+Souls%3A+The+Jesuit+Missions+and+Colonialism+in+North+America%2C+1632%E2%80%931650.+Montreal+and+Kingston%3A+McGill-Queen%E2%80%99s+University+Press.,scholar_search,ch2-n27 | ch2-n28
R025,Blanton 1996,"Blanton, Richard E., Gary Feinman, Stephen A. Kowalewski and Peter N. Peregrine. 1996. ‘A dual-processual theory for the evolution of Mesoamerican civilization.’ Current Anthropology 37 (1): 1–14.",https://doi.org/10.1086/204471,doi,ch9-n41
R026,Blanton 1998,"Blanton, Richard E. 1998. ‘Beyond centralization: steps toward a theory of egalitarian behaviour in archaic states.’ In G. A. Feinman and J. Marcus (eds), Archaic States. Santa Fe: School of American Research, pp. 135–72.",https://scholar.google.com/scholar?q=Blanton%2C+Richard+E.+1998.+%E2%80%98Beyond+centralization%3A+steps+toward+a+theory+of+egalitarian+behaviour+in+archaic+states.%E2%80%99+In+G.+A.+Feinman+and+J.+Marcus+%28eds%29%2C+Archaic+States.+Santa+Fe%3A+School+of+American+Research%2C+pp.+135%E2%80%9372.,scholar_search,ch9-n41
R027,Blau 1963,"Blau, Harold. 1963. ‘Dream guessing: a comparative analysis.’ Ethnohistory 10: 233–49.",https://doi.org/10.2307/480694,doi,ch11-n73 | ch11-n74
R028,Bogaard 2014,"Bogaard, Amy et al. 2014. ‘Locating land use at Neolithic Çatalhöyük, Turkey: the implications of 87SR/86SR signatures in plants and sheep tooth sequences.’ Archaeometry 56 (5): 860–77.",https://scholar.google.com/scholar?q=Bogaard%2C+Amy+et+al.+2014.+%E2%80%98Locating+land+use+at+Neolithic+%C3%87atalh%C3%B6y%C3%BCk%2C+Turkey%3A+the+implications+of+87SR%2F86SR+signatures+in+plants+and+sheep+tooth+sequences.%E2%80%99+Archaeometry+56+%285%29%3A+860%E2%80%9377.,scholar_search,ch6-n19
R029,Brown 1990,"Brown, James A. 1990. ‘Archaeology confronts history at the Natchez temple.’ Southwestern Archaeology 9 (1): 1–10.",https://scholar.google.com/scholar?q=Brown%2C+James+A.+1990.+%E2%80%98Archaeology+confronts+history+at+the+Natchez+temple.%E2%80%99+Southwestern+Archaeology+9+%281%29%3A+1%E2%80%9310.,scholar_search,ch10-n68 | ch10-n69
R030,Buikstra 2004,"Buikstra, Jane E. et al. 2004. ‘Tombs from the Copan Acropolis: a life history approach.’ In E. E. Bell et al. (eds.), pp. 185–205.",https://scholar.google.com/scholar?q=Buikstra%2C+Jane+E.+et+al.+2004.+%E2%80%98Tombs+from+the+Copan+Acropolis%3A+a+life+history+approach.%E2%80%99+In+E.+E.+Bell+et+al.+%28eds.%29%2C+pp.+185%E2%80%93205.,scholar_search,ch9-n17 | ch9-n18
R031,Burger 2011,"Burger, Richard. L. 2011. ‘What kind of hallucinogenic snuff was used at Chavín de Huántar? An iconographic identification.’ Journal of Andean Archaeology 31 (2): 123–40.",https://doi.org/10.1179/naw.2011.31.2.123,doi,ch10-n53
R032,Butters 2005,"Castillo Butters, Luis Jaime. 2005. ‘Las Señoras de San José de Moro: Rituales funerarios de mujeres de élite en la costa norte del Perú.’ In Divina y humana. La mujer en los antiguos Perú y México. Lima: Ministerio de Educación, pp. 18–29.",https://scholar.google.com/scholar?q=Castillo+Butters%2C+Luis+Jaime.+2005.+%E2%80%98Las+Se%C3%B1oras+de+San+Jos%C3%A9+de+Moro%3A+Rituales+funerarios+de+mujeres+de+%C3%A9lite+en+la+costa+norte+del+Per%C3%BA.%E2%80%99+In+Divina+y+humana.+La+mujer+en+los+antiguos+Per%C3%BA+y+M%C3%A9xico.+Lima%3A+Ministerio+de+Educaci%C3%B3n%2C+pp.+18%E2%80%9329.,scholar_search,ch10-n47 | ch10-n48 | ch10-n49 | ch10-n50
R033,Byers 2006,"Byers, A. Martin. 2006. Cahokia: A World Renewal Cult Heterarchy. Gainsville: University Press of Florida.",https://scholar.google.com/scholar?q=Byers%2C+A.+Martin.+2006.+Cahokia%3A+A+World+Renewal+Cult+Heterarchy.+Gainsville%3A+University+Press+of+Florida.,scholar_search,ch11-n34
R034,Campbell 2009,"Campbell, Roderick. 2009. ‘Towards a networks and boundaries approach to early complex polities: the Late Shang Case.’ Current Anthropology 50 (6): 821–48.",https://scholar.google.com/scholar?q=Campbell%2C+Roderick.+2009.+%E2%80%98Towards+a+networks+and+boundaries+approach+to+early+complex+polities%3A+the+Late+Shang+Case.%E2%80%99+Current+Anthropology+50+%286%29%3A+821%E2%80%9348.,scholar_search,ch10-n73 | ch10-n74
R035,Campbell 2014,"Campbell, Roderick. 2014. ‘Transformations of violence: on humanity and inhumanity in early China.’ In Campbell (ed.), pp. 94–118.",https://scholar.google.com/scholar?q=Campbell%2C+Roderick.+2014.+%E2%80%98Transformations+of+violence%3A+on+humanity+and+inhumanity+in+early+China.%E2%80%99+In+Campbell+%28ed.%29%2C+pp.+94%E2%80%93118.,scholar_search,ch10-n73 | ch10-n74
R036,Cannadine 2001,"Cannadine, David. 2001. Ornamentalism: How the British Saw their Empire. London: Penguin.",https://scholar.google.com/scholar?q=Cannadine%2C+David.+2001.+Ornamentalism%3A+How+the+British+Saw+their+Empire.+London%3A+Penguin.,scholar_search,ch8-n43 | ch8-n44
R037,Canuto 2018,"Canuto, Marcello et al. 2018. ‘Ancient lowland Maya complexity as revealed by airborne laser scanning of northern Guatemala.’ Science 361 (6409): eaau0137.",https://doi.org/10.1126/science.aau0137,doi,ch10-n24 | ch10-n25
R038,Carballo 2019,"Carballo, David M. et al. 2019. ‘New research at Teotihuacan’s Tlajinga district, 2012–2015.’ Ancient Mesoamerica 30: 95–113.",https://scholar.google.com/scholar?q=Carballo%2C+David+M.+et+al.+2019.+%E2%80%98New+research+at+Teotihuacan%E2%80%99s+Tlajinga+district%2C+2012%E2%80%932015.%E2%80%99+Ancient+Mesoamerica+30%3A+95%E2%80%93113.,scholar_search,ch9-n23 | ch9-n30 | ch9-n31
R039,Carr 2005,"Carr, Christopher. 2005. ‘The tripartite ceremonial alliance among Scioto Hopewellian communities and the question of social ranking.’ In Case and Carr (eds), pp. 258–338.",https://doi.org/10.1007/0-387-27327-1_7,doi,ch11-n20 | ch11-n21
R040,Chapman 2010,"Chapman, John. 2010. ‘Houses, households, villages, and proto-cities in Southeastern Europe.’ In Anthony (ed.), pp. 74–89.",https://scholar.google.com/scholar?q=Chapman%2C+John.+2010.+%E2%80%98Houses%2C+households%2C+villages%2C+and+proto-cities+in+Southeastern+Europe.%E2%80%99+In+Anthony+%28ed.%29%2C+pp.+74%E2%80%9389.,scholar_search,ch8-n32
R041,Clendinnen 1991,"Clendinnen, Inga. 1991. Aztecs: An Interpretation. Cambridge: Cambridge University Press.",https://scholar.google.com/scholar?q=Clendinnen%2C+Inga.+1991.+Aztecs%3A+An+Interpretation.+Cambridge%3A+Cambridge+University+Press.,scholar_search,ch10-n11 | ch10-n44 | ch10-n45
R042,Cook 2017,"Cook, Robert A. 2017. Continuity and Change in the Native American Village: Multicultural Origins and Descendants of the Fort Ancient Culture. Cambridge: Cambridge University Press.",https://scholar.google.com/scholar?q=Cook%2C+Robert+A.+2017.+Continuity+and+Change+in+the+Native+American+Village%3A+Multicultural+Origins+and+Descendants+of+the+Fort+Ancient+Culture.+Cambridge%3A+Cambridge+University+Press.,scholar_search,ch11-n61
R043,Coon 2009,"Coon, Matthew S. 2009. ‘Variation in Ohio Hopewell political economies.’ American Antiquity 74 (1): 49–76.",https://doi.org/10.1017/s0002731600047508,doi,ch11-n23 | ch11-n24
R044,Cortés 1928,"Cortés, Hernando. 1928. Five Letters, 1519–1526. London: Routledge.",https://scholar.google.com/scholar?q=Cort%C3%A9s%2C+Hernando.+1928.+Five+Letters%2C+1519%E2%80%931526.+London%3A+Routledge.,scholar_search,ch9-n45
R045,Cowgill 1997,"Cowgill, George L. 1997. ‘State and society at Teotihuacan, Mexico.’ Annual Review of Anthropology 26: 129–61.",https://doi.org/10.1146/annurev.anthro.26.1.129,doi,ch9-n13 | ch9-n28
R046,Cowgill 2015,"Cowgill, George L. 2015. Ancient Teotihuacan. Early Urbanism in Central Mexico. Cambridge: Cambridge University Press.",https://doi.org/10.1017/cbo9781139046817,doi,ch9-n29
R047,Crazzolara 1951,"Crazzolara, Joseph Pasquale. 1951. The Lwoo, Part II: Lwoo Traditions. Verona: Missioni Africane.",https://scholar.google.com/scholar?q=Crazzolara%2C+Joseph+Pasquale.+1951.+The+Lwoo%2C+Part+II%3A+Lwoo+Traditions.+Verona%3A+Missioni+Africane.,scholar_search,ch10-n64
R048,Crema 2013,"Crema, Enrico R. 2013. ‘Cycles of change in Jomon settlement: a case study from eastern Tokyo Bay.’ Antiquity 87 (338): 1169–81.",https://doi.org/10.1017/s0003598x00049930,doi,ch4-n33
R049,Croucher 2012,"Croucher, Karina. 2012. Death and Dying in the Neolithic Near East. Oxford: Oxford University Press.",https://doi.org/10.1093/acprof:osobl/9780199693955.001.0001,doi,ch6-n63
R050,Davis 1995,"Davis, E. N. 1995. ‘Art and politics in the Aegean: the missing ruler.’ In Paul Rehak (ed.), The Role of the Ruler in the Prehistoric Aegean (Aegaeum 11). Liège: University of Liège, pp. 11–20.",https://scholar.google.com/scholar?q=Davis%2C+E.+N.+1995.+%E2%80%98Art+and+politics+in+the+Aegean%3A+the+missing+ruler.%E2%80%99+In+Paul+Rehak+%28ed.%29%2C+The+Role+of+the+Ruler+in+the+Prehistoric+Aegean+%28Aegaeum+11%29.+Li%C3%A8ge%3A+University+of+Li%C3%A8ge%2C+pp.+11%E2%80%9320.,scholar_search,ch10-n142 | ch10-n144
R051,DeBoer 1993,"DeBoer, Warren R. 1993. ‘Like a rolling stone: the Chunkey game and political organization in Eastern North America.’ Southeastern Archaeology 12: 83–92.",https://scholar.google.com/scholar?q=DeBoer%2C+Warren+R.+1993.+%E2%80%98Like+a+rolling+stone%3A+the+Chunkey+game+and+political+organization+in+Eastern+North+America.%E2%80%99+Southeastern+Archaeology+12%3A+83%E2%80%9392.,scholar_search,ch11-n32 | ch11-n33
R052,DeBoer 1997,"DeBoer, Warren R. 1997. ‘Ceremonial centers from the Cayapas to Chillicothe.’ Cambridge Archaeological Journal 7: 225–53.",https://scholar.google.com/scholar?q=DeBoer%2C+Warren+R.+1997.+%E2%80%98Ceremonial+centers+from+the+Cayapas+to+Chillicothe.%E2%80%99+Cambridge+Archaeological+Journal+7%3A+225%E2%80%9353.,scholar_search,ch11-n23 | ch11-n24
R053,Deino 2018,"Deino, Alan L. et al. 2018. ‘Chronology of the Acheulean to Middle Stone transition in eastern Africa.’ Science 360 (6384): 95–8.",https://doi.org/10.1126/science.aao2216,doi,ch3-n13 | ch3-n15
R054,Denevan 1992,"Denevan, William M. 1992. The Native Population of the Americas in 1492. Wisconsin: University of Wisconsin Press.",https://scholar.google.com/scholar?q=Denevan%2C+William+M.+1992.+The+Native+Population+of+the+Americas+in+1492.+Wisconsin%3A+University+of+Wisconsin+Press.,scholar_search,ch5-n1
R055,Denham 2003,"Denham, Timothy et al. 2003. ‘Origins of agriculture at Kuk Swamp in the highlands of New Guinea.’ Science 301 (5630): 189–93.",https://doi.org/10.1126/science.1085255,doi,ch7-n32 | ch7-n33
R056,Dickson 2006,"Dickson, D. Bruce. 2006. ‘Public transcripts expressed in theatres of cruelty: the Royal Graves at Ur in Mesopotamia.’ Cambridge Archaeological Journal 16 (2): 123–44.",https://doi.org/10.1017/s0959774306000084,doi,ch10-n70 | ch10-n71
R057,Dietrich 2012,"Dietrich, Olivier, Manfred Heun, Jens Notroff and Klaus Schmidt. 2012. ‘The role of cult and feasting in the emergence of Neolithic communities. New evidence from Göbekli Tepe, south-eastern Turkey.’ Antiquity 86 (333): 674–95.",https://doi.org/10.1017/s0003598x00047840,doi,ch3-n39
R058,Dietrich 2019,"Dietrich, Laura et al. 2019. ‘Cereal processing at Early Neolithic Göbekli Tepe, southeastern Turkey.’ PLoS ONE 14 (5): e0215214.",https://doi.org/10.1371/journal.pone.0215214,doi,ch3-n27 | ch3-n39 | ch6-n55 | ch6-n56 | ch6-n57
R059,Domenici 2018,"Domenici, Davide. 2018. ‘Beyond dichotomies: Teotihuacan and the Mesoamerican urban tradition.’ In D. Domenici and N. Marchetti, Urbanized Landscapes in Early Syro-Mesopotamia and Prehispanic Mesoamerica. Wiesbaden: Harrassowitz Verlag, pp. 35–70.",https://scholar.google.com/scholar?q=Domenici%2C+Davide.+2018.+%E2%80%98Beyond+dichotomies%3A+Teotihuacan+and+the+Mesoamerican+urban+tradition.%E2%80%99+In+D.+Domenici+and+N.+Marchetti%2C+Urbanized+Landscapes+in+Early+Syro-Mesopotamia+and+Prehispanic+Mesoamerica.+Wiesbaden%3A+Harrassowitz+Verlag%2C+pp.+35%E2%80%9370.,scholar_search,ch9-n37 | ch9-n38 | ch9-n39 | ch9-n41 | ch9-n7 | ch9-n8
R060,Donald 1997,"Donald, Leland. 1997. Aboriginal Slavery on the Northwest Coast of North America. Berkeley: University of California Press.",https://doi.org/10.1525/9780520918115,doi,ch5-n30 | ch5-n60
R061,Ellingson 2001,"Ellingson, Ter. 2001. The Myth of the Noble Savage. Berkeley: University of California Press.",https://scholar.google.com/scholar?q=Ellingson%2C+Ter.+2001.+The+Myth+of+the+Noble+Savage.+Berkeley%3A+University+of+California+Press.,scholar_search,ch2-n27 | ch2-n28
R062,Emerson 1997a,"Emerson, Thomas. 1997a. Cahokia and the Archaeology of Power. Tuscaloosa: University of Alabama Press.",https://scholar.google.com/scholar?q=Emerson%2C+Thomas.+1997a.+Cahokia+and+the+Archaeology+of+Power.+Tuscaloosa%3A+University+of+Alabama+Press.,scholar_search,ch11-n34 | ch11-n35 | ch11-n36 | ch11-n37
R063,Emerson 2007,"Emerson, Thomas. 2007. ‘Cahokia and the evidence for Late Pre-Columbian war in the North American midcontinent.’ In R. J. Chacon and R. G. Mendoza (eds), North American Indigenous Warfare and Ritual Violence. Tucson: University of Arizona Press, pp. 129–48.",https://doi.org/10.2307/j.ctv1n3x1fb.10,doi,ch11-n42
R064,Emerson 2016,"Emerson, Thomas et al. 2016. ‘Paradigms lost: reconfiguring Cahokia’s Mound 72 Beaded Burial.’ American Antiquity 81 (3): 405–25.",https://scholar.google.com/scholar?q=Emerson%2C+Thomas+et+al.+2016.+%E2%80%98Paradigms+lost%3A+reconfiguring+Cahokia%E2%80%99s+Mound+72+Beaded+Burial.%E2%80%99+American+Antiquity+81+%283%29%3A+405%E2%80%9325.,scholar_search,ch11-n41
R065,Emerson 2018,"Emerson, Thomas E., Brad H. Koldeho and Tamira K. Brennan (eds). 2018. Revealing Greater Cahokia, North America’s First Native City: Rediscovery and Large-Scale Excavations of the East St. Louis Precinct. Studies in Archaeology 12. Urbana: Illinois State Archaeological Survey, University of Illinois.",https://scholar.google.com/scholar?q=Emerson%2C+Thomas+E.%2C+Brad+H.+Koldeho+and+Tamira+K.+Brennan+%28eds%29.+2018.+Revealing+Greater+Cahokia%2C+North+America%E2%80%99s+First+Native+City%3A+Rediscovery+and+Large-Scale+Excavations+of+the+East+St.+Louis+Precinct.+Studies+in+Archaeology+12.+Urbana%3A+Illinois+State+Archaeological+Survey%2C+University+of+Illinois.,scholar_search,ch11-n35 | ch11-n36 | ch11-n37
R066,Engelbrecht 2003,"Engelbrecht, William. 2003. Iroquoia: The Development of a Native World. Syracuse, NY: Syracuse University Press.",https://scholar.google.com/scholar?q=Engelbrecht%2C+William.+2003.+Iroquoia%3A+The+Development+of+a+Native+World.+Syracuse%2C+NY%3A+Syracuse+University+Press.,scholar_search,ch11-n76
R067,Englund 1998,"Englund, Robert K. 1998. ‘Texts from the Late Uruk period.’ In J. Bauer, R. K. Englund and M. Krebernik (eds), Mesopotamien. Späturuk-Zeit und Frühdynastische Zeit. Göttingen: Vandenhoeck and Ruprecht.",https://scholar.google.com/scholar?q=Englund%2C+Robert+K.+1998.+%E2%80%98Texts+from+the+Late+Uruk+period.%E2%80%99+In+J.+Bauer%2C+R.+K.+Englund+and+M.+Krebernik+%28eds%29%2C+Mesopotamien.+Sp%C3%A4turuk-Zeit+und+Fr%C3%BChdynastische+Zeit.+G%C3%B6ttingen%3A+Vandenhoeck+and+Ruprecht.,scholar_search,ch8-n65
R068,Englund 2009,"Englund, Robert K. 2009. ‘The smell of the cage.’ Cuneiform Digital Library 4.",https://scholar.google.com/scholar?q=Englund%2C+Robert+K.+2009.+%E2%80%98The+smell+of+the+cage.%E2%80%99+Cuneiform+Digital+Library+4.,scholar_search,ch8-n70
R069,Erdal 2015,"Erdal, Yilmaz. 2015. ‘Bone or flesh: defleshing and post-depositional treatments at Körtik Tepe (Southeastern Anatolia, PPNA Period).’ European Journal of Archaeology 18 (1): 4–32.",https://doi.org/10.1179/1461957114y.0000000072,doi,ch6-n55 | ch6-n56 | ch6-n57
R070,Fairbairn 2006,"Fairbairn, Andrew et al. 2006. ‘Seasonality (Çatalhöyük East).’ In Ian Hodder (ed.), Çatalhöyük Perspectives: Themes from the 1995–9 Seasons. Cambridge: McDonald Institute Monographs, British Institute of Archaeology at Ankara, pp. 93–108.",https://scholar.google.com/scholar?q=Fairbairn%2C+Andrew+et+al.+2006.+%E2%80%98Seasonality+%28%C3%87atalh%C3%B6y%C3%BCk+East%29.%E2%80%99+In+Ian+Hodder+%28ed.%29%2C+%C3%87atalh%C3%B6y%C3%BCk+Perspectives%3A+Themes+from+the+1995%E2%80%939+Seasons.+Cambridge%3A+McDonald+Institute+Monographs%2C+British+Institute+of+Archaeology+at+Ankara%2C+pp.+93%E2%80%93108.,scholar_search,ch6-n17
R071,Fargher 2010,"Fargher, Lane, Richard E. Blanton and Verenice Y. Heredia Espinoza. 2010. ‘Egalitarian ideology and political power in prehispanic Central Mexico: the case of Tlaxcalan.’ Latin American Antiquity 21 (3): 227–51.",https://doi.org/10.7183/1045-6635.21.3.227,doi,ch9-n48
R072,Fargher 2011,"Fargher, Lane, Verenice Y. Heredia Espinoza and Richard E. Blanton. 2011. ‘Alternative pathways to power in late Postclassic Highland Mesoamerica.’ Journal of Anthropological Archaeology 30: 306–26.",https://doi.org/10.1016/j.jaa.2011.06.001,doi,ch9-n66
R073,Fleming 2009,Fleming Daniel. E. 2009. Democracy’s Ancient Ancestors: Mari and Early Collective Governance. Cambridge: Cambridge University Press.,https://scholar.google.com/scholar?q=Fleming+Daniel.+E.+2009.+Democracy%E2%80%99s+Ancient+Ancestors%3A+Mari+and+Early+Collective+Governance.+Cambridge%3A+Cambridge+University+Press.,scholar_search,ch8-n60 | ch8-n61
R074,Fogelson 1984,"Fogelson, Raymond D. 1984. ‘Who were the Aní-Kutánî? An excursion into Cherokee historical thought.’ Ethnohistory 31 (4): 255–63.",https://doi.org/10.2307/482712,doi,ch11-n56
R075,Formicola 2007,"Formicola, Vincenzo. 2007. ‘From the Sungir children to the Romito dwarf: aspects of the Upper Palaeolithic funerary landscape.’ Current Anthropology 48: 446–53.",https://scholar.google.com/scholar?q=Formicola%2C+Vincenzo.+2007.+%E2%80%98From+the+Sungir+children+to+the+Romito+dwarf%3A+aspects+of+the+Upper+Palaeolithic+funerary+landscape.%E2%80%99+Current+Anthropology+48%3A+446%E2%80%9353.,scholar_search,ch3-n36
R076,Fowler 1997,"Fowler, Melvin. L. 1997. The Cahokia Atlas: A Historical Atlas of Cahokia Archaeology. Urbana: University of Illinois Press.",https://scholar.google.com/scholar?q=Fowler%2C+Melvin.+L.+1997.+The+Cahokia+Atlas%3A+A+Historical+Atlas+of+Cahokia+Archaeology.+Urbana%3A+University+of+Illinois+Press.,scholar_search,ch11-n34
R077,Fowler 1999,"Fowler, Melvin L. et al. 1999. The Mound 72 Area: Dedicated and Sacred Space in Early Cahokia. Reports of Investigation no. 54. Springfield: Illinois State Museum.",https://scholar.google.com/scholar?q=Fowler%2C+Melvin+L.+et+al.+1999.+The+Mound+72+Area%3A+Dedicated+and+Sacred+Space+in+Early+Cahokia.+Reports+of+Investigation+no.+54.+Springfield%3A+Illinois+State+Museum.,scholar_search,ch11-n38 | ch11-n40
R078,Frangipane 2006,"Frangipane, Marcella. 2006. ‘The Arslantepe “Royal Tomb”: new funerary customs and political changes in the Upper Euphrates valley at the beginning of the third millennium bc.’ In G. Bartoloni and M. G. Benedettini (eds), Buried Among the Living. Rome: Università degli studi di Roma ‘La Sapienza’, pp. 169–94.",https://scholar.google.com/scholar?q=Frangipane%2C+Marcella.+2006.+%E2%80%98The+Arslantepe+%E2%80%9CRoyal+Tomb%E2%80%9D%3A+new+funerary+customs+and+political+changes+in+the+Upper+Euphrates+valley+at+the+beginning+of+the+third+millennium+bc.%E2%80%99+In+G.+Bartoloni+and+M.+G.+Benedettini+%28eds%29%2C+Buried+Among+the+Living.+Rome%3A+Universit%C3%A0+degli+studi+di+Roma+%E2%80%98La+Sapienza%E2%80%99%2C+pp.+169%E2%80%9394.,scholar_search,ch8-n79
R079,Frangipane 2012,"Frangipane, Marcella. 2012. ‘Fourth millennium Arslantepe: the development of a centralized society without urbanization.’ Origini 34: 19–40.",https://scholar.google.com/scholar?q=Frangipane%2C+Marcella.+2012.+%E2%80%98Fourth+millennium+Arslantepe%3A+the+development+of+a+centralized+society+without+urbanization.%E2%80%99+Origini+34%3A+19%E2%80%9340.,scholar_search,ch8-n77
R080,Frankfort 1948,"Frankfort, Henri. 1948. Kingship and the Gods: A Study of Ancient Near Eastern Religion as the Integration of Society and Nature. Chicago: Chicago University Press.",https://scholar.google.com/scholar?q=Frankfort%2C+Henri.+1948.+Kingship+and+the+Gods%3A+A+Study+of+Ancient+Near+Eastern+Religion+as+the+Integration+of+Society+and+Nature.+Chicago%3A+Chicago+University+Press.,scholar_search,ch9-n11
R081,Frenez 2018,"Frenez, Dennys. 2018. ‘Private person or public persona? Use and significance of standard Indus seals as markers of formal socio-economic identities.’ In D. Frenez et al. (eds), Walking with the Unicorn: Social Organization and Material Culture in Ancient South Asia. Oxford: Archaeopress, pp. 166–93.",https://scholar.google.com/scholar?q=Frenez%2C+Dennys.+2018.+%E2%80%98Private+person+or+public+persona%3F+Use+and+significance+of+standard+Indus+seals+as+markers+of+formal+socio-economic+identities.%E2%80%99+In+D.+Frenez+et+al.+%28eds%29%2C+Walking+with+the+Unicorn%3A+Social+Organization+and+Material+Culture+in+Ancient+South+Asia.+Oxford%3A+Archaeopress%2C+pp.+166%E2%80%9393.,scholar_search,ch8-n87
R082,Friedman 2008,"Friedman, Renée F. 2008. ‘Excavating Egypt’s early kings: recent discoveries in the elite cemetery at Hierakonpolis.’ In B. Midant-Reynes and Y. Tristant (eds), Egypt at its Origins 2. Proceedings of the International Conference Origin of the State. Predynastic and Early Dynastic Egypt, Toulouse, 5th–8th September 2005. Orientalia Lovaniensia Analecta 172. Leuven: Peeters, pp. 1157–94.",https://scholar.google.com/scholar?q=Friedman%2C+Ren%C3%A9e+F.+2008.+%E2%80%98Excavating+Egypt%E2%80%99s+early+kings%3A+recent+discoveries+in+the+elite+cemetery+at+Hierakonpolis.%E2%80%99+In+B.+Midant-Reynes+and+Y.+Tristant+%28eds%29%2C+Egypt+at+its+Origins+2.+Proceedings+of+the+International+Conference+Origin+of+the+State.+Predynastic+and+Early+Dynastic+Egypt%2C+Toulouse%2C+5th%E2%80%938th+September+2005.+Orientalia+Lovaniensia+Analecta+172.+Leuven%3A+Peeters%2C+pp.+1157%E2%80%9394.,scholar_search,ch10-n86
R083,Froese 2014,"Froese, Tom, Carlos Gershenson and Linda R. Manzanilla. 2014. ‘Can government be self-organized? A mathematical model of the collective social organization of ancient Teotihuacan, Central Mexico.’ PLoS ONE 9 (10): e109966.",https://doi.org/10.1371/journal.pone.0109966,doi,ch9-n30 | ch9-n31 | ch9-n37 | ch9-n38 | ch9-n39
R084,García 2014,"Moreno García, Juan Carlos. 2014. ‘Recent developments in the social and economic history of Ancient Egypt.’ Journal of Ancient Near Eastern History 1 (2): 231–61.",https://doi.org/10.1515/janeh-2014-0002,doi,ch10-n113
R085,Gell 1993,"Gell, Alfred. 1993. Wrapping in Images: Tattooing in Polynesia. Oxford: Clarendon Press.",https://scholar.google.com/scholar?q=Gell%2C+Alfred.+1993.+Wrapping+in+Images%3A+Tattooing+in+Polynesia.+Oxford%3A+Clarendon+Press.,scholar_search,ch7-n34
R086,Gibson 1952,"Gibson, Charles. 1952. Tlaxcala in the Sixteenth Century. New Haven, CT and London: Yale University Press.",https://scholar.google.com/scholar?q=Gibson%2C+Charles.+1952.+Tlaxcala+in+the+Sixteenth+Century.+New+Haven%2C+CT+and+London%3A+Yale+University+Press.,scholar_search,ch9-n63
R087,Gibson 2000,"Gibson, Jon L. 2000. Ancient Mounds of Poverty Point: Place of Rings. Gainesville: University Press of Florida.",https://scholar.google.com/scholar?q=Gibson%2C+Jon+L.+2000.+Ancient+Mounds+of+Poverty+Point%3A+Place+of+Rings.+Gainesville%3A+University+Press+of+Florida.,scholar_search,ch4-n27
R088,Giosan 2012,"Giosan, Liviu et al. 2012. ‘Fluvial landscapes of the Harappan civilization.’ PNAS: E1688–E1694.",https://doi.org/10.1073/pnas.1112743109,doi,ch8-n83 | ch8-n84
R089,Godoy 1986,"Godoy, Ricardo A. 1986. ‘The fiscal role of the Andean Ayllu.’ Man (N.S.) 21 (4): 723–41.",https://doi.org/10.2307/2802905,doi,ch10-n15
R090,Goldstein 2003,"Goldstein, Paul S. 2003. ‘From stew-eaters to maize-drinkers: the Chicha economy and Tiwanaku.’ In Tamara L. Bray (ed.), The Archaeology and Politics of Food and Feasting in Early States and Empires. New York: Plenum, pp. 143–71.",https://scholar.google.com/scholar?q=Goldstein%2C+Paul+S.+2003.+%E2%80%98From+stew-eaters+to+maize-drinkers%3A+the+Chicha+economy+and+Tiwanaku.%E2%80%99+In+Tamara+L.+Bray+%28ed.%29%2C+The+Archaeology+and+Politics+of+Food+and+Feasting+in+Early+States+and+Empires.+New+York%3A+Plenum%2C+pp.+143%E2%80%9371.,scholar_search,ch10-n89
R091,González 2014,"González González, Enrique. 2014. ‘A humanist in the New World: Francisco Cervantes de Salazar (c.1514–75).’ In L. Dietz et al. (eds), Neo-Latin and the Humanities: Essays in Honour of Charles E. Fantazzi. Toronto: Center for Reformation and Renaissance Studies, pp. 235–57.",https://scholar.google.com/scholar?q=Gonz%C3%A1lez+Gonz%C3%A1lez%2C+Enrique.+2014.+%E2%80%98A+humanist+in+the+New+World%3A+Francisco+Cervantes+de+Salazar+%28c.1514%E2%80%9375%29.%E2%80%99+In+L.+Dietz+et+al.+%28eds%29%2C+Neo-Latin+and+the+Humanities%3A+Essays+in+Honour+of+Charles+E.+Fantazzi.+Toronto%3A+Center+for+Reformation+and+Renaissance+Studies%2C+pp.+235%E2%80%9357.,scholar_search,ch9-n49
R092,Gose 1996,"Gose, Peter. 1996. ‘Oracles, divine kingship, and political representation in the Inka State.’ Ethnohistory 43 (1): 1–32.",https://doi.org/10.2307/483342,doi,ch10-n104 | ch10-n105 | ch10-n106
R093,Graeber 2001,"Graeber, David. 2001. Toward an Anthropological Theory of Value: The False Coin of Our Own Dreams. New York: Palgrave.",https://scholar.google.com/scholar?q=Graeber%2C+David.+2001.+Toward+an+Anthropological+Theory+of+Value%3A+The+False+Coin+of+Our+Own+Dreams.+New+York%3A+Palgrave.,scholar_search,ch11-n73 | ch11-n74
R094,Graeber 2007a,"Graeber, David. 2007a. Possibilities: Essays on Hierarchy, Rebellion, and Desire. Oakland, CA: AK Press.",https://scholar.google.com/scholar?q=Graeber%2C+David.+2007a.+Possibilities%3A+Essays+on+Hierarchy%2C+Rebellion%2C+and+Desire.+Oakland%2C+CA%3A+AK+Press.,scholar_search,ch8-n46
R095,Graeber 2011,"Graeber, David. 2011. Debt: The First 5,000 Years. New York: Melville House.",https://scholar.google.com/scholar?q=Graeber%2C+David.+2011.+Debt%3A+The+First+5%2C000+Years.+New+York%3A+Melville+House.,scholar_search,ch10-n131 | ch2-n51 | ch2-n52 | ch8-n48
R096,Green 2020,"Green, Adam S. 2020. ‘Killing the priest-king: addressing egalitarianism in the Indus civilization.’ Journal of Archaeological Research. https://doi.org/10.1007/s10814-020-09147-9",https://doi.org/10.1007/s10814-020-09147-9,doi,ch8-n83 | ch8-n84
R097,Gresky 2017,"Gresky, Julia, Juliane Haelm and Lee Clare. 2017. ‘Modified human crania from Göbekli Tepe provide evidence for a new form of Neolithic skull cult.’ Science Advances 3: e1700564.",https://doi.org/10.1126/sciadv.1700564,doi,ch6-n61
R098,Haak 2015,"Haak, Wolfgang et al. 2015. ‘Massive migration from the steppe was a source for Indo-European languages in Europe.’ Nature 522: 207–11.",https://doi.org/10.1038/nature14317,doi,ch7-n35 | ch7-n36
R099,Habu 2004,"Habu, Junko. 2004. Ancient Jomon of Japan. Cambridge: Cambridge University Press.",https://scholar.google.com/scholar?q=Habu%2C+Junko.+2004.+Ancient+Jomon+of+Japan.+Cambridge%3A+Cambridge+University+Press.,scholar_search,ch4-n33
R100,Hall 1997,"Hall, Robert L. 1997. An Archaeology of the Soul: North American Indian Belief and Ritual. Chicago: University of Illinois Press.",https://scholar.google.com/scholar?q=Hall%2C+Robert+L.+1997.+An+Archaeology+of+the+Soul%3A+North+American+Indian+Belief+and+Ritual.+Chicago%3A+University+of+Illinois+Press.,scholar_search,ch11-n61
R101,Hassig 2001,"Hassig, Ross. 2001. ‘Xicotencatl: rethinking an indigenous Mexican hero.’ Estudios de cultura náhuatl 32: 29–49.",https://scholar.google.com/scholar?q=Hassig%2C+Ross.+2001.+%E2%80%98Xicotencatl%3A+rethinking+an+indigenous+Mexican+hero.%E2%80%99+Estudios+de+cultura+n%C3%A1huatl+32%3A+29%E2%80%9349.,scholar_search,ch9-n54 | ch9-n56
R102,He 2018,"He, Nu. 2018. ‘Taosi: an archaeological example of urbanization as a political center in prehistoric China.’ Archaeological Research in Asia 14: 20–32.",https://doi.org/10.1016/j.ara.2017.03.001,doi,ch8-n113
R103,Headrick 2007,"Headrick, Annabeth. 2007. The Teotihuacan Trinity: The Sociopolitical Structure of an Ancient Mesoamerican City. Austin: University of Texas Press.",https://scholar.google.com/scholar?q=Headrick%2C+Annabeth.+2007.+The+Teotihuacan+Trinity%3A+The+Sociopolitical+Structure+of+an+Ancient+Mesoamerican+City.+Austin%3A+University+of+Texas+Press.,scholar_search,ch9-n7 | ch9-n8
R104,Henige 1999,"Henige, David. 1999. ‘Can a myth be astronomically dated?’ American Indian Culture and Research Journal 23 (4): 127–57.",https://doi.org/10.17953/aicr.23.4.f7l127282718051x,doi,ch11-n75
R105,Hodder 2003,"Hodder, Ian. 2003. ‘The lady and the seed: some thoughts on the role of agriculture in the Neolithic Revolution.’ In Mehmet Özdoğan, Harald Hauptmann and Nezih Başgelen (eds), From Villages to Cities: Early Villages in the Near East – Studies Presented to Ufuk Esin. Istanbul: Arkeoloji ve Sanat Yayinlari, pp. 155–61.",https://scholar.google.com/scholar?q=Hodder%2C+Ian.+2003.+%E2%80%98The+lady+and+the+seed%3A+some+thoughts+on+the+role+of+agriculture+in+the+Neolithic+Revolution.%E2%80%99+In+Mehmet+%C3%96zdo%C4%9Fan%2C+Harald+Hauptmann+and+Nezih+Ba%C5%9Fgelen+%28eds%29%2C+From+Villages+to+Cities%3A+Early+Villages+in+the+Near+East+%E2%80%93+Studies+Presented+to+Ufuk+Esin.+Istanbul%3A+Arkeoloji+ve+Sanat+Yayinlari%2C+pp.+155%E2%80%9361.,scholar_search,ch6-n11
R106,Hodder 2006,"Hodder, Ian. 2006. Çatalhöyük. The Leopard’s Tale. Revealing the Mysteries of Turkey’s Ancient ‘Town’. London: Thames and Hudson.",https://scholar.google.com/scholar?q=Hodder%2C+Ian.+2006.+%C3%87atalh%C3%B6y%C3%BCk.+The+Leopard%E2%80%99s+Tale.+Revealing+the+Mysteries+of+Turkey%E2%80%99s+Ancient+%E2%80%98Town%E2%80%99.+London%3A+Thames+and+Hudson.,scholar_search,ch6-n13 | ch6-n5 | ch6-n6
R107,Holt 2009,"Holt, Julie Zimmerman. 2009. ‘Rethinking the Ramey state: was Cahokia the center of a theater state?’ American Antiquity 74 (2): 231–54.",https://doi.org/10.1017/s0002731600048587,doi,ch11-n45
R108,Hudson 2018,"Hudson, Michael. 2018. And Forgive Them Their Debts: Lending, Foreclosure, and Redemption from Bronze Age Finance to the Jubilee Year. Dresden: ISLET-Verlag.",https://scholar.google.com/scholar?q=Hudson%2C+Michael.+2018.+And+Forgive+Them+Their+Debts%3A+Lending%2C+Foreclosure%2C+and+Redemption+from+Bronze+Age+Finance+to+the+Jubilee+Year.+Dresden%3A+ISLET-Verlag.,scholar_search,ch10-n131 | ch8-n48
R109,Iakovleva 2015,"Iakovleva, Lioudmila. 2015. ‘The architecture of mammoth bone circular dwellings of the Upper Palaeolithic settlements in Central and Eastern Europe and their socio-symbolic meanings.’ Quaternary International 359–60: 324–34.",https://doi.org/10.1016/j.quaint.2014.08.050,doi,ch3-n28
R110,Isaac 1983,"Isaac, Barry. L. 1983. ‘The Aztec “Flowery War”: a geopolitical explanation.’ Journal of Anthropological Research 39 (4): 415–32.",https://doi.org/10.1086/jar.39.4.3629865,doi,ch9-n46
R111,Isbell 2008,"Isbell, William H. 2008. ‘Wari and Tiwanaku: international identities in the Central Andean Middle Horizon.’ In H. Silverman and W. H. Isbell (eds), The Handbook of South American Archaeology. New York: Springer, pp. 731–59.",https://doi.org/10.1007/978-0-387-74907-5_37,doi,ch10-n47 | ch10-n48 | ch10-n49 | ch10-n50
R112,Jacobs 1995,"Jacobs, Ken. 1995. ‘Returning to Oleni’ ostrov: social, economic, and skeletal dimensions of a Boreal Forest Mesolithic cemetery.’ Journal of Anthropological Archaeology 14 (4): 359–403.",https://scholar.google.com/scholar?q=Jacobs%2C+Ken.+1995.+%E2%80%98Returning+to+Oleni%E2%80%99+ostrov%3A+social%2C+economic%2C+and+skeletal+dimensions+of+a+Boreal+Forest+Mesolithic+cemetery.%E2%80%99+Journal+of+Anthropological+Archaeology+14+%284%29%3A+359%E2%80%93403.,scholar_search,ch4-n34
R113,Jansen 1993,"Jansen, Michael. 1993. ‘Mohenjo-daro, type site of the earliest urbanization process in South Asia; ten years of research at Mohenjo-daro Pakistan and an attempt at a synopsis.’ In A. Parpola and P. Koskikallio (eds), South Asian Archaeology. Helsinki: Suomalainen Tiedeakatemia, pp. 263–80.",https://scholar.google.com/scholar?q=Jansen%2C+Michael.+1993.+%E2%80%98Mohenjo-daro%2C+type+site+of+the+earliest+urbanization+process+in+South+Asia%3B+ten+years+of+research+at+Mohenjo-daro+Pakistan+and+an+attempt+at+a+synopsis.%E2%80%99+In+A.+Parpola+and+P.+Koskikallio+%28eds%29%2C+South+Asian+Archaeology.+Helsinki%3A+Suomalainen+Tiedeakatemia%2C+pp.+263%E2%80%9380.,scholar_search,ch8-n88
R114,Karahashi 2016,"Karahashi, Fumi. 2016. ‘Women and land in the Presargonic Lagaš Corpus.’ In B. Lyon and C. Michel (eds), The Role of Women in Work and Society in the Ancient Near East. Boston and Berlin: De Gruyter, pp. 57–70.",https://doi.org/10.1515/9781614519089-006,doi,ch8-n49
R115,Kehoe 2007,"Kehoe, Alice Beck. 2007. ‘Osage texts and Cahokia data.’ In F. Kent Reilly III and James F. Garber (eds), Ancient Objects and Sacred Realms: Interpretations of Mississippian Iconography. Austin: University of Texas Press, pp. 246–62.",https://doi.org/10.7560/713475-012,doi,ch11-n61
R116,Kelly 2008,"Kelly, John E. 2008. ‘Contemplating Cahokia’s collapse.’ In Jim A. Railey and Richard Martin Reycraft (eds), Global Perspectives on the Collapse of Complex Systems. Anthropological Papers no. 8. Albuquerque: Maxwell Museum of Anthropology.",https://scholar.google.com/scholar?q=Kelly%2C+John+E.+2008.+%E2%80%98Contemplating+Cahokia%E2%80%99s+collapse.%E2%80%99+In+Jim+A.+Railey+and+Richard+Martin+Reycraft+%28eds%29%2C+Global+Perspectives+on+the+Collapse+of+Complex+Systems.+Anthropological+Papers+no.+8.+Albuquerque%3A+Maxwell+Museum+of+Anthropology.,scholar_search,ch11-n43
R117,Kemp 2006,"Kemp, Barry. 2006. Ancient Egypt: Anatomy of a Civilization (2nd edn). London: Routledge.",https://scholar.google.com/scholar?q=Kemp%2C+Barry.+2006.+Ancient+Egypt%3A+Anatomy+of+a+Civilization+%282nd+edn%29.+London%3A+Routledge.,scholar_search,ch10-n85
R118,Kenoyer 1998,"Kenoyer, J. M. 1998. Ancient Cities of the Indus Valley. Karachi: Oxford University Press.",https://scholar.google.com/scholar?q=Kenoyer%2C+J.+M.+1998.+Ancient+Cities+of+the+Indus+Valley.+Karachi%3A+Oxford+University+Press.,scholar_search,ch8-n85
R119,King 2003,"King, Adam. 2003. Etowah: The Political History of a Chiefdom Capital. Tuscaloosa: University of Alabama Press.",https://scholar.google.com/scholar?q=King%2C+Adam.+2003.+Etowah%3A+The+Political+History+of+a+Chiefdom+Capital.+Tuscaloosa%3A+University+of+Alabama+Press.,scholar_search,ch11-n49 | ch11-n50
R120,Kirch 1990,"Kirch, Patrick V. 1990. ‘Specialization and exchange in the Lapita Complex of Oceania (1600–500 B.C.).’ Asian Perspectives 29 (2): 117–33.",https://scholar.google.com/scholar?q=Kirch%2C+Patrick+V.+1990.+%E2%80%98Specialization+and+exchange+in+the+Lapita+Complex+of+Oceania+%281600%E2%80%93500+B.C.%29.%E2%80%99+Asian+Perspectives+29+%282%29%3A+117%E2%80%9333.,scholar_search,ch7-n34
R121,Knight 1986,"Knight, Vernon J. Jr. 1986. ‘The institutional organization of Mississippian religion.’ American Antiquity 51: 675–87.",https://doi.org/10.2307/280859,doi,ch11-n41
R122,Knight 2001,"Knight, Vernon J. Jr. 2001. ‘Feasting and the emergence of platform mound ceremonialism in Eastern North America.’ In Michael Dietler and Brian Hayden (eds), Feasts: Archaeological and Ethnographic Perspectives on Food, Politics and Power. Washington: Smithsonian Institution Press, pp. 311–33.",https://scholar.google.com/scholar?q=Knight%2C+Vernon+J.+Jr.+2001.+%E2%80%98Feasting+and+the+emergence+of+platform+mound+ceremonialism+in+Eastern+North+America.%E2%80%99+In+Michael+Dietler+and+Brian+Hayden+%28eds%29%2C+Feasts%3A+Archaeological+and+Ethnographic+Perspectives+on+Food%2C+Politics+and+Power.+Washington%3A+Smithsonian+Institution+Press%2C+pp.+311%E2%80%9333.,scholar_search,ch11-n14
R123,Kobayashi 2004,"Kobayashi, Tatsuo. 2004. Jomon Reflections: Forager Life and Culture in the Prehistoric Japanese Archipelago. Oxford: Oxbow.",https://scholar.google.com/scholar?q=Kobayashi%2C+Tatsuo.+2004.+Jomon+Reflections%3A+Forager+Life+and+Culture+in+the+Prehistoric+Japanese+Archipelago.+Oxford%3A+Oxbow.,scholar_search,ch4-n33
R124,Kolata 1992,"Kolata, Alan. 1992. ‘In the realm of the Four Quarters.’ In Alvin M. Josephy (ed.), America in 1492. New York: Knopf, pp. 215–47.",https://scholar.google.com/scholar?q=Kolata%2C+Alan.+1992.+%E2%80%98In+the+realm+of+the+Four+Quarters.%E2%80%99+In+Alvin+M.+Josephy+%28ed.%29%2C+America+in+1492.+New+York%3A+Knopf%2C+pp.+215%E2%80%9347.,scholar_search,ch10-n17
R125,Kononenko 2016,"Kononenko, Nina et al. 2016. ‘Detecting early tattooing in the Pacific region through experimental usewear and residue analyses of obsidian tools.’ Journal of Archaeological Science, Reports 8: 147–63.",https://doi.org/10.1016/j.jasrep.2016.05.041,doi,ch7-n34
R126,Kowaleski 2003,"Kowaleski, Jeff. 2003. ‘Evidence for the functions and meanings of some northern Maya palaces.’ In J. J. Christie (ed.), Maya Palaces and Elite Residences. Austin: University of Texas Press, pp. 204–52.",https://scholar.google.com/scholar?q=Kowaleski%2C+Jeff.+2003.+%E2%80%98Evidence+for+the+functions+and+meanings+of+some+northern+Maya+palaces.%E2%80%99+In+J.+J.+Christie+%28ed.%29%2C+Maya+Palaces+and+Elite+Residences.+Austin%3A+University+of+Texas+Press%2C+pp.+204%E2%80%9352.,scholar_search,ch10-n27 | ch10-n28 | ch10-n29
R127,Kuijt 1996,"Kuijt, Ian. 1996. ‘Negotiating equality through ritual: a consideration of Late Natufian and Prepottery Neolithic A period mortuary practices.’ Journal of Anthropological Archaeology 15: 313–36.",https://doi.org/10.1006/jaar.1996.0012,doi,ch6-n63
R128,Lang 2013,"Lang, Caroline et al. 2013. ‘Gazelle behaviour and human presence at early Neolithic Göbekli Tepe, south-east Anatolia.’ World Archaeology 45: 410–29.",https://doi.org/10.1080/00438243.2013.820648,doi,ch3-n39
R129,Larsson 1990,"Larsson, Lars. 1990. ‘The Mesolithic of southern Scandinavia.’ Journal of World Prehistory 4 (3): 257–309.",https://doi.org/10.1007/bf00974882,doi,ch4-n48
R130,Lattimore 1962,"Lattimore, Owen. 1962. Studies in Frontier History. Collected Papers 1929– 58. London: Oxford University Press.",https://scholar.google.com/scholar?q=Lattimore%2C+Owen.+1962.+Studies+in+Frontier+History.+Collected+Papers+1929%E2%80%93+58.+London%3A+Oxford+University+Press.,scholar_search,ch10-n110
R131,Lehner 2015,"Lehner, Mark. 2015. ‘Labor and the pyramids. The Heit el-Ghurab “workers town” at Giza.’ In Steinkeller and Hudson (eds), pp. 397–522.",https://scholar.google.com/scholar?q=Lehner%2C+Mark.+2015.+%E2%80%98Labor+and+the+pyramids.+The+Heit+el-Ghurab+%E2%80%9Cworkers+town%E2%80%9D+at+Giza.%E2%80%99+In+Steinkeller+and+Hudson+%28eds%29%2C+pp.+397%E2%80%93522.,scholar_search,ch10-n92 | ch10-n93 | ch10-n94
R132,Lincoln 1994,"Lincoln, Charles K. 1994. ‘Structural and philological evidence for divine kingship at Chichén Itzá, Yucatan, México.’ In Hanns J. Prem (ed.), Hidden Among the Hills. Acta Mesoamericana, vol. 7. Möckmühl: Verlag von Flemming, pp. 164–96.",https://scholar.google.com/scholar?q=Lincoln%2C+Charles+K.+1994.+%E2%80%98Structural+and+philological+evidence+for+divine+kingship+at+Chich%C3%A9n+Itz%C3%A1%2C+Yucatan%2C+M%C3%A9xico.%E2%80%99+In+Hanns+J.+Prem+%28ed.%29%2C+Hidden+Among+the+Hills.+Acta+Mesoamericana%2C+vol.+7.+M%C3%B6ckm%C3%BChl%3A+Verlag+von+Flemming%2C+pp.+164%E2%80%9396.,scholar_search,ch10-n27 | ch10-n28 | ch10-n29
R133,Liverani 1998,"Liverani, Mario (ed. and transl. Z. Bahrani and M. Van De Mieroop). 1998. Uruk. The First City. Sheffield: Equinox.",https://scholar.google.com/scholar?q=Liverani%2C+Mario+%28ed.+and+transl.+Z.+Bahrani+and+M.+Van+De+Mieroop%29.+1998.+Uruk.+The+First+City.+Sheffield%3A+Equinox.,scholar_search,ch8-n70
R134,Lockhart 1985,"Lockhart, James. 1985. ‘Some Nahua concepts in postconquest guise.’ History of European Ideas 6 (4): 465–82.",https://doi.org/10.1016/0191-6599(85)90086-5,doi,ch9-n48 | ch9-n58
R135,Lorenz 1997,"Lorenz, Karl G. 1997. ‘A re-examination of Natchez sociopolitical complexity: a view from the grand village and beyond.’ Southeastern Archaeology 16 (2): 97–112.",https://scholar.google.com/scholar?q=Lorenz%2C+Karl+G.+1997.+%E2%80%98A+re-examination+of+Natchez+sociopolitical+complexity%3A+a+view+from+the+grand+village+and+beyond.%E2%80%99+Southeastern+Archaeology+16+%282%29%3A+97%E2%80%93112.,scholar_search,ch10-n59
R136,Lowie 1928,"Lowie, Robert H. 1928. ‘Incorporeal property in primitive society.’ Yale Law Journal 37 (5): 551–63.",https://doi.org/10.2307/790747,doi,ch4-n28
R137,Lévi-Strauss 1987,"Lévi-Strauss, Claude. 1987. Anthropology and Myth: Lectures 1951–1982. Oxford: Blackwell.",https://scholar.google.com/scholar?q=L%C3%A9vi-Strauss%2C+Claude.+1987.+Anthropology+and+Myth%3A+Lectures+1951%E2%80%931982.+Oxford%3A+Blackwell.,scholar_search,ch10-n1
R138,MacLeod 1928,"MacLeod, William C. 1928. ‘Economic aspects of indigenous American slavery.’ American Anthropologist 30 (4): 632–50.",https://scholar.google.com/scholar?q=MacLeod%2C+William+C.+1928.+%E2%80%98Economic+aspects+of+indigenous+American+slavery.%E2%80%99+American+Anthropologist+30+%284%29%3A+632%E2%80%9350.,scholar_search,ch5-n60
R139,Madgwick 2019,"Madgwick, Richard et al. 2019. ‘Multi-isotope analysis reveals that feasts in the Stonehenge environs and across Wessex drew people and animals from throughout Britain.’ Science Advances 5 (3): eaau6078.",https://doi.org/10.1126/sciadv.aau6078,doi,ch3-n42
R140,Mann 2000,"Mann, Barbara Alice. 2000. Iroquoian Women: The Gantowisas. New York: Peter Lang.",https://scholar.google.com/scholar?q=Mann%2C+Barbara+Alice.+2000.+Iroquoian+Women%3A+The+Gantowisas.+New+York%3A+Peter+Lang.,scholar_search,ch11-n76
R141,Mann 2005,"Mann, Charles C. 2005. 1491: The Americas before Columbus. London: Granta.",https://scholar.google.com/scholar?q=Mann%2C+Charles+C.+2005.+1491%3A+The+Americas+before+Columbus.+London%3A+Granta.,scholar_search,ch9-n43
R142,Manzanilla 1993,"Manzanilla, Linda R. 1993. ‘Daily life in Teotihuacan apartment compounds.’ In Berrin and Pasztory (eds), pp. 90–99.",https://scholar.google.com/scholar?q=Manzanilla%2C+Linda+R.+1993.+%E2%80%98Daily+life+in+Teotihuacan+apartment+compounds.%E2%80%99+In+Berrin+and+Pasztory+%28eds%29%2C+pp.+90%E2%80%9399.,scholar_search,ch9-n34 | ch9-n35
R143,Manzanilla 2015,"Manzanilla, Linda R. 2015. ‘Cooperation and tensions in multi-ethnic corporate societies using Teotihuacan, Central Mexico, as a case study.’ Proceedings of the National Academy of Sciences 112 (30): 9210–15.",https://doi.org/10.1073/pnas.1419881112,doi,ch9-n7 | ch9-n8
R144,Manzanilla 2017,"Manzanilla, Linda R. 2017. ‘Discussion: the subsistence of the Teotihuacan metropolis.’ Archaeological and Anthropological Sciences 9: 133–40.",https://doi.org/10.1007/s12520-016-0418-9,doi,ch9-n22 | ch9-n24
R145,Marchesi 2004,"Marchesi, Gianni. 2004. ‘Who was buried in the royal tombs of Ur? The epigraphic and textual data.’ Orientalia 73 (2): 153–97.",https://scholar.google.com/scholar?q=Marchesi%2C+Gianni.+2004.+%E2%80%98Who+was+buried+in+the+royal+tombs+of+Ur%3F+The+epigraphic+and+textual+data.%E2%80%99+Orientalia+73+%282%29%3A+153%E2%80%9397.,scholar_search,ch10-n72
R146,Martin 2001,"Martin, Simon. 2001. ‘The power in the west: the Maya and Teotihuacan.’ In Grube et al. (eds), pp. 98–113.",https://scholar.google.com/scholar?q=Martin%2C+Simon.+2001.+%E2%80%98The+power+in+the+west%3A+the+Maya+and+Teotihuacan.%E2%80%99+In+Grube+et+al.+%28eds%29%2C+pp.+98%E2%80%93113.,scholar_search,ch9-n15
R147,Martin 2020,"Martin, Simon. 2020. Ancient Maya Politics: A Political Anthropology of the Classic Period 150–900 CE. Cambridge: Cambridge University Press.",https://scholar.google.com/scholar?q=Martin%2C+Simon.+2020.+Ancient+Maya+Politics%3A+A+Political+Anthropology+of+the+Classic+Period+150%E2%80%93900+CE.+Cambridge%3A+Cambridge+University+Press.,scholar_search,ch10-n24 | ch10-n25
R148,Matthews 2005,"Matthews, Wendy. 2005. ‘Micromorphological and microstratigraphic traces of uses and concepts of space.’ In Ian Hodder (ed.), Inhabiting Çatalhöyük: Reports from the 1995–1999 Seasons. Cambridge: McDonald Institute for Archaeological Research, British Institute of Archaeology at Ankara, pp. 355–98.",https://scholar.google.com/scholar?q=Matthews%2C+Wendy.+2005.+%E2%80%98Micromorphological+and+microstratigraphic+traces+of+uses+and+concepts+of+space.%E2%80%99+In+Ian+Hodder+%28ed.%29%2C+Inhabiting+%C3%87atalh%C3%B6y%C3%BCk%3A+Reports+from+the+1995%E2%80%931999+Seasons.+Cambridge%3A+McDonald+Institute+for+Archaeological+Research%2C+British+Institute+of+Archaeology+at+Ankara%2C+pp.+355%E2%80%9398.,scholar_search,ch6-n15 | ch6-n16
R149,Mellaart 1967,"Mellaart, James. 1967. Çatal Hüyük: A Neolithic Town in Anatolia. London: Thames and Hudson.",https://scholar.google.com/scholar?q=Mellaart%2C+James.+1967.+%C3%87atal+H%C3%BCy%C3%BCk%3A+A+Neolithic+Town+in+Anatolia.+London%3A+Thames+and+Hudson.,scholar_search,ch6-n4
R150,Merrick 1991,"Merrick, Jeffrey. 1991. ‘Patriarchalism and constitutionalism in eighteenth-century parliamentary discourse.’ Studies in Eighteenth-Century Culture 20: 317–30.",https://doi.org/10.1353/sec.2010.0106,doi,ch12-n14
R151,Meskell 2008,"Meskell, Lynn, Carolyn Nakamura, Rachel King and Shahina Farid. 2008. ‘Figured lifeworlds and depositional practices at Çatalhöyük.’ Cambridge Archaeological Journal 18 (2): 139–61.",https://doi.org/10.1017/s095977430800022x,doi,ch6-n5 | ch6-n6
R152,Mieroop 1989,"Mieroop, Marc Van De. 1989. ‘Women in the economy of Sumer.’ In B. S. Lesko (ed.), Women’s Earliest Records: Western Asia and Egypt. Atlanta, GA: Scholars Press, pp. 53–66.",https://scholar.google.com/scholar?q=Mieroop%2C+Marc+Van+De.+1989.+%E2%80%98Women+in+the+economy+of+Sumer.%E2%80%99+In+B.+S.+Lesko+%28ed.%29%2C+Women%E2%80%99s+Earliest+Records%3A+Western+Asia+and+Egypt.+Atlanta%2C+GA%3A+Scholars+Press%2C+pp.+53%E2%80%9366.,scholar_search,ch8-n49
R153,Mieroop 1999,"Mieroop, Marc Van De. 1999. ‘The government of an ancient Mesopotamian city: what we know and why we know so little.’ In K. Watanabe (ed.), Priests and Officials in the Ancient Near East. Heidelberg: Universitätsverlag C. Winter, pp. 139–61.",https://scholar.google.com/scholar?q=Mieroop%2C+Marc+Van+De.+1999.+%E2%80%98The+government+of+an+ancient+Mesopotamian+city%3A+what+we+know+and+why+we+know+so+little.%E2%80%99+In+K.+Watanabe+%28ed.%29%2C+Priests+and+Officials+in+the+Ancient+Near+East.+Heidelberg%3A+Universit%C3%A4tsverlag+C.+Winter%2C+pp.+139%E2%80%9361.,scholar_search,ch8-n56 | ch8-n57
R154,Mieroop 2013,"Mieroop, Marc Van De. 2013. ‘Democracy and the rule of law, the assembly, and the first law code.’ In Crawford (ed.), pp. 277–89.",https://doi.org/10.4324/9780203096604.ch13,doi,ch8-n74
R155,Millon 1964,"Millon, René. 1964. ‘The Teotihuacan mapping project.’ American Antiquity 29 (3): 345–52.",https://doi.org/10.2307/277873,doi,ch9-n20
R156,Millon 1976,"Millon, René. 1976. ‘Social relations at ancient Teotihuacan.’ In E. Wolf (ed.), The Valley of Mexico: Studies in Pre-Hispanic Ecology and Society. Albuquerque: University of New Mexico Press, pp. 205–48.",https://scholar.google.com/scholar?q=Millon%2C+Ren%C3%A9.+1976.+%E2%80%98Social+relations+at+ancient+Teotihuacan.%E2%80%99+In+E.+Wolf+%28ed.%29%2C+The+Valley+of+Mexico%3A+Studies+in+Pre-Hispanic+Ecology+and+Society.+Albuquerque%3A+University+of+New+Mexico+Press%2C+pp.+205%E2%80%9348.,scholar_search,ch9-n13 | ch9-n34 | ch9-n35
R157,Milner 1998,"Milner, George R. 1998. The Cahokia Chiefdom: The Archaeology of a Mississippian Society. Washington: Smithsonian Institution Press.",https://scholar.google.com/scholar?q=Milner%2C+George+R.+1998.+The+Cahokia+Chiefdom%3A+The+Archaeology+of+a+Mississippian+Society.+Washington%3A+Smithsonian+Institution+Press.,scholar_search,ch11-n34 | ch11-n45
R158,Milner 2013,"Milner, George R., George Chaplin and Emily Zavodny. 2013. ‘Conflict and societal change in Late Prehistoric Eastern North America.’ Evolutionary Anthropology 22 (3): 96–102.",https://doi.org/10.1002/evan.21351,doi,ch12-n12
R159,Mitchell 1985,"Mitchell, Donald. 1985. ‘A demographic profile of Northwest Coast slavery.’ In M. Thompson, M. T. Garcia and F. J. Kense (eds), Status, Structure and Stratification: Current Archaeological Reconstructions. Calgary, Alberta: Archaeological Association of the University of Calgary, pp. 227–36.",https://scholar.google.com/scholar?q=Mitchell%2C+Donald.+1985.+%E2%80%98A+demographic+profile+of+Northwest+Coast+slavery.%E2%80%99+In+M.+Thompson%2C+M.+T.+Garcia+and+F.+J.+Kense+%28eds%29%2C+Status%2C+Structure+and+Stratification%3A+Current+Archaeological+Reconstructions.+Calgary%2C+Alberta%3A+Archaeological+Association+of+the+University+of+Calgary%2C+pp.+227%E2%80%9336.,scholar_search,ch5-n60
R160,Mittnik 2016,"Mittnik, Alissa et al. 2016. ‘A molecular approach to the sexing of the triple burial at the Upper Paleolithic site of Dolní Věstonice.’ PLoS ONE 11 (10): e0163019.",https://doi.org/10.1371/journal.pone.0163019,doi,ch3-n22 | ch3-n23
R161,Moorey 1964,"Moorey, P. R. S. 1964. ‘The “Plano-Convex Building” at Kish and Early Mesopotamian Palaces.’ Iraq 26 (2): 83–98.",https://doi.org/10.2307/4199767,doi,ch8-n65
R162,Moorey 1977,"Moorey, P. R. S. 1977. ‘What do we know about the people buried in the royal cemetery?’ Expedition 20 (1): 24–40.",https://scholar.google.com/scholar?q=Moorey%2C+P.+R.+S.+1977.+%E2%80%98What+do+we+know+about+the+people+buried+in+the+royal+cemetery%3F%E2%80%99+Expedition+20+%281%29%3A+24%E2%80%9340.,scholar_search,ch10-n72
R163,Morris 2007,"Morris, Ellen. 2007. ‘Sacrifice for the state: First Dynasty royal funerals and the rites at Macramallah’s triangle.’ In Nicola Laneri (ed.), Performing Death: Social Analysis of Funerary Traditions in the Ancient Near East and Mediterranean. Chicago: Oriental Institute of Chicago, pp. 15–38.",https://scholar.google.com/scholar?q=Morris%2C+Ellen.+2007.+%E2%80%98Sacrifice+for+the+state%3A+First+Dynasty+royal+funerals+and+the+rites+at+Macramallah%E2%80%99s+triangle.%E2%80%99+In+Nicola+Laneri+%28ed.%29%2C+Performing+Death%3A+Social+Analysis+of+Funerary+Traditions+in+the+Ancient+Near+East+and+Mediterranean.+Chicago%3A+Oriental+Institute+of+Chicago%2C+pp.+15%E2%80%9338.,scholar_search,ch10-n70 | ch10-n71 | ch10-n75 | ch10-n76
R164,Murra 1956,"Murra, John Victor. 1956. The Economic Organization of the Inca State. Chicago: Department of Anthropology. PhD dissertation, republished as The Economic Organization of the Inka State by JAI Press, Stamford, CT 1980).",https://scholar.google.com/scholar?q=Murra%2C+John+Victor.+1956.+The+Economic+Organization+of+the+Inca+State.+Chicago%3A+Department+of+Anthropology.+PhD+dissertation%2C+republished+as+The+Economic+Organization+of+the+Inka+State+by+JAI+Press%2C+Stamford%2C+CT+1980%29.,scholar_search,ch10-n15
R165,Murra 1982,"Murra, John Victor. 1982. ‘The Mit’a obligations of ethnic groups to the Inka state.’ In G. Collier, R. Rosaldo and J. Wirth (eds), The Inca and Aztec States, 1400–1800. New York: Academic Press, pp. 237–62.",https://scholar.google.com/scholar?q=Murra%2C+John+Victor.+1982.+%E2%80%98The+Mit%E2%80%99a+obligations+of+ethnic+groups+to+the+Inka+state.%E2%80%99+In+G.+Collier%2C+R.+Rosaldo+and+J.+Wirth+%28eds%29%2C+The+Inca+and+Aztec+States%2C+1400%E2%80%931800.+New+York%3A+Academic+Press%2C+pp.+237%E2%80%9362.,scholar_search,ch10-n14
R166,Müller 2016,"Müller, Johannes. 2016. ‘Human structure, social space: what we can learn from Trypyllia.’ In Müller et al. (eds), pp. 301–4.",https://scholar.google.com/scholar?q=M%C3%BCller%2C+Johannes.+2016.+%E2%80%98Human+structure%2C+social+space%3A+what+we+can+learn+from+Trypyllia.%E2%80%99+In+M%C3%BCller+et+al.+%28eds%29%2C+pp.+301%E2%80%934.,scholar_search,ch8-n26 | ch8-n27 | ch8-n29
R167,Nash 1978,"Nash, June. 1978. ‘The Aztecs and the ideology of male dominance.’ Signs 4 (2): 349–62.",https://doi.org/10.1086/493612,doi,ch10-n8 | ch10-n9
R168,Neitzel 1965,"Neitzel, Robert S. 1965. Archaeology of the Fatherland Site: The Grand Village of the Natchez. New York: American Museum of Natural History.",https://scholar.google.com/scholar?q=Neitzel%2C+Robert+S.+1965.+Archaeology+of+the+Fatherland+Site%3A+The+Grand+Village+of+the+Natchez.+New+York%3A+American+Museum+of+Natural+History.,scholar_search,ch10-n68 | ch10-n69
R169,Nichols 2016,"Nichols, Deborah L. 2016. ‘Teotihuacan.’ Journal of Archaeological Research 24: 1–74.",https://doi.org/10.1007/s10814-015-9085-0,doi,ch9-n21
R170,Nissen 2002,"Nissen, Hans. 2002. ‘Uruk: key site of the period and key site of the problem.’ In N. Postgate (ed.), Artefacts of Complexity: Tracking the Uruk in the Near East. London: British School of Archaeology in Iraq, pp. 1–16.",https://scholar.google.com/scholar?q=Nissen%2C+Hans.+2002.+%E2%80%98Uruk%3A+key+site+of+the+period+and+key+site+of+the+problem.%E2%80%99+In+N.+Postgate+%28ed.%29%2C+Artefacts+of+Complexity%3A+Tracking+the+Uruk+in+the+Near+East.+London%3A+British+School+of+Archaeology+in+Iraq%2C+pp.+1%E2%80%9316.,scholar_search,ch8-n63 | ch8-n64 | ch8-n65
R171,Notroff 2016,"Notroff, Jens, Oliver Dietrich and Klaus Schmidt. 2016. ‘Gathering of the dead? The early Neolithic sanctuaries at Göbekli Tepe, southeastern Turkey.’ In Colin Renfrew, Michael J. Boyd and Iain Morley (eds), Death Rituals, Social Order, and the Archaeology of Immortality in the Ancient World. Cambridge: Cambridge University Press, pp. 65–81.",https://doi.org/10.1017/cbo9781316014509.006,doi,ch6-n54
R172,Nuttall 1921,"Nuttall, Zelia. 1921. ‘Francisco Cervantes de Salazar. Biographical notes.’ Journal de la Société des Américanistes 13 (1): 59–90.",https://doi.org/10.3406/jsa.1921.2905,doi,ch9-n50
R173,Oates 2007,"Oates, Joan et al. 2007. ‘Early Mesopotamian urbanism: a new view from the north.’ Antiquity 81 (313): 585–600.",https://doi.org/10.1017/s0003598x00095600,doi,ch8-n41
R174,Ohlrau 2016,"Ohlrau, René et al. 2016. ‘Living on the edge? Carrying capacities of Trypillian settlements in the Buh-Dnipro Interfluve.’ In Müller et al. (eds), 2016, pp. 207–20.",https://scholar.google.com/scholar?q=Ohlrau%2C+Ren%C3%A9+et+al.+2016.+%E2%80%98Living+on+the+edge%3F+Carrying+capacities+of+Trypillian+settlements+in+the+Buh-Dnipro+Interfluve.%E2%80%99+In+M%C3%BCller+et+al.+%28eds%29%2C+2016%2C+pp.+207%E2%80%9320.,scholar_search,ch8-n26 | ch8-n27 | ch8-n29
R175,Parker 1919,"Parker, Arthur C. 1919. The Life of General Ely S. Parker, Last Grand Sachem of the Iroquois and General Grant’s Military Secretary. Buffalo Historical Society Publications 23. Buffalo, NY: Buffalo Historical Society.",https://scholar.google.com/scholar?q=Parker%2C+Arthur+C.+1919.+The+Life+of+General+Ely+S.+Parker%2C+Last+Grand+Sachem+of+the+Iroquois+and+General+Grant%E2%80%99s+Military+Secretary.+Buffalo+Historical+Society+Publications+23.+Buffalo%2C+NY%3A+Buffalo+Historical+Society.,scholar_search,ch11-n83
R176,Pasztory 1988,"Pasztory, Esther. 1988. ‘A reinterpretation of Teotihuacan and its mural painting tradition.’ In Berrin (ed.), pp. 45–77.",https://scholar.google.com/scholar?q=Pasztory%2C+Esther.+1988.+%E2%80%98A+reinterpretation+of+Teotihuacan+and+its+mural+painting+tradition.%E2%80%99+In+Berrin+%28ed.%29%2C+pp.+45%E2%80%9377.,scholar_search,ch9-n12
R177,Pasztory 1992,"Pasztory, Esther. 1992. ‘Abstraction and the rise of a utopian state at Teotihuacan.’ In J. C. Berlo (ed.), Art, Ideology, and the City of Teotihuacan. Washington: Dumbarton Oaks Research Library and Collection, pp. 281–320.",https://scholar.google.com/scholar?q=Pasztory%2C+Esther.+1992.+%E2%80%98Abstraction+and+the+rise+of+a+utopian+state+at+Teotihuacan.%E2%80%99+In+J.+C.+Berlo+%28ed.%29%2C+Art%2C+Ideology%2C+and+the+City+of+Teotihuacan.+Washington%3A+Dumbarton+Oaks+Research+Library+and+Collection%2C+pp.+281%E2%80%93320.,scholar_search,ch9-n12 | ch9-n32
R178,Pasztory 1997,"Pasztory, Esther. 1997. Teotihuacan. An Experiment in Living. Norman: University of Oklahoma Press.",https://scholar.google.com/scholar?q=Pasztory%2C+Esther.+1997.+Teotihuacan.+An+Experiment+in+Living.+Norman%3A+University+of+Oklahoma+Press.,scholar_search,ch9-n25 | ch9-n26
R179,Pauketat 1994,"Pauketat, Timothy R. 1994. The Ascent of Chiefs: Cahokia and Mississippian Politics in Native North America. Tuscaloosa: University of Alabama Press.",https://scholar.google.com/scholar?q=Pauketat%2C+Timothy+R.+1994.+The+Ascent+of+Chiefs%3A+Cahokia+and+Mississippian+Politics+in+Native+North+America.+Tuscaloosa%3A+University+of+Alabama+Press.,scholar_search,ch11-n34
R180,Pauketat 2007,"Pauketat, Timothy R. 2007. Chiefdoms and Other Archaeological Delusions. Lanham, MD: AltaMira Press.",https://doi.org/10.5040/9798216418474,doi,ch11-n45
R181,Pauketat 2009,"Pauketat, Timothy R. 2009. Cahokia: Ancient America’s Great City on the Mississippi. Penguin Library of American Indian History. New York: Viking.",https://scholar.google.com/scholar?q=Pauketat%2C+Timothy+R.+2009.+Cahokia%3A+Ancient+America%E2%80%99s+Great+City+on+the+Mississippi.+Penguin+Library+of+American+Indian+History.+New+York%3A+Viking.,scholar_search,ch11-n10 | ch11-n32 | ch11-n33 | ch11-n34 | ch11-n41 | ch11-n9
R182,Pauketat 2013,"Pauketat, Timothy R. 2013. An Archaeology of the Cosmos: Rethinking Agency and Religion in Ancient Times. London: Routledge.",https://scholar.google.com/scholar?q=Pauketat%2C+Timothy+R.+2013.+An+Archaeology+of+the+Cosmos%3A+Rethinking+Agency+and+Religion+in+Ancient+Times.+London%3A+Routledge.,scholar_search,ch11-n46
R183,Pauketat 2015,"Pauketat, Timothy R., Susan M. Alt and Jeffery D. Kruchten. 2015. ‘City of earth and wood: New Cahokia and its material-historical implications.’ In Norman Yoffee (ed.), The Cambridge World History. Cambridge: Cambridge University Press, pp. 437–54.",https://doi.org/10.1017/cho9781139035606.027,doi,ch11-n35 | ch11-n36 | ch11-n37 | ch11-n38 | ch11-n40 | ch11-n47
R184,Paulinyi 1981,"Paulinyi, Zoltán. 1981. ‘Capitals in pre-Aztec Central Mexico.’ Acta Orientalia Academiae Scientiarum Hungaricae 35 (2/3): 315–50.",https://scholar.google.com/scholar?q=Paulinyi%2C+Zolt%C3%A1n.+1981.+%E2%80%98Capitals+in+pre-Aztec+Central+Mexico.%E2%80%99+Acta+Orientalia+Academiae+Scientiarum+Hungaricae+35+%282%2F3%29%3A+315%E2%80%9350.,scholar_search,ch9-n25 | ch9-n26 | ch9-n42
R185,Pearson 2012,"Parker Pearson, Mike (and the Stonehenge Riverside Project). 2012. Stonehenge: Exploring the Greatest Stone Age Mystery. London: Simon and Schuster.",https://scholar.google.com/scholar?q=Parker+Pearson%2C+Mike+%28and+the+Stonehenge+Riverside+Project%29.+2012.+Stonehenge%3A+Exploring+the+Greatest+Stone+Age+Mystery.+London%3A+Simon+and+Schuster.,scholar_search,ch3-n40
R186,Pearson 2013,"Pearson, Jessica et al. 2013. ‘Food and social complexity at Çayönü Tepesi, southeastern Anatolia: stable isotope evidence of differentiation in diet according to burial practice and sex in the early Neolithic.’ Journal of Anthropological Archaeology 32 (2): 180–89.",https://doi.org/10.1016/j.jaa.2013.01.002,doi,ch6-n58 | ch6-n59
R187,Pennock 2008,"Dodds Pennock, Caroline. 2008. Bonds of Blood: Gender, Lifecyle, and Sacrifice in Aztec Culture. New York: Palgrave Macmillan.",https://scholar.google.com/scholar?q=Dodds+Pennock%2C+Caroline.+2008.+Bonds+of+Blood%3A+Gender%2C+Lifecyle%2C+and+Sacrifice+in+Aztec+Culture.+New+York%3A+Palgrave+Macmillan.,scholar_search,ch10-n11
R188,Pennock 2017,"Dodds Pennock, Caroline. 2017. ‘Gender and Aztec life cycles.’ In D. L. Nichols and E. Rodríguez-Algería (eds), The Oxford Handbook of the Aztecs. Oxford: Oxford University Press, pp. 387–98.",https://doi.org/10.1093/oxfordhb/9780199341962.013.40,doi,ch10-n8 | ch10-n9
R189,Peters 2017,"Peters, Joris et al. 2017. ‘The emergence of livestock husbandry in Early Neolithic Anatolia.’ In U. Albarella et al. (eds), The Oxford Handbook of Zooarchaeology. Oxford: Oxford University Press, pp. 247–65.",https://doi.org/10.1093/oxfordhb/9780199686476.013.18,doi,ch6-n28 | ch6-n29
R190,Pettitt 2011,"Pettitt, Paul. 2011. The Palaeolithic Origins of Human Burial. London: Routledge.",https://doi.org/10.4324/9780203813300,doi,ch3-n22 | ch3-n23
R191,Possehl 1996,"Possehl, G. L. 1996. Indus Age: The Writing System. Philadelphia: University of Pennsylvania Press.",https://scholar.google.com/scholar?q=Possehl%2C+G.+L.+1996.+Indus+Age%3A+The+Writing+System.+Philadelphia%3A+University+of+Pennsylvania+Press.,scholar_search,ch8-n87
R192,Possehl 2002,"Possehl, G. L. 2002. The Indus Civilization: A Contemporary Perspective. Walnut Creek, CA: AltaMira Press.",https://scholar.google.com/scholar?q=Possehl%2C+G.+L.+2002.+The+Indus+Civilization%3A+A+Contemporary+Perspective.+Walnut+Creek%2C+CA%3A+AltaMira+Press.,scholar_search,ch8-n103 | ch8-n85 | ch8-n92
R193,Postgate 1992,"Postgate, Nicholas. 1992. Early Mesopotamia: Society and Economy at the Dawn of History. London: Routledge.",https://scholar.google.com/scholar?q=Postgate%2C+Nicholas.+1992.+Early+Mesopotamia%3A+Society+and+Economy+at+the+Dawn+of+History.+London%3A+Routledge.,scholar_search,ch8-n56 | ch8-n57
R194,Prendergast 2018,"Prendergast, Amy L., Alexander J. E. Pryor, Hazel Reade and Rhiannon E. Stevens. 2018. ‘Seasonal records of palaeoenvironmental change and resource use from archaeological assemblages.’ Journal of Archaeological Science: Reports 21.",https://doi.org/10.1016/j.jasrep.2018.08.006,doi,ch3-n38
R195,Pryor 2020,"Pryor, Alexander J. E. et al. 2020. ‘The chronology and function of a new circular mammoth-bone structure at Kostenki 11.’ Antiquity 94 (374): 323–41.",https://doi.org/10.15184/aqy.2020.7,doi,ch3-n28
R196,Quilter 2002,"Quilter, Jeffrey. 2002. ‘Moche politics, religion, and warfare.’ Journal of World Prehistory 16 (2): 145–95.",https://doi.org/10.1023/a:1019933420233,doi,ch10-n47 | ch10-n48 | ch10-n49 | ch10-n50
R197,Ratnagar 2004,"Ratnagar, Shereen. 2004. Trading Encounters: From the Euphrates to the Indus in the Bronze Age. New Delhi: Oxford University Press.",https://scholar.google.com/scholar?q=Ratnagar%2C+Shereen.+2004.+Trading+Encounters%3A+From+the+Euphrates+to+the+Indus+in+the+Bronze+Age.+New+Delhi%3A+Oxford+University+Press.,scholar_search,ch8-n86
R198,Ratnagar 2016,"Ratnagar, Shereen. 2016. Harappan Archaeology: Early State Perspectives. Delhi: Primus Books.",https://scholar.google.com/scholar?q=Ratnagar%2C+Shereen.+2016.+Harappan+Archaeology%3A+Early+State+Perspectives.+Delhi%3A+Primus+Books.,scholar_search,ch8-n85
R199,Redding 1998,"Redding, Richard W. 1998. ‘Ancestoral pigs: a New (Guinea) model for pig domestication in the Middle East.’ MASCA Research Papers in Science and Archaeology 15: 65–76.",https://scholar.google.com/scholar?q=Redding%2C+Richard+W.+1998.+%E2%80%98Ancestoral+pigs%3A+a+New+%28Guinea%29+model+for+pig+domestication+in+the+Middle+East.%E2%80%99+MASCA+Research+Papers+in+Science+and+Archaeology+15%3A+65%E2%80%9376.,scholar_search,ch7-n52
R200,Rehak 2002,"Rehak, Paul. 2002. ‘Imag(in)ing a women’s world in Bronze Age Greece.’ In Nancy Sorkin Rabinowitz and Lisa Auanger (eds), Among Women from the Homosocial to the Homoerotic in the Ancient World. Austin: University of Texas Press, pp. 34–59.",https://scholar.google.com/scholar?q=Rehak%2C+Paul.+2002.+%E2%80%98Imag%28in%29ing+a+women%E2%80%99s+world+in+Bronze+Age+Greece.%E2%80%99+In+Nancy+Sorkin+Rabinowitz+and+Lisa+Auanger+%28eds%29%2C+Among+Women+from+the+Homosocial+to+the+Homoerotic+in+the+Ancient+World.+Austin%3A+University+of+Texas+Press%2C+pp.+34%E2%80%9359.,scholar_search,ch10-n154
R201,Richardson 2012,"Richardson, Seth. 2012. ‘Early Mesopotamia: the presumptive state.’ Past and Present 215: 3–49.",https://doi.org/10.1093/pastj/gts009,doi,ch10-n134 | ch10-n5
R202,Ringle 2004,"Ringle, William A. 2004. ‘On the political organization of Chichen Itza.’ Ancient Mesoamerica 15: 167–218.",https://doi.org/10.1017/s0956536104040131,doi,ch10-n27 | ch10-n28 | ch10-n29
R203,Rissman 1988,"Rissman, Paul. 1988. ‘Public displays and private values: a guide to buried wealth in Harappan archaeology.’ World Archaeology 20: 209–28.",https://doi.org/10.1080/00438243.1988.9980068,doi,ch8-n90
R204,Ritchie 2016,"Ritchie, Morgan, Dana Lepofsky et al. 2016. ‘Beyond culture history: Coast Salish settlement patterning and demography in the Fraser Valley, bc.’ Journal of Anthropological Archaeology 43: 140–54.",https://doi.org/10.1016/j.jaa.2016.06.002,doi,ch4-n32
R205,Rodrigues 2005,"Rodrigues, Teresa. 2005. ‘Gender and social differentiation within the Turner Population, Ohio, as evidenced by activity-induced musculoskeletal stress markers.’ In Carr and Case (eds), pp. 405–27.",https://doi.org/10.1007/0-387-27327-1_10,doi,ch11-n23 | ch11-n24
R206,Roebroeks 2000,"Roebroeks, Wil et al. 2000. Hunters of the Golden Age: The Mid-Upper Palaeolithic of Eurasia 30,000–20,00 BP. Leiden: University of Leiden Press.",https://scholar.google.com/scholar?q=Roebroeks%2C+Wil+et+al.+2000.+Hunters+of+the+Golden+Age%3A+The+Mid-Upper+Palaeolithic+of+Eurasia+30%2C000%E2%80%9320%2C00+BP.+Leiden%3A+University+of+Leiden+Press.,scholar_search,ch3-n38
R207,Rosenwig 2010,"Rosenwig, Robert M. 2010. The Beginnings of Mesoamerican Civilization: Inter-Regional Interaction and the Olmec. Cambridge: Cambridge University Press.",https://scholar.google.com/scholar?q=Rosenwig%2C+Robert+M.+2010.+The+Beginnings+of+Mesoamerican+Civilization%3A+Inter-Regional+Interaction+and+the+Olmec.+Cambridge%3A+Cambridge+University+Press.,scholar_search,ch10-n40
R208,Rosenwig 2017,"Rosenwig, Robert M. 2017. ‘Olmec globalization: a Mesoamerican archipelago of complexity.’ In Tamar Hodos (ed.), The Routledge Handbook of Archaeology and Globalization. London: Routledge, pp. 177–93.",https://scholar.google.com/scholar?q=Rosenwig%2C+Robert+M.+2017.+%E2%80%98Olmec+globalization%3A+a+Mesoamerican+archipelago+of+complexity.%E2%80%99+In+Tamar+Hodos+%28ed.%29%2C+The+Routledge+Handbook+of+Archaeology+and+Globalization.+London%3A+Routledge%2C+pp.+177%E2%80%9393.,scholar_search,ch10-n39
R209,Roth 1991,"Roth, Anne Macy. 1991. Egyptian Phyles in the Old Kingdom: The Evolution of a System of Social Organization. Chicago: Oriental Institute.",https://scholar.google.com/scholar?q=Roth%2C+Anne+Macy.+1991.+Egyptian+Phyles+in+the+Old+Kingdom%3A+The+Evolution+of+a+System+of+Social+Organization.+Chicago%3A+Oriental+Institute.,scholar_search,ch10-n92 | ch10-n93 | ch10-n94
R210,Sahlins 2004,"Sahlins, Marshall. 2004. Apologies to Thucydides. Chicago: University of Chicago Press.",https://scholar.google.com/scholar?q=Sahlins%2C+Marshall.+2004.+Apologies+to+Thucydides.+Chicago%3A+University+of+Chicago+Press.,scholar_search,ch5-n22
R211,Sahlins 2017,"Sahlins, Marshall. 2017. ‘The stranger-kingship of the Mexica.’ In Graeber and Sahlins, pp. 223–48.",https://scholar.google.com/scholar?q=Sahlins%2C+Marshall.+2017.+%E2%80%98The+stranger-kingship+of+the+Mexica.%E2%80%99+In+Graeber+and+Sahlins%2C+pp.+223%E2%80%9348.,scholar_search,ch10-n116 | ch10-n27 | ch10-n28 | ch10-n29 | ch10-n57 | ch10-n70 | ch10-n71 | ch9-n3 | ch9-n64
R212,Salomon 2004,"Salomon, Frank. 2004. The Cord Keepers. Khipus and Cultural Life in a Peruvian Village. Durham, NC and London: Duke University Press.",https://scholar.google.com/scholar?q=Salomon%2C+Frank.+2004.+The+Cord+Keepers.+Khipus+and+Cultural+Life+in+a+Peruvian+Village.+Durham%2C+NC+and+London%3A+Duke+University+Press.,scholar_search,ch10-n15
R213,Santana 2012,"Santana, Jonathan et al. 2012. ‘Crania with mutilated facial skeletons: a new ritual treatment in an early Pre-Pottery Neolithic B cranial cache at Tell Qarassa North (South Syria).’ American Journal of Physical Anthropology 149: 205–16.",https://doi.org/10.1002/ajpa.22111,doi,ch6-n64
R214,Sassaman 2005,"Sassaman, Kenneth E. 2005. ‘Poverty Point as structure, event, process.’ Journal of Archaeological Method and Theory 12 (4): 335–64.",https://doi.org/10.1007/s10816-005-8460-4,doi,ch4-n27
R215,Schirmer 1990,"Schirmer, Wulf. 1990. ‘Some aspects of building at the “aceramic-neolithic” settlement of Çayönü Tepesi.’ World Archaeology 21 (3): 363–87.",https://doi.org/10.1080/00438243.1990.9980114,doi,ch6-n58 | ch6-n59
R216,Schmandt-Besserat 1992,"Schmandt-Besserat, Denise. 1992. Before Writing. Austin: University of Texas Press.",https://scholar.google.com/scholar?q=Schmandt-Besserat%2C+Denise.+1992.+Before+Writing.+Austin%3A+University+of+Texas+Press.,scholar_search,ch10-n118 | ch10-n119 | ch10-n120
R217,Schmidt 1998,"Schmidt, Klaus. 1998. ‘Frühneolithische Silexdolche.’ In Güven Arsebük et al. (eds), Light on Top of the Black Hill. Studies Presented to Halet Çambel. Istanbul: Yeni, pp. 681–92.",https://scholar.google.com/scholar?q=Schmidt%2C+Klaus.+1998.+%E2%80%98Fr%C3%BChneolithische+Silexdolche.%E2%80%99+In+G%C3%BCven+Arseb%C3%BCk+et+al.+%28eds%29%2C+Light+on+Top+of+the+Black+Hill.+Studies+Presented+to+Halet+%C3%87ambel.+Istanbul%3A+Yeni%2C+pp.+681%E2%80%9392.,scholar_search,ch6-n55 | ch6-n56 | ch6-n57
R218,Schmidt 2006,"Schmidt, Klaus. 2006. Sie bauten die ersten Tempel. Das rätselhafte Heiligtum der Steinzeitjäger. Munich: C. H. Beck.",https://scholar.google.com/scholar?q=Schmidt%2C+Klaus.+2006.+Sie+bauten+die+ersten+Tempel.+Das+r%C3%A4tselhafte+Heiligtum+der+Steinzeitj%C3%A4ger.+Munich%3A+C.+H.+Beck.,scholar_search,ch3-n25 | ch6-n54
R219,Schrakamp 2010,"Schrakamp, I. 2010. Krieger und Waffen im frühen Mesopotamien. Organisation und Bewaffnung des Militärs in frühdynastischer und sargonischer Zeit. Marburg: Philipps-Universität.",https://scholar.google.com/scholar?q=Schrakamp%2C+I.+2010.+Krieger+und+Waffen+im+fr%C3%BChen+Mesopotamien.+Organisation+und+Bewaffnung+des+Milit%C3%A4rs+in+fr%C3%BChdynastischer+und+sargonischer+Zeit.+Marburg%3A+Philipps-Universit%C3%A4t.,scholar_search,ch10-n134
R220,Scott 2017,"Scott, James C. 2017. Against the Grain: A Deep History of the Earliest States. New Haven, CT and London: Yale University Press.",https://scholar.google.com/scholar?q=Scott%2C+James+C.+2017.+Against+the+Grain%3A+A+Deep+History+of+the+Earliest+States.+New+Haven%2C+CT+and+London%3A+Yale+University+Press.,scholar_search,ch10-n110
R221,Sharer 2003,"Sharer, Robert J. 2003. ‘Founding events and Teotihuacan connections at Copán, Honduras.’ In Braswell (ed.), pp. 143–65.",https://scholar.google.com/scholar?q=Sharer%2C+Robert+J.+2003.+%E2%80%98Founding+events+and+Teotihuacan+connections+at+Cop%C3%A1n%2C+Honduras.%E2%80%99+In+Braswell+%28ed.%29%2C+pp.+143%E2%80%9365.,scholar_search,ch9-n14
R222,Shaughnessy 1989,"Shaughnessy, Edward. L. 1989. ‘Historical geography and the extent of the earliest Chinese kingdom.’ Asia Minor (2) 2: 1–22.",https://scholar.google.com/scholar?q=Shaughnessy%2C+Edward.+L.+1989.+%E2%80%98Historical+geography+and+the+extent+of+the+earliest+Chinese+kingdom.%E2%80%99+Asia+Minor+%282%29+2%3A+1%E2%80%9322.,scholar_search,ch10-n104 | ch10-n105 | ch10-n106
R223,Sheppard 2011,"Sheppard, Peter J. 2011. ‘Lapita colonization across the Near/Remote Oceania boundary.’ Current Anthropology 52 (6): 799–840.",https://doi.org/10.1086/662201,doi,ch7-n31
R224,Sherratt 1997,"Sherratt, Andrew. 1997. Economy and Society in Prehistoric Europe. Changing Perspectives. Edinburgh: Edinburgh University Press.",https://doi.org/10.1515/9781474472562,doi,ch6-n40
R225,Sherratt 2000,"Sherratt, Susan. 2000. Arthur Evans, Knossos, and the Priest-King. Oxford: Ashmolean Museum.",https://scholar.google.com/scholar?q=Sherratt%2C+Susan.+2000.+Arthur+Evans%2C+Knossos%2C+and+the+Priest-King.+Oxford%3A+Ashmolean+Museum.,scholar_search,ch10-n145 | ch10-n146 | ch10-n147
R226,Sherratt 2007,"Sherratt, Andrew. 2007. ‘Diverse origins: regional contributions to the genesis of farming.’ In Colledge and Conolly (eds), pp. 1–20.",https://scholar.google.com/scholar?q=Sherratt%2C+Andrew.+2007.+%E2%80%98Diverse+origins%3A+regional+contributions+to+the+genesis+of+farming.%E2%80%99+In+Colledge+and+Conolly+%28eds%29%2C+pp.+1%E2%80%9320.,scholar_search,ch6-n24
R227,Sikora 2017,"Sikora, Martin et al. 2017. ‘Ancient genomes show social and reproductive behavior of early Upper Paleolithic foragers.’ Science 358 (6363): 659–62.",https://doi.org/10.1126/science.aao1807,doi,ch3-n21
R228,Skoglund 2016,"Skoglund, Pontus et al. 2016. ‘Genomic insights into the peopling of the Southwest Pacific.’ Nature 538 (7626): 510–13.",https://doi.org/10.1038/nature19844,doi,ch7-n32 | ch7-n33
R229,Skousen 2016,"Skousen, B. Jacob. 2016. ‘Pilgrimage and the Construction of Cahokia: A View from the Emerald Site’. Doctoral dissertation, University of Illinois at Urbana-Champaign.",https://scholar.google.com/scholar?q=Skousen%2C+B.+Jacob.+2016.+%E2%80%98Pilgrimage+and+the+Construction+of+Cahokia%3A+A+View+from+the+Emerald+Site%E2%80%99.+Doctoral+dissertation%2C+University+of+Illinois+at+Urbana-Champaign.,scholar_search,ch11-n31
R230,Slon 2014,"Slon, Viviane et al. 2014. ‘The plastered skulls from the Pre-Pottery Neolithic B Site of Yiftahel (Israel) – a computed tomography-cased analysis.’ PLoS ONE 9 (2): e89242.",https://doi.org/10.1371/journal.pone.0089242,doi,ch6-n63
R231,Smith 1984,"Smith, Michael E. 1984. ‘The Aztlan migrations of the Nahuatl chronicles: myth or history?’ Ethnohistory 31 (3): 153–86.",https://doi.org/10.2307/482619,doi,ch9-n1
R232,Smith 1992,"Smith, Bruce D. 1992. ‘Mississippian elites and solar alignments: a reflection of managerial necessity, or levers of social inequality?’ In A. W. Barker and T. R. Pauketat (eds), Lords of the Southeast: Social Inequality and the Native Elites of Southeastern North America. Washington: Archaeological Papers of the American Anthropological Association, pp 11–30.",https://doi.org/10.1525/ap3a.1992.3.1.11,doi,ch11-n35 | ch11-n36 | ch11-n37 | ch11-n46
R233,Smith 2012,"Smith, Michael E. 2012. The Aztecs (3rd edn). Oxford: Wiley-Blackwell.",https://scholar.google.com/scholar?q=Smith%2C+Michael+E.+2012.+The+Aztecs+%283rd+edn%29.+Oxford%3A+Wiley-Blackwell.,scholar_search,ch9-n48
R234,Smith 2015,"Smith, Michael E. 2015. ‘Neighborhood formation in semi-urban settlements.’ Journal of Urbanism 8 (2): 173–98.",https://doi.org/10.1080/17549175.2014.896394,doi,ch8-n13
R235,Smith 2017,"Smith, Michael. E. et al. 2017. ‘The Teotihuacan anomaly: the historical trajectory of urban design in ancient Central Mexico.’ Open Archaeology 3: 175–93.",https://doi.org/10.1515/opar-2017-0010,doi,ch9-n23 | ch9-n30 | ch9-n31
R236,Snow 1991,"Snow, Dean. 1991. ‘Dating the emergence of the League of the Iroquois: a reconsideration of the documentary evidence.’ In Nancy-Anne McClure Zeller (ed.), A Beautiful and Fruitful Place: Selected Rensselaerswijck Seminar Papers. Albany, NY: New Netherland Publishing, pp. 139–43.",https://scholar.google.com/scholar?q=Snow%2C+Dean.+1991.+%E2%80%98Dating+the+emergence+of+the+League+of+the+Iroquois%3A+a+reconsideration+of+the+documentary+evidence.%E2%80%99+In+Nancy-Anne+McClure+Zeller+%28ed.%29%2C+A+Beautiful+and+Fruitful+Place%3A+Selected+Rensselaerswijck+Seminar+Papers.+Albany%2C+NY%3A+New+Netherland+Publishing%2C+pp.+139%E2%80%9343.,scholar_search,ch11-n75
R237,Soffer 1985,"Soffer, Olga. 1985. The Upper Palaeolithic of the Central Russian Plain. London: Academic Press.",https://scholar.google.com/scholar?q=Soffer%2C+Olga.+1985.+The+Upper+Palaeolithic+of+the+Central+Russian+Plain.+London%3A+Academic+Press.,scholar_search,ch3-n28 | ch3-n38
R238,Soustelle 1962,"Soustelle, Jacques. 1962. The Daily Life of the Aztecs on the Eve of the Spanish Conquest. New York: Macmillan.",https://scholar.google.com/scholar?q=Soustelle%2C+Jacques.+1962.+The+Daily+Life+of+the+Aztecs+on+the+Eve+of+the+Spanish+Conquest.+New+York%3A+Macmillan.,scholar_search,ch10-n8 | ch10-n9
R239,Spriggs 1995,"Spriggs, Matthew. 1995. ‘The Lapita culture and Austronesian prehistory in Oceania.’ In Peter Bellwood et al. (eds), The Austronesians: Historical and Comparative Perspectives. Canberra: ANU Press, pp. 112–33.",https://scholar.google.com/scholar?q=Spriggs%2C+Matthew.+1995.+%E2%80%98The+Lapita+culture+and+Austronesian+prehistory+in+Oceania.%E2%80%99+In+Peter+Bellwood+et+al.+%28eds%29%2C+The+Austronesians%3A+Historical+and+Comparative+Perspectives.+Canberra%3A+ANU+Press%2C+pp.+112%E2%80%9333.,scholar_search,ch7-n32 | ch7-n33
R240,Spriggs 1997,"Spriggs, Matthew. 1997. The Island Melanesians. Oxford: Blackwell.",https://scholar.google.com/scholar?q=Spriggs%2C+Matthew.+1997.+The+Island+Melanesians.+Oxford%3A+Blackwell.,scholar_search,ch7-n31
R241,Starna 2008,"Starna, William A. 2008. ‘Retrospecting the origins of the League of the Iroquois.’ Proceedings of the American Philosophical Society 152 (3): 279–321.",https://scholar.google.com/scholar?q=Starna%2C+William+A.+2008.+%E2%80%98Retrospecting+the+origins+of+the+League+of+the+Iroquois.%E2%80%99+Proceedings+of+the+American+Philosophical+Society+152+%283%29%3A+279%E2%80%93321.,scholar_search,ch11-n75
R242,Steinkeller 2015,"Steinkeller, Piotr. 2015. ‘The employment of labour on national building projects in the Ur III period.’ In Steinkeller and Hudson (eds), pp. 137–236.",https://scholar.google.com/scholar?q=Steinkeller%2C+Piotr.+2015.+%E2%80%98The+employment+of+labour+on+national+building+projects+in+the+Ur+III+period.%E2%80%99+In+Steinkeller+and+Hudson+%28eds%29%2C+pp.+137%E2%80%93236.,scholar_search,ch8-n46
R243,Stordeur 2000,"Stordeur, Danielle. 2000. ‘Jerf el Ahmar et l’émergence du Néolithique au Proche-Orient.’ In Jean Guilaine (ed.), Premiers paysans du monde: Naissances des agricultures, Séminaire du Collège de France. Paris: Errance, pp. 33–60.",https://scholar.google.com/scholar?q=Stordeur%2C+Danielle.+2000.+%E2%80%98Jerf+el+Ahmar+et+l%E2%80%99%C3%A9mergence+du+N%C3%A9olithique+au+Proche-Orient.%E2%80%99+In+Jean+Guilaine+%28ed.%29%2C+Premiers+paysans+du+monde%3A+Naissances+des+agricultures%2C+S%C3%A9minaire+du+Coll%C3%A8ge+de+France.+Paris%3A+Errance%2C+pp.+33%E2%80%9360.,scholar_search,ch6-n55 | ch6-n56 | ch6-n57
R244,Straus 1977,"Straus, Lawrence G. 1977. ‘The Upper Palaeolithic cave site of Altamira (Santander, Spain).’ Quaternaria 19: 135–48.",https://scholar.google.com/scholar?q=Straus%2C+Lawrence+G.+1977.+%E2%80%98The+Upper+Palaeolithic+cave+site+of+Altamira+%28Santander%2C+Spain%29.%E2%80%99+Quaternaria+19%3A+135%E2%80%9348.,scholar_search,ch3-n38
R245,Stuart 2000,"Stuart, David. 2000. ‘The arrival of strangers: Teotihuacan and Tollan in Classic Maya history.’ In D. Carrasco, L. Jones and S. Sessions (eds), Mesoamerica’s Classic Heritage: From Teotihuacan to Aztecs. Boulder: University Press of Colorado, pp. 465–513.",https://scholar.google.com/scholar?q=Stuart%2C+David.+2000.+%E2%80%98The+arrival+of+strangers%3A+Teotihuacan+and+Tollan+in+Classic+Maya+history.%E2%80%99+In+D.+Carrasco%2C+L.+Jones+and+S.+Sessions+%28eds%29%2C+Mesoamerica%E2%80%99s+Classic+Heritage%3A+From+Teotihuacan+to+Aztecs.+Boulder%3A+University+Press+of+Colorado%2C+pp.+465%E2%80%93513.,scholar_search,ch9-n15 | ch9-n4
R246,Subramanian 2010,Subramanian T. S. 2010. ‘The rise and fall of a Harappan city.’ Frontline 27 (12).,https://scholar.google.com/scholar?q=Subramanian+T.+S.+2010.+%E2%80%98The+rise+and+fall+of+a+Harappan+city.%E2%80%99+Frontline+27+%2812%29.,scholar_search,ch8-n87
R247,Sugiyama 2013,"Sugiyama, Nawa, Saburo Sugiyama and Alejandro G. Sarabia. 2013. ‘Inside the Sun Pyramid at Teotihuacan, Mexico: 2008–2011 excavations and preliminary results.’ Latin American Antiquity 24 (4): 403–32.",https://doi.org/10.7183/1045-6635.24.4.403,doi,ch9-n25 | ch9-n26
R248,Sugiyama 2019,"Sugiyama, Nawa et al. 2019. ‘Artistas mayas en Teotihuacan?’ Arqueología Mexicana 24 (142): 8.",https://scholar.google.com/scholar?q=Sugiyama%2C+Nawa+et+al.+2019.+%E2%80%98Artistas+mayas+en+Teotihuacan%3F%E2%80%99+Arqueolog%C3%ADa+Mexicana+24+%28142%29%3A+8.,scholar_search,ch9-n15
R249,Swanton 1931,"Swanton, John Reed. 1931. ‘Source material for the social and ceremonial life of the Choctaw Indians.’ Bureau of American Ethnology Bulletin 103: 1–282.",https://scholar.google.com/scholar?q=Swanton%2C+John+Reed.+1931.+%E2%80%98Source+material+for+the+social+and+ceremonial+life+of+the+Choctaw+Indians.%E2%80%99+Bureau+of+American+Ethnology+Bulletin+103%3A+1%E2%80%93282.,scholar_search,ch11-n32 | ch11-n33
R250,Tambiah 1973,"Tambiah, Stanley J. 1973. ‘The galactic polity in Southeast Asia.’ In S. J. Tambiah, Culture, Thought, and Social Action. Cambridge, MA: Harvard University Press, pp. 3–31.",https://scholar.google.com/scholar?q=Tambiah%2C+Stanley+J.+1973.+%E2%80%98The+galactic+polity+in+Southeast+Asia.%E2%80%99+In+S.+J.+Tambiah%2C+Culture%2C+Thought%2C+and+Social+Action.+Cambridge%2C+MA%3A+Harvard+University+Press%2C+pp.+3%E2%80%9331.,scholar_search,ch10-n110
R251,Tate 2012,"Tate, Carolyn E. 2012. Reconsidering Olmec Visual Culture: The Unborn, Women, and Creation. Austin: University of Texas Press.",https://scholar.google.com/scholar?q=Tate%2C+Carolyn+E.+2012.+Reconsidering+Olmec+Visual+Culture%3A+The+Unborn%2C+Women%2C+and+Creation.+Austin%3A+University+of+Texas+Press.,scholar_search,ch10-n41
R252,Taube 1986,"Taube, Karl. A. 1986. ‘The Teotihuacan cave of origin: the iconography and architecture of emergence mythology in Mesoamerica and the American Southwest.’ RES: Anthropology and Aesthetics 12: 51–82.",https://doi.org/10.1086/resv12n1ms20166753,doi,ch9-n10 | ch9-n9
R253,Taube 2000,"Taube, Karl. A. 2000. ‘The writing system of ancient Teotihuacan.’ Ancient America, vol. 1. Bardarsville, NC: Center for Ancient American Studies.",https://scholar.google.com/scholar?q=Taube%2C+Karl.+A.+2000.+%E2%80%98The+writing+system+of+ancient+Teotihuacan.%E2%80%99+Ancient+America%2C+vol.+1.+Bardarsville%2C+NC%3A+Center+for+Ancient+American+Studies.,scholar_search,ch9-n7 | ch9-n8
R254,Teschler-Nicola 1996,"Teschler-Nicola, M. et al. 1996. ‘Anthropologische Spurensicherung – Die traumatischen und postmortalen Veränderungen an den linearbandkeramischen Skelettresten von Asparn/Schletz.’ In H. Windl (ed.), Rätsel um Gewalt und Tod vor 7.000 Jahren. Eine Spurensicherung. Asparn: Katalog des Niederösterreichischen Landesmuseum, pp. 47–64.",https://scholar.google.com/scholar?q=Teschler-Nicola%2C+M.+et+al.+1996.+%E2%80%98Anthropologische+Spurensicherung+%E2%80%93+Die+traumatischen+und+postmortalen+Ver%C3%A4nderungen+an+den+linearbandkeramischen+Skelettresten+von+Asparn%2FSchletz.%E2%80%99+In+H.+Windl+%28ed.%29%2C+R%C3%A4tsel+um+Gewalt+und+Tod+vor+7.000+Jahren.+Eine+Spurensicherung.+Asparn%3A+Katalog+des+Nieder%C3%B6sterreichischen+Landesmuseum%2C+pp.+47%E2%80%9364.,scholar_search,ch7-n20
R255,Thomas 2005,"Thomas, Chad R., Christopher Carr and Cynthia Keller. 2005. ‘Animaltotemic clans of Ohio Hopewellian peoples.’ In Carr and Case (eds), pp. 339–85.",https://doi.org/10.1007/0-387-27327-1_8,doi,ch11-n20 | ch11-n21
R256,Thompson 2015,"Thompson, Andrew et al. 2015. ‘New dental and isotope evidence of biological distance and place of origin for mass burial groups at Cahokia’s Mound 72.’ American Journal of Physical Anthropology 158: 341–57.",https://doi.org/10.1002/ajpa.22791,doi,ch11-n38 | ch11-n40
R257,Torres 2008,"Torres, Constantino Manuel. 2008. ‘Chavín’s psychoactive pharmacopoeia: the iconographic evidence.’ In Conklin and Quilter (eds), pp. 237–57.",https://scholar.google.com/scholar?q=Torres%2C+Constantino+Manuel.+2008.+%E2%80%98Chav%C3%ADn%E2%80%99s+psychoactive+pharmacopoeia%3A+the+iconographic+evidence.%E2%80%99+In+Conklin+and+Quilter+%28eds%29%2C+pp.+237%E2%80%9357.,scholar_search,ch10-n53
R258,Trigger 2006,"Trigger, Bruce G. 2006. A History of Archaeological Thought (2nd edn). Cambridge: Cambridge University Press.",https://scholar.google.com/scholar?q=Trigger%2C+Bruce+G.+2006.+A+History+of+Archaeological+Thought+%282nd+edn%29.+Cambridge%3A+Cambridge+University+Press.,scholar_search,ch3-n2
R259,Trinkaus 2018,"Trinkaus, Erik. 2018. ‘An abundance of developmental anomalies and abnormalities in Pleistocene people.’ PNAS 115 (47): 11941–6.",https://doi.org/10.1073/pnas.1814989115,doi,ch3-n36
R260,Tuck 1978,"Tuck, James A. 1978. ‘Northern Iroquoian prehistory.’ In Bruce G. Trigger (ed.), Handbook of North American Indians, vol. 15: Northeast. Washington: Smithsonian Press, pp. 322–33.",https://scholar.google.com/scholar?q=Tuck%2C+James+A.+1978.+%E2%80%98Northern+Iroquoian+prehistory.%E2%80%99+In+Bruce+G.+Trigger+%28ed.%29%2C+Handbook+of+North+American+Indians%2C+vol.+15%3A+Northeast.+Washington%3A+Smithsonian+Press%2C+pp.+322%E2%80%9333.,scholar_search,ch11-n76
R261,Tuerenhout 2002,"Tuerenhout, Dirk Van. 2002. ‘Maya warfare: sources and interpretations.’ Civilisations 50: 129–52.",https://doi.org/10.4000/civilisations.3400,doi,ch10-n134
R262,Underhill 2008,"Underhill, Anne P. et al. 2008. ‘Changes in regional settlement patterns and the development of complex societies in southeastern Shandong, China.’ Journal of Anthropological Archaeology 27 (1): 1–29.",https://doi.org/10.1016/j.jaa.2006.11.002,doi,ch8-n19
R263,Ur 2014,"Ur, Jason. 2014. ‘Households and the emergence of cities in Ancient Mesopotamia.’ Cambridge Archaeological Journal 24: 249–68.",https://doi.org/10.1017/s095977431400047x,doi,ch8-n65
R264,Valentine 2015,"Valentine, B. et al. 2015. ‘Evidence for patterns of selective urban migration in the Greater Indus Valley (2600–1900 bc): a lead and strontium isotope mortuary analysis.’ PLoS ONE 10 (4): e0123103.",https://doi.org/10.1371/journal.pone.0123103,doi,ch8-n13
R265,Vidale 2010,"Vidale, Massimo. 2010. ‘Aspects of palace life at Mohenjo-Daro.’ South Asian Studies 26 (1): 59–76.",https://doi.org/10.1080/02666031003737232,doi,ch8-n103
R266,Vidale 2013,"Vidale, Massimo. 2013. ‘T-Shaped pillars and Mesolithic “chiefdoms” in the prehistory of Southern Eurasia: a preliminary note.’ In Dennys Frenez and Maurizio Tosi (eds), South Asian Archaeology 2007. Proceedings of the 19th International Conference of the European Association of South Asian Archaeology. Oxford: BAR, pp. 51–8.",https://scholar.google.com/scholar?q=Vidale%2C+Massimo.+2013.+%E2%80%98T-Shaped+pillars+and+Mesolithic+%E2%80%9Cchiefdoms%E2%80%9D+in+the+prehistory+of+Southern+Eurasia%3A+a+preliminary+note.%E2%80%99+In+Dennys+Frenez+and+Maurizio+Tosi+%28eds%29%2C+South+Asian+Archaeology+2007.+Proceedings+of+the+19th+International+Conference+of+the+European+Association+of+South+Asian+Archaeology.+Oxford%3A+BAR%2C+pp.+51%E2%80%938.,scholar_search,ch6-n53
R267,Videiko 1996,"Videiko, Mikhail. 1996. ‘Die Grossiedlungen der Tripol’e-Kultur in der Ukraine.’ Eurasia Antiqua 1: 45–80.",https://scholar.google.com/scholar?q=Videiko%2C+Mikhail.+1996.+%E2%80%98Die+Grossiedlungen+der+Tripol%E2%80%99e-Kultur+in+der+Ukraine.%E2%80%99+Eurasia+Antiqua+1%3A+45%E2%80%9380.,scholar_search,ch8-n22
R268,Viner 2010,"Viner, Sarah et al. 2010. ‘Cattle mobility in prehistoric Britain: strontium isotope analysis of cattle teeth from Durrington Walls (Wiltshire, Britain).’ Journal of Archaeological Science 37: 2812–20.",https://doi.org/10.1016/j.jas.2010.06.017,doi,ch3-n42
R269,Voutsaki 1997,"Voutsaki, Sofia. 1997. ‘The creation of value and prestige in the Aegean Late Bronze Age.’ Journal of European Archaeology 5 (2): 34–52.",https://doi.org/10.1179/096576697800660285,doi,ch10-n150
R270,Wallace 1958,"Wallace, Anthony F. C. 1958. ‘Dreams and the wishes of the soul: a type of psychoanalytic theory among the seventeenth century Iroquois.’ American Anthropologist (N.S.) 60 (2): 234–48.",https://doi.org/10.1525/aa.1958.60.2.02a00030,doi,ch11-n73 | ch11-n74
R271,Wengrow 1998,"Wengrow, David. 1998. ‘The changing face of clay: continuity and change in the transition from village to urban life in the Near East.’ Antiquity 72: 783–95.",https://doi.org/10.1017/s0003598x00087378,doi,ch8-n65 | ch8-n73
R272,Wengrow 2006,"Wengrow, David. 2006. The Archaeology of Early Egypt: Social Transformations in North-East Africa, 10,000 to 2650 bc. Cambridge: Cambridge University Press.",https://scholar.google.com/scholar?q=Wengrow%2C+David.+2006.+The+Archaeology+of+Early+Egypt%3A+Social+Transformations+in+North-East+Africa%2C+10%2C000+to+2650+bc.+Cambridge%3A+Cambridge+University+Press.,scholar_search,ch10-n85
R273,Wengrow 2008,"Wengrow, David. 2008. ‘Prehistories of commodity branding.’ Current Anthropology 49 (1): 7–34.",https://doi.org/10.1086/523676,doi,ch8-n76
R274,Wengrow 2010a,"Wengrow, David. 2010a. What Makes Civilization? The Ancient Near East and the Future of the West. Oxford: Oxford University Press.",https://scholar.google.com/scholar?q=Wengrow%2C+David.+2010a.+What+Makes+Civilization%3F+The+Ancient+Near+East+and+the+Future+of+the+West.+Oxford%3A+Oxford+University+Press.,scholar_search,ch10-n122
R275,Wengrow 2010b,"Wengrow, David. 2010b. ‘The voyages of Europa: ritual and trade in the Eastern Mediterranean, c.2300–1850 bc.’ In William A. Parkinson and Michael L. Galaty (eds), Archaic State Interaction: The Eastern Mediterranean in the Bronze Age. Santa Fe: School for Advanced Research Press, pp. 141–60.",https://scholar.google.com/scholar?q=Wengrow%2C+David.+2010b.+%E2%80%98The+voyages+of+Europa%3A+ritual+and+trade+in+the+Eastern+Mediterranean%2C+c.2300%E2%80%931850+bc.%E2%80%99+In+William+A.+Parkinson+and+Michael+L.+Galaty+%28eds%29%2C+Archaic+State+Interaction%3A+The+Eastern+Mediterranean+in+the+Bronze+Age.+Santa+Fe%3A+School+for+Advanced+Research+Press%2C+pp.+141%E2%80%9360.,scholar_search,ch10-n149 | ch10-n92 | ch10-n93 | ch10-n94
R276,Wengrow 2011,"Wengrow, David. 2011. ‘Archival and sacrificial economies in Bronze Age Eurasia: an interactionist approach to the hoarding of metals.’ In T. Wilkinson, D. J. Bennet and S. Sherratt (eds), Interweaving Worlds. Oxford: Oxbow Books, pp. 135–44.",https://scholar.google.com/scholar?q=Wengrow%2C+David.+2011.+%E2%80%98Archival+and+sacrificial+economies+in+Bronze+Age+Eurasia%3A+an+interactionist+approach+to+the+hoarding+of+metals.%E2%80%99+In+T.+Wilkinson%2C+D.+J.+Bennet+and+S.+Sherratt+%28eds%29%2C+Interweaving+Worlds.+Oxford%3A+Oxbow+Books%2C+pp.+135%E2%80%9344.,scholar_search,ch8-n82
R277,White 1985,"White, Randall. 1985. Upper Palaeolithic Land Use in the Périgord: A Topographical Approach to Subsistence and Settlement. Oxford: British Archaeological Reports.",https://doi.org/10.30861/9780860543244,doi,ch3-n38
R278,White 1999,"White, Randall. 1999. ‘Intégrer la complexité sociale et opérationnelle: la construction matérielle de l’identité sociale à Sungir.’ In M. Julien et al. (eds), Préhistoire d’os: recueil d’études sur l’industrie osseuse préhistorique offert à Henriette Camps-Faber. Aix-en-Provence: L’Université de Provence, pp. 319–31.",https://scholar.google.com/scholar?q=White%2C+Randall.+1999.+%E2%80%98Int%C3%A9grer+la+complexit%C3%A9+sociale+et+op%C3%A9rationnelle%3A+la+construction+mat%C3%A9rielle+de+l%E2%80%99identit%C3%A9+sociale+%C3%A0+Sungir.%E2%80%99+In+M.+Julien+et+al.+%28eds%29%2C+Pr%C3%A9histoire+d%E2%80%99os%3A+recueil+d%E2%80%99%C3%A9tudes+sur+l%E2%80%99industrie+osseuse+pr%C3%A9historique+offert+%C3%A0+Henriette+Camps-Faber.+Aix-en-Provence%3A+L%E2%80%99Universit%C3%A9+de+Provence%2C+pp.+319%E2%80%9331.,scholar_search,ch3-n24
R279,White 2008,"White, Christine D. et al. 2008. ‘The Teotihuacan dream: an isotopic study of economic organization and immigration.’ Ontario Archaeology 85–8: 279–97.",https://scholar.google.com/scholar?q=White%2C+Christine+D.+et+al.+2008.+%E2%80%98The+Teotihuacan+dream%3A+an+isotopic+study+of+economic+organization+and+immigration.%E2%80%99+Ontario+Archaeology+85%E2%80%938%3A+279%E2%80%9397.,scholar_search,ch8-n13
R280,Wild 2004,"Wild, Eva. M. et al. 2004. ‘Neolithic massacres: local skirmishes or general warfare in Europe?’ Radiocarbon 46: 377–85.",https://doi.org/10.1017/s0033822200039680,doi,ch7-n20
R281,Wilkinson 2014,"Wilkinson, Toby. 2014. ‘The Early Transcaucasian phenomenon in structural-systemic perspective: cuisine, craft and economy.’ Paléorient 40 (2): 203–29.",https://doi.org/10.3406/paleo.2014.5643,doi,ch8-n82
R282,Williams 1990,"Williams, Stephen. 1990. ‘The Vacant Quarter and other late events in the Lower Valley.’ In D. H. Dye (ed.), Towns and Temples Along the Mississippi. Tuscaloosa: University of Alabama Press, pp. 170–80.",https://scholar.google.com/scholar?q=Williams%2C+Stephen.+1990.+%E2%80%98The+Vacant+Quarter+and+other+late+events+in+the+Lower+Valley.%E2%80%99+In+D.+H.+Dye+%28ed.%29%2C+Towns+and+Temples+Along+the+Mississippi.+Tuscaloosa%3A+University+of+Alabama+Press%2C+pp.+170%E2%80%9380.,scholar_search,ch11-n10 | ch11-n9
R283,Wills 1970,"Wills, John H. 1970. ‘Speaking arenas of ancient Mesopotamia.’ Quarterly Journal of Speech 56 (4): 398–405.",https://doi.org/10.1080/00335637009383027,doi,ch8-n52 | ch8-n53 | ch8-n54
R284,Wood 1992,"Wood, Andrée. R. 1992. ‘The detection, removal, storage, and species identification of prehistoric blood residues from Çayönü.’ American Journal of Archaeology 96 (2): 374.",https://scholar.google.com/scholar?q=Wood%2C+Andr%C3%A9e.+R.+1992.+%E2%80%98The+detection%2C+removal%2C+storage%2C+and+species+identification+of+prehistoric+blood+residues+from+%C3%87ay%C3%B6n%C3%BC.%E2%80%99+American+Journal+of+Archaeology+96+%282%29%3A+374.,scholar_search,ch6-n58 | ch6-n59
R285,Woods 2004,"Woods, William I. 2004. ‘Population nucleation, intensive agriculture, and environmental degradation: the Cahokia example.’ Agriculture and Human Values 21: 255–61.",https://doi.org/10.1023/b:ahum.0000029398.01906.5e,doi,ch11-n34
R286,Wright 2007,"Wright, Katherine I. 2007. ‘Women and the emergence of urban society in Mesopotamia.’ In S. Hamilton and R. D. Whitehouse (eds), Archaeology and Women: Ancient and Modern Issues. Walnut Creek, CA: Left Coast Press, pp. 199–245.",https://scholar.google.com/scholar?q=Wright%2C+Katherine+I.+2007.+%E2%80%98Women+and+the+emergence+of+urban+society+in+Mesopotamia.%E2%80%99+In+S.+Hamilton+and+R.+D.+Whitehouse+%28eds%29%2C+Archaeology+and+Women%3A+Ancient+and+Modern+Issues.+Walnut+Creek%2C+CA%3A+Left+Coast+Press%2C+pp.+199%E2%80%93245.,scholar_search,ch8-n49
R287,Wright 2008,"Wright, Katherine I. et al. 2008. ‘Stone bead technologies and early craft specialization: insights from two Neolithic Sites in eastern Jordan.’ Levant 40 (2): 131–65.",https://doi.org/10.1179/175638008x348016,doi,ch6-n25
R288,Wright 2010,"Wright, Rita P. 2010. The Ancient Indus: Urbanism, Economy, and Society. New York: Cambridge University Press.",https://scholar.google.com/scholar?q=Wright%2C+Rita+P.+2010.+The+Ancient+Indus%3A+Urbanism%2C+Economy%2C+and+Society.+New+York%3A+Cambridge+University+Press.,scholar_search,ch8-n86
R289,Wright 2014,"Wright, Emily et al. 2014. ‘Age and season of pig slaughter at Late Neolithic Durrington Walls (Wiltshire, UK) as detected through a new system for recording tooth wear.’ Journal of Archaeological Science 52: 497–514.",https://doi.org/10.1016/j.jas.2014.09.009,doi,ch3-n41
R290,Yen 1995,"Yen, Douglas. E. 1995. ‘The development of Sahul agriculture with Australia as bystander.’ Antiquity 69 (265): 831–47.",https://doi.org/10.1017/s0003598x00082375,doi,ch7-n32 | ch7-n33
R291,Yoffee 1995,"Yoffee, Norman. 1995. ‘The political economy of early Mesopotamian states.’ Annual Review of Anthropology 24: 281–311.",https://doi.org/10.1146/annurev.anthro.24.1.281,doi,ch8-n74
R292,Younger 2016,"Younger, John. 2016. ‘Minoan women.’ In S. L. Budin and J. M. Turfa (eds), Women in Antiquity: Real Women Across the Ancient World. London and New York: Routledge, pp. 573–94.",https://scholar.google.com/scholar?q=Younger%2C+John.+2016.+%E2%80%98Minoan+women.%E2%80%99+In+S.+L.+Budin+and+J.+M.+Turfa+%28eds%29%2C+Women+in+Antiquity%3A+Real+Women+Across+the+Ancient+World.+London+and+New+York%3A+Routledge%2C+pp.+573%E2%80%9394.,scholar_search,ch10-n145 | ch10-n146 | ch10-n147
R293,Zagarell 1986,"Zagarell, Allen. 1986. ‘Trade, women, class, and society in Ancient Western Asia.’ Current Anthropology 27 (5): 415–30.",https://scholar.google.com/scholar?q=Zagarell%2C+Allen.+1986.+%E2%80%98Trade%2C+women%2C+class%2C+and+society+in+Ancient+Western+Asia.%E2%80%99+Current+Anthropology+27+%285%29%3A+415%E2%80%9330.,scholar_search,ch8-n49
R294,Zheltova 2015,"Zheltova, Maria N. 2015. ‘Kostenki 4: Gravettian of the east – not Eastern Gravettian.’ Quaternary International 359–60: 362–71.",https://doi.org/10.1016/j.quaint.2014.10.047,doi,ch3-n28
R295,Zhilin 2018,"Zhilin, Mikhail et al. 2018. ‘Early art in the Urals: new research on the wooden sculpture from Shigir.’ Antiquity 92 (362): 334–50.",https://doi.org/10.15184/aqy.2018.48,doi,ch4-n34
R296,Özbek 1988,Özbek Metin. 1988. ‘Culte des cranes humains a Çayönü.’ Anatolica 15: 127–37.,https://scholar.google.com/scholar?q=%C3%96zbek+Metin.+1988.+%E2%80%98Culte+des+cranes+humains+a+%C3%87ay%C3%B6n%C3%BC.%E2%80%99+Anatolica+15%3A+127%E2%80%9337.,scholar_search,ch6-n58 | ch6-n59
