mention_id,settlement_id,canonical_name,matched_aliases,paragraph_id,source_line_start,source_line_end,section,section_kind,chapter_number,complete_paragraph_text,book_note_ids,book_note_texts,bibliography_keys,full_bibliography_entries
M0001,S001,Quebec City,Quebec,L0624,624,624,Chapter 2: Wicked Liberty,chapter,2,"In political terms, then, French and Americans were not arguing about equality but about freedom. About the only specific reference to political equality that appears in the seventy-one volumes of The Jesuit Relations occurs almost as an aside, in an account of an event in 1648. It happened in a settlement of Christianized Wendat near the town of Quebec. After a disturbance caused by a shipload of illegal liquor finding its way into the community, the governor persuaded Wendat leaders to agree to a prohibition of alcoholic beverages, and published an edict to that effect – crucially, the governor notes, backed up by threat of punishment. Father Lallemant, again, records the story. For him, this was an epochal event:",,,,
M0002,S001,Quebec City,Quebec,L0650,650,650,Chapter 2: Wicked Liberty,chapter,2,"By the mid seventeenth century, legal and political thinkers in Europe were beginning to toy with the idea of an egalitarian State of Nature; at least in the minimal sense of a default state that might be shared by societies which they saw as lacking government, writing, religion, private property or other significant means of distinguishing themselves from one another. Terms like ‘equality’ and ‘inequality’ were just beginning to come into common usage in intellectual circles – around the time, indeed, that the first French missionaries set out to evangelize the inhabitants of what are now Nova Scotia and Quebec.27 Europe’s reading public was growing increasingly curious about what such primordial societies might have been like. But they had no particular disposition to imagine men and women living in a State of Nature as especially ‘noble’, let alone as rational sceptics and champions of individual liberty.28 This latter perspective was the product of a dialogic encounter.",ch2-n27 | ch2-n28,"They were also unevenly accepted. Most Jesuits still subscribed to the old Renaissance doctrine that ‘savages’ had once been of a higher level of grace and of civilization, and had degenerated (Blackburn 2000: 69). | A comprehensive review of the literature by Ellingson (2001) finds the view that European observers regularly romanticized those they considered savages to be entirely unfounded; even the most positive accounts tended to be fairly nuanced, recognizing both virtues and vices.",Blackburn 2000 | Ellingson 2001,"Blackburn, Carole. 2000. Harvest of Souls: The Jesuit Missions and Colonialism in North America, 1632–1650. Montreal and Kingston: McGill-Queen’s University Press. | Ellingson, Ter. 2001. The Myth of the Noble Savage. Berkeley: University of California Press."
M0003,S001,Quebec City,Quebec,L1086,1086,1086,Chapter 3: Unfreezing the Ice Age,chapter,3,"Radin himself was considered something of an oddball by his contemporaries (he always avoided getting a proper academic job; the legend in Chicago was that when once given a teaching fellowship there, he was so intimidated before his first lecture that he immediately marched out to a nearby highway and contrived to get his leg broken by a car, then spent the rest of the term happily reading in the hospital). Perhaps not coincidentally, what really struck him about the ‘primitive’ societies he was most familiar with was their tolerance of eccentricity. This, he concluded, was simply the logical extension of that same rejection of coercion that so impressed the Jesuits in Quebec. If, he noted, a Winnebago decided that gods or spirits did not really exist and refused to perform rituals meant to appease them, or even if he declared the collective wisdom of the elders wrong and invented his own personal cosmology (and both these things did, quite regularly, happen), such a sceptic would definitely be made fun of, while his closest friends and family might worry lest the gods punish him in some way. However, it would never occur to them to punish him, or that anyone should try to force him into conformity – for instance, by blaming him for a bad hunt and therefore refusing to share food with him until he agreed to perform the usual rituals.",,,,
M0004,S001,Quebec City,Quebec,L4172,4172,4172,Chapter 11: Full Circle,chapter,11,"Let us start with the available oral traditions. These are unfortunately somewhat limited. During the late sixteenth and early seventeenth centuries, Iroquoia was divided between a number of shifting political coalitions and confederacies of which the most prominent were the Wendat (Huron), based in what’s now Quebec; the Five Nations or Haudenosaunee (often referred to as ‘League Iroquois’), distributed across what’s now upstate New York; and an Ontario-based confederation that the French referred to as the ‘Neutrals’. The Wendat referred to this last as Attiwandaronk – which literally means ‘those whose speech is not quite right’. We don’t actually know what these Neutrals called themselves (clearly it wasn’t that); but according to early accounts, they were by far the most numerous and powerful, at least until their society was devastated by famine and disease in the 1630s and 1640s. Afterwards the survivors were absorbed by the Seneca, given names and thus incorporated in one or other Seneca clan.",,,,
M0005,S001,Quebec City,Quebec,L4174,4174,4174,Chapter 11: Full Circle,chapter,11,"A similar fate befell the Wendat Confederation, whose power had been decisively broken in the year Kandiaronk was born, 1649, when they were scattered or absorbed during the notorious ‘Beaver Wars’. In Kandiaronk’s own lifetime the remaining Wendat were leading a fairly precarious existence: partly driven north towards Quebec; partly under the protection of a French fort in a place called Michilimackinac, near Lake Michigan. Kandiaronk himself spent much of his life trying to put the confederation’s pieces back together and, according to oral histories at least, attempting to found a coalition that would unite the warring nations against the invaders. In this he failed. As a result, we don’t actually know the stories told by members of any of these other great confederacies about the origins of their political institutions. By the time oral histories began to be written down in the nineteenth century, only the Haudenosaunee remained.",,,,
M0006,S001,Quebec City,Quebec,L4198,4198,4198,Chapter 11: Full Circle,chapter,11,"Any member of an Iroquoian society given an order would have fiercely resisted it as a threat to their personal autonomy – but the one exception to this norm was, precisely, dreams.73 One Huron-Wendat chief gave away his prized European cat, which he had carried by canoe all the way from Quebec, to a woman who dreamed she could only be cured by owning it (Iroquoians also feared becoming the victims of witchcraft practised consciously or unconsciously by people who envied them). Dreams were treated as if they were commands, delivered either by one’s own soul or possibly, in the case of a particularly vivid or portentous dream, by some greater spirit. The spirit might be the Creator or some other spirit, perhaps entirely unknown. Dreamers could become prophets – if only, usually, for a relatively brief period of time.74 During that time, however, their orders had to be obeyed. (Needless to say, there were few more terrible crimes than to falsify a dream.)",ch11-n73 | ch11-n74,"Ibid.: 137. | Fremin in Wallace (1958: 235): ‘The Iroquois have, properly speaking, only a single Divinity – the dream. To it they render their submission, and follow all its orders with the utmost exactness. The Tsonnontouens [Seneca] are more attached to this superstition than any of the others; their Religion in this respect becomes even a matter of scruple; whatever it be that they think they have done in their dreams, they believe themselves absolutely obliged to execute at the earliest moment. The other nations content themselves with observing those of their dreams which are the most important; but this people, which has the reputation of living more religiously than its neighbors, would think itself guilty of a great crime if it failed in its observance of a single dream. The people think only of that, they talk about nothing else, and all their cabins are filled with their dreams…Some have been known to go as far as Quebec, traveling a hundred and fifty leagues, for the sake of getting a dog, that they had dreamed of buying there…’. Wallace argues that this is a direct psychological consequence of the stoicism and importance of personal freedom and autonomy in Iroquoian societies. See also Blau 1963; Graeber 2001: 136–9.",Wallace 1958 | Blau 1963 | Graeber 2001,"Wallace, Anthony F. C. 1958. ‘Dreams and the wishes of the soul: a type of psychoanalytic theory among the seventeenth century Iroquois.’ American Anthropologist (N.S.) 60 (2): 234–48. | Blau, Harold. 1963. ‘Dream guessing: a comparative analysis.’ Ethnohistory 10: 233–49. | Graeber, David. 2001. Toward an Anthropological Theory of Value: The False Coin of Our Own Dreams. New York: Palgrave."
M0007,S001,Quebec City,Quebec,L6160,6160,6160,Notes to Chapter 11: Full Circle,notes,11,"74. Fremin in Wallace (1958: 235): ‘The Iroquois have, properly speaking, only a single Divinity – the dream. To it they render their submission, and follow all its orders with the utmost exactness. The Tsonnontouens [Seneca] are more attached to this superstition than any of the others; their Religion in this respect becomes even a matter of scruple; whatever it be that they think they have done in their dreams, they believe themselves absolutely obliged to execute at the earliest moment. The other nations content themselves with observing those of their dreams which are the most important; but this people, which has the reputation of living more religiously than its neighbors, would think itself guilty of a great crime if it failed in its observance of a single dream. The people think only of that, they talk about nothing else, and all their cabins are filled with their dreams…Some have been known to go as far as Quebec, traveling a hundred and fifty leagues, for the sake of getting a dog, that they had dreamed of buying there…’. Wallace argues that this is a direct psychological consequence of the stoicism and importance of personal freedom and autonomy in Iroquoian societies. See also Blau 1963; Graeber 2001: 136–9.",ch11-n74,"Fremin in Wallace (1958: 235): ‘The Iroquois have, properly speaking, only a single Divinity – the dream. To it they render their submission, and follow all its orders with the utmost exactness. The Tsonnontouens [Seneca] are more attached to this superstition than any of the others; their Religion in this respect becomes even a matter of scruple; whatever it be that they think they have done in their dreams, they believe themselves absolutely obliged to execute at the earliest moment. The other nations content themselves with observing those of their dreams which are the most important; but this people, which has the reputation of living more religiously than its neighbors, would think itself guilty of a great crime if it failed in its observance of a single dream. The people think only of that, they talk about nothing else, and all their cabins are filled with their dreams…Some have been known to go as far as Quebec, traveling a hundred and fifty leagues, for the sake of getting a dog, that they had dreamed of buying there…’. Wallace argues that this is a direct psychological consequence of the stoicism and importance of personal freedom and autonomy in Iroquoian societies. See also Blau 1963; Graeber 2001: 136–9.",Wallace 1958 | Blau 1963 | Graeber 2001,"Wallace, Anthony F. C. 1958. ‘Dreams and the wishes of the soul: a type of psychoanalytic theory among the seventeenth century Iroquois.’ American Anthropologist (N.S.) 60 (2): 234–48. | Blau, Harold. 1963. ‘Dream guessing: a comparative analysis.’ Ethnohistory 10: 233–49. | Graeber, David. 2001. Toward an Anthropological Theory of Value: The False Coin of Our Own Dreams. New York: Palgrave."
M0008,S002,Cholula,Cholula,L3166,3166,3166,Chapter 9: Hiding in Plain Sight,chapter,9,"In his Five Letters of Relation, written between 1519 and 1526, Hernán Cortés recounts his entry to the mountain-ringed Valley of Puebla, on the southern tip of the Mexican altiplano. The valley at that time sheltered numerous native cities, of which the largest included pyramid-studded Cholula, and also the city of Tlaxcala. It was indeed in Tlaxcala that Cortés found local allies who fought alongside him, advancing first on Cholula and then going on to defeat the armies of Moctezuma the Younger and lay waste to the Aztec capital of Tenochtitlan, in the neighbouring Valley of Mexico. Cortés estimated the population of Tlaxcala and its rural dependencies at 150,000. ‘There is a market in this city,’ he reported back to Charles V, ‘in which more than thirty thousand people are occupied in buying and selling,’ and the province ‘contains many wide-spreading fertile valleys all tilled and sown, no part of it being left wild, and measures some ninety leagues in circumference’. Also, the ‘order of government so far observed among the people resembles very much the republics of Venice, Genoa, and Pisa for there is no supreme overlord.’45",ch9-n45,Cortés 1928 [1520]: 51.,Cortés 1928,"Cortés, Hernando. 1928. Five Letters, 1519–1526. London: Routledge."
M0009,S002,Cholula,Cholula,L3182,3182,3182,Chapter 9: Hiding in Plain Sight,chapter,9,"How, exactly, did the Tlaxcalteca arrive at a decision to ally with Cortés on the field of battle, thereby ensuring the Spaniards’ victory over the Aztec Empire? It is clear the matter was fraught and deeply divisive (as it was in other Pueblan cities as well: in Cholula, for example, the same dilemma occasioned a rupture between the leaders of six calpolli – urban wards – three of whom took the others hostage, whereupon the latter absconded to Tlaxcala).48 In Tlaxcala itself, though, the argument took a very different form to what happened in Cholula.",ch9-n48,"In sixteenth-century Mexican city-states (or altepetl), these urban wards called calpolli enjoyed considerable autonomy. Calpolli were ideally organized into symmetrical sets, with reciprocal rights and duties. The city as a whole worked on the basis of each calpolli taking its turn to fulfil the obligations of municipal government, rendering its share of tribute, workers for corvée service and personnel to staff the higher ranks of political office, including – in the case of royal cities – the office of tlatoani (king, or literally ‘speaker’). Special land allotments often went along with official roles, to support the incumbent administrator, and had to be surrendered at the end of a term. This opened up positions of authority to those who lacked hereditary estates. Calpolli also existed outside cities – in rural settlements and small towns – where they may have corresponded more closely to extended kin units; within cities they were often defined administratively by their shared responsibilities for delivering tithes, taxes and corvée, but also sometimes along ethnic or occupational lines, or in terms of shared religious duties, or even origin myths. Rather like the English term ‘neighbourhood’, calpolli seems to have become a nebulous concept in the modern scholarly literature, potentially covering an enormous variety of social forms and units; see Lockhart 1985; Fargher et al. 2010; Smith 2012: 135–6 and passim.",Lockhart 1985 | Fargher 2010 | Smith 2012,"Lockhart, James. 1985. ‘Some Nahua concepts in postconquest guise.’ History of European Ideas 6 (4): 465–82. | Fargher, Lane, Richard E. Blanton and Verenice Y. Heredia Espinoza. 2010. ‘Egalitarian ideology and political power in prehispanic Central Mexico: the case of Tlaxcalan.’ Latin American Antiquity 21 (3): 227–51. | Smith, Michael E. 2012. The Aztecs (3rd edn). Oxford: Wiley-Blackwell."
M0010,S002,Cholula,Cholula,L3218,3218,3218,Chapter 9: Hiding in Plain Sight,chapter,9,"Motolinía confirms Cortés’s original observation: that Tlaxcala was indeed an indigenous republic governed not by a king, nor even by rotating office holders (as at Cholula), but by a council of elected officials (teuctli) answerable to the citizenry as a whole. Exactly how many sat on the high council of Tlaxcala is not clear: Spanish sources suggest any number from fifty to 200. Perhaps it depended on the matter at hand. Neither, unfortunately, does he tell us anything in detail about how these individuals were selected for office, or who was eligible (other Pueblan cities, including royal ones, rotated official duties among representatives of calpolli). On the topic of Tlaxcalteca modes of political training and instruction, however, Motolinía’s account comes alive.",,,,
M0011,S003,Palos de la Frontera,Palos de la Frontera,L1680,1680,1680,Chapter 5: Many Seasons Ago,chapter,5,"When Christopher Columbus set sail from Palos de la Frontera in 1492, these lands were home to hundreds of thousands, perhaps even millions of inhabitants.1 They were foragers, but about as different from the Hadza, Mbuti or !Kung as one can imagine. Living in an unusually bounteous environment, often occupying villages year-round, the indigenous peoples of California, for example, were notorious for their industry and, in many cases, near-obsession with the accumulation of wealth. Archaeologists often characterize their techniques of land management as a kind of incipient agriculture; some even use Aboriginal California as a model for what the prehistoric inhabitants of the Fertile Crescent – who first began domesticating wheat and barley 10,000 years ago in the Middle East – might have been like.",ch5-n1,"Indigenous population figures are highly contested, but there is agreement that the Pacific littoral was among the most densely populated regions of aboriginal North America; see Denevan 1992; Lightfoot and Parrish 2009.",Denevan 1992,"Denevan, William M. 1992. The Native Population of the Americas in 1492. Wisconsin: University of Wisconsin Press."
M0012,S004,Sainte-Engrâce,Sainte-Engrâce,L2752,2752,2752,Chapter 8: Imaginary Cities,chapter,8,"In the commune of Sainte-Engrâce, for instance, the circular template of the village is also a dynamic model used as a counting device, to ensure the seasonal rotation of essential tasks and duties. Each Sunday, one household will bless two loaves at the local church, eat one, then present the other to its ‘first neighbour’ (the house to their right); the next week that neighbour will do the same to the next house to its right, and so on in a clockwise direction, so that in a community of 100 households it would take about two years to complete a full cycle.37",ch8-n37,Ascher 2004: 130.,Ascher 2004,"Ascher, Marcia. 2004. Mathematics Elsewhere: An Exploration of Ideas Across Cultures. Princeton, NJ: Princeton University Press."
M0013,S005,Cuzco,Cuzco,L3361,3361,3361,Chapter 10: Why the State Has No Origin,chapter,10,"More precisely, Tawantinsuyu refers to the four suyus or major administrative units of the Sapa Inca’s domain. From their capital at Cuzco, where it was said even grass was made of gold, Inca of royal blood extracted periodic mit’a – a rotating labour tribute, or corvée – from some millions of subjects distributed across the western littoral of South America, from Quito to Santiago.14 Exercising a degree of sovereignty over eighty contiguous provinces and countless ethnic groups, by the end of the fifteenth century the Inca had achieved something like the ‘universal monarchy’ (monarchia universalis) that the Habsburgs, rulers of numerous scattered territories, could only conjure in their dreams. Nevertheless, if Tawantinsuyu is to be considered a state, it was still very much a state in formation.",ch10-n14,Murra 1982.,Murra 1982,"Murra, John Victor. 1982. ‘The Mit’a obligations of ethnic groups to the Inka state.’ In G. Collier, R. Rosaldo and J. Wirth (eds), The Inca and Aztec States, 1400–1800. New York: Academic Press, pp. 237–62."
M0014,S005,Cuzco,Cuzco,L3363,3363,3363,Chapter 10: Why the State Has No Origin,chapter,10,"Just as the popular image of the Aztecs turns on mass carnage, popular images of the Inca tend to portray them as master administrators: as we’ve seen, Enlightenment thinkers like Madame de Graffigny and her readers formed their first impression of what a welfare state, or even state socialism, might be like by contemplating accounts of the empire in the Andes. In reality, Inca efficiency was decidedly uneven. The empire, after all, was over 2,500 miles long. In villages at any appreciable distance from Cuzco, Chan Chan or other centres of royal power, the imperial apparatus made, at best, a sporadic appearance and many villages remained largely self-governing. Chroniclers and officials like Juan Polo de Ondegardo y Zárate were intrigued to discover that while typical Andean villages did indeed have a complex administrative apparatus, that apparatus appeared to be entirely home-grown, based on collective associations called ayllu. In order to accommodate imperial demands for tribute or corvée labour, local communities had merely tweaked these collectives slightly.15",ch10-n15,"Ayllu, as we will discuss again later in the chapter, were land-holding groups, bound by ties of descent that cut across households. Their original function was to manage the redistribution of labour within, and sometimes between, villages, so no household was left to fend for itself. The kind of tasks usually taken on by ayllu corporations were routinely necessary, but fell beyond the capacity of a typical nuclear household: such things as clearing fields, harvesting crops, managing canals and reservoirs, porterage or fixing bridges and other buildings. Importantly, the ayllu organization also acted as a support system for families who found themselves unable to obtain the basic material requirements of lifecycle rituals – chicha for funerals, houses for newly married couples and so on. See Murra 1956; Godoy 1986; Salomon 2004.",Murra 1956 | Godoy 1986 | Salomon 2004,"Murra, John Victor. 1956. The Economic Organization of the Inca State. Chicago: Department of Anthropology. PhD dissertation, republished as The Economic Organization of the Inka State by JAI Press, Stamford, CT 1980). | Godoy, Ricardo A. 1986. ‘The fiscal role of the Andean Ayllu.’ Man (N.S.) 21 (4): 723–41. | Salomon, Frank. 2004. The Cord Keepers. Khipus and Cultural Life in a Peruvian Village. Durham, NC and London: Duke University Press."
M0015,S005,Cuzco,Cuzco,L3369,3369,3369,Chapter 10: Why the State Has No Origin,chapter,10,"The most important officials were ‘honorary Inca’ who, while not directly related to the sovereign, were allowed to wear the same ear ornaments and were otherwise seen as an extension of his personage. Statue doubles or other substitutes might also be employed – there was an elaborate ritual protocol surrounding these – but to do anything important, the Sapa Inca’s personal presence was required, meaning the court was continually on the move, with the royal person being regularly carried through the ‘four quarters’ in a litter lined with silver and feathers. This, as much as the need to carry armies and supplies, required enormous investment in road systems, converting one of the world’s most complex and rugged terrains into a continuous network of well-maintained highways and stepped paths, punctuated by shrines (huacas) and way stations, stocked and staffed from the royal coffers.17 It was on one such annual tour, far from the walls of Cuzco, that the last Sapa Inca, Atahualpa, was abducted by Pizarro’s men and subsequently killed.",ch10-n17,See Kolata 1992; 1997.,Kolata 1992,"Kolata, Alan. 1992. ‘In the realm of the Four Quarters.’ In Alvin M. Josephy (ed.), America in 1492. New York: Knopf, pp. 215–47."
M0016,S005,Cuzco,Cuzco,L3651,3651,3651,Chapter 10: Why the State Has No Origin,chapter,10,"Looking at China only seems to complicate things even further. In the time of the late Shang, from 1200 to 1000 bc, Chinese society did share certain features with the other canonical ‘early states’ but, considered as an integrated whole, it’s entirely unique. Like Inca Cuzco, the Shang capital at Anyang was designed as a ‘pivot of the four quarters’ – a cosmological anchor for the entire kingdom, laid out as a grand stage for royal ritual. Like both Cuzco and the Egyptian capital of Memphis (and later Thebes), the city was suspended between the worlds of the living and the dead, serving as home to the royal cemeteries and their attached mortuary temples, as well as a living administration. Its industrial quarters produced enormous quantities of bronze vessels and jades, the tools used in communing with ancestors.104 But in most important ways, we find little similarity between the Shang and either Old Kingdom Egypt or Inca Peru. For one thing, Shang rulers did not claim sovereignty over an extended area. They couldn’t travel safely, let alone issue commands, outside a narrow band of territories clustered on the middle and lower reaches of the Yellow River, not far from the royal court.105 Even there one is left with a sense that they didn’t really claim sovereignty in the same sense as Egyptian, Peruvian or even Mayan rulers. The clearest evidence is the exceptional importance of divination in the early Chinese state, which stands in striking contrast to pretty much all the other examples we’ve been looking at.106",ch10-n104 | ch10-n105 | ch10-n106,"See Bagley 1999. | Shaughnessy 1989. | Appeal to divination is limited in Egypt before the New Kingdom, and had an ambivalent role in Inca systems of government. As Gose (1996: 2) explains, in the Inca case oracular performances were actually at odds with the personal authority of living kings. They centred instead on the mummified bodies of royal ancestors or their statue equivalents, which provided one of the few venues for expressing subaltern (and potentially subversive) views, in a manner that did not challenge the assumption of the ruler’s absolute sovereignty and supreme authority. In a similar way, in Renaissance times, to take a king or queen’s horoscope was often considered to be an act of treason. Maya kings used bloodletting and stone-tossing as forms of divination, but they do not seem to have been of central importance to affairs of state.",Bagley 1999 | Shaughnessy 1989 | Gose 1996,"Bagley, Robert. 1999. ‘Shang archaeology.’ In Loewe and Shaughnessy (eds), pp. 124–231. | Shaughnessy, Edward. L. 1989. ‘Historical geography and the extent of the earliest Chinese kingdom.’ Asia Minor (2) 2: 1–22. | Gose, Peter. 1996. ‘Oracles, divine kingship, and political representation in the Inka State.’ Ethnohistory 43 (1): 1–32."
M0017,S006,Athens,Athens,L0923,923,923,Chapter 2: Wicked Liberty,chapter,2,"Ancient Athenian democracy, to take just one example, was based on political equality among its citizens – even if these were only somewhere between 10 and 20 per cent of the overall population – in the sense that each had the same rights to participate in public decision-making. We are taught to see this notion of equal civic participation as a milestone in political development, revived and expanded some 2,000 years later (as it happens, the political systems labelled ‘democracies’ in nineteenth-century Europe had almost nothing to do with ancient Athens, but this is not really the point). What’s more to the point is that Athenian intellectuals at the time, who were mostly of aristocratic background, tended to consider the whole arrangement a tawdry business, and most of them much preferred the government of Sparta, ruled by an even smaller percentage of the total population, who lived collectively off the labours of serfs.",,,,
M0018,S006,Athens,Athens,L1773,1773,1773,Chapter 5: Many Seasons Ago,chapter,5,"Schismogenesis, you’ll recall, describes how societies in contact with each other end up joined within a common system of differences, even as they attempt to distinguish themselves from one another. Perhaps the classic historical example (in both senses of the term ‘classic’) would be the ancient Greek city-states of Athens and Sparta, in the fifth century bc. As Marshall Sahlins puts it:",,,,
M0019,S006,Athens,Athens,L1775,1775,1775,Chapter 5: Many Seasons Ago,chapter,5,"Dynamically interconnected, they were then reciprocally constituted…Athens was to Sparta as sea to land, cosmopolitan to xenophobic, commercial to autarkic, luxurious to frugal, democratic to oligarchic, urban to villageois, autochthonous to immigrant, logomanic to laconic: one cannot finish enumerating the dichotomies…Athens and Sparta were antitypes.22",ch5-n22,Sahlins 2004: 69.,Sahlins 2004,"Sahlins, Marshall. 2004. Apologies to Thucydides. Chicago: University of Chicago Press."
M0020,S006,Athens,Athens,L1830,1830,1830,Chapter 5: Many Seasons Ago,chapter,5,"Slaves on the Northwest Coast were hewers of wood and drawers of water, but they were especially involved in the mass harvesting, cleaning and processing of salmon and other anadromous fish. There’s no consensus, however, on how far back the indigenous practice of slavery actually went there. The first European accounts of the region in the late eighteenth century speak of slaves, and express mild surprise in doing so, since full-fledged chattel slavery was quite unusual in other parts of aboriginal North America. These accounts suggest that perhaps a quarter of the indigenous Northwest Coast population lived in bondage – which is about equivalent to proportions found in the Roman Empire, or classical Athens, or indeed the cotton plantations of the American South. What’s more, slavery on the Northwest Coast was a hereditary status: if you were a slave, your children were also fated to be so.30",ch5-n30,See Donald 1997.,Donald 1997,"Donald, Leland. 1997. Aboriginal Slavery on the Northwest Coast of North America. Berkeley: University of California Press."
M0021,S006,Athens,Athens,L1950,1950,1950,Chapter 5: Many Seasons Ago,chapter,5,"To underscore the contrast, we should note that in any true Northwest Coast settlement hereditary slaves might have constituted up to a quarter of the population. These figures are striking. As we noted earlier, they rival the demographic balance in the colonial South at the height of the cotton boom and are in line with estimates for household slavery in classical Athens.60 If so, these were full-blown ‘slave societies’ where unfree labour underpinned the domestic economy and sustained the prosperity of nobles and commoners alike. Assuming that many groups came south from the Northwest Coast, as linguistic and other evidence suggests, and that at least some of this movement took place after about 1800 bc (when slavery was most likely institutionalized), the question becomes: when and how did foragers in the ‘shatter zone’ come to lose the habit of keeping slaves?",ch5-n60,MacLeod 1928; Mitchell 1985; Donald 1997.,MacLeod 1928 | Mitchell 1985 | Donald 1997,"MacLeod, William C. 1928. ‘Economic aspects of indigenous American slavery.’ American Anthropologist 30 (4): 632–50. | Mitchell, Donald. 1985. ‘A demographic profile of Northwest Coast slavery.’ In M. Thompson, M. T. Garcia and F. J. Kense (eds), Status, Structure and Stratification: Current Archaeological Reconstructions. Calgary, Alberta: Archaeological Association of the University of Calgary, pp. 227–36. | Donald, Leland. 1997. Aboriginal Slavery on the Northwest Coast of North America. Berkeley: University of California Press."
M0022,S006,Athens,Athens,L2049,2049,2049,Chapter 6: Gardens of Adonis,chapter,6,"The gardens of Adonis, to which Plato is referring here, were a sort of festive speed farming which produced no food. For the philosopher, they offered a convenient simile for all things precocious, alluring, but ultimately sterile. In the dog days of summer, when nothing can grow, the women of ancient Athens fashioned these little gardens in baskets and pots. Each held a mix of quick-sprouting grain and herbs. The makeshift seedbeds were carried up ladders on to the flat roofs of private houses and left to wilt in the sun: a botanical re-enactment of the premature death of Adonis, the fallen hunter, slain in his prime by a wild boar. Then, beyond the public gaze of men and civic authority, began the rooftop rites. Open to women from all classes of Athenian society, including prostitutes, these were rites of grieving but also wanton drunkenness, and no doubt other forms of ecstatic behaviour as well.",,,,
M0023,S006,Athens,Athens,L2716,2716,2716,Chapter 8: Imaginary Cities,chapter,8,"The mega-sites of Ukraine and adjoining regions were inhabited from roughly 4100 to 3300 bc, that is, for something in the order of eight centuries, which is considerably longer than most subsequent urban traditions. Why were they there at all? Like the cities of Mesopotamia and the Indus valley, they appear to have been born of ecological opportunism in the middle phase of the Holocene. Not floodplain dynamics, in this case, but processes of soil formation on the flatlands north of the Black Sea. These black earths (Russian: chernozem) are legendary for their fertility; for the empires of later antiquity, they made the lands between the Southern Bug and Dniepr Rivers a breadbasket (which is why Greek city-states established colonies in the region and enslaved or made serfs of the local populations to begin with: ancient Athens was largely fed by Black Sea grain).",,,,
M0024,S006,Athens,Athens,L2823,2823,2823,Chapter 8: Imaginary Cities,chapter,8,"Neighbourhood wards (Akkadian: bābtum, after the word for ‘gate’) were active in local administration, and sometimes appear to have replicated certain aspects of village or tribal governance in an urban setting.56 Murder trials, divorce and property disputes seem to have been mostly in the hands of town councils. Texts found at Nippur give unusual details about the composition of one such assembly, summoned to act as a jury for a homicide case. Among those sitting we find one bird catcher, one potter, two gardeners and a soldier in the service of a temple. The Trinidadian intellectual C. L. R. James once said of fifth-century Athens that ‘every cook can govern’. In Mesopotamia, or at least in many parts of it, it seems this was literally true: being a manual labourer did not exclude one from direct participation in law and politics.57",ch8-n56 | ch8-n57,"One such ‘urban village’, as Nicholas Postgate (1992: 81–2) terms it, is documented in a tablet recovered from the city of Eshnunna in the Diyala valley, which lists Amorites ‘living in the city’ according to their wards, designated by the names of male family heads and their sons. | See e.g. Van de Mieroop 1999, especially p. 123.",Postgate 1992 | Mieroop 1999,"Postgate, Nicholas. 1992. Early Mesopotamia: Society and Economy at the Dawn of History. London: Routledge. | Mieroop, Marc Van De. 1999. ‘The government of an ancient Mesopotamian city: what we know and why we know so little.’ In K. Watanabe (ed.), Priests and Officials in the Ancient Near East. Heidelberg: Universitätsverlag C. Winter, pp. 139–61."
M0025,S006,Athens,Athens,L2846,2846,2846,Chapter 8: Imaginary Cities,chapter,8,"To draw an obvious parallel: the Athenian agora in the time of Pericles (the fifth century bc) was also full of public temples, but the actual democratic assemblies took place in an open space called the Pnyx, a low hill equipped with seating for the Council of Five Hundred citizens, appointed – by sortition, with rotating membership – to run the everyday affairs of the city (all other citizens were expected to stand). Meetings at the Pnyx could involve anywhere between 6,000 and 12,000 people, groups comprising free adult males drawn from perhaps 20 per cent of the city’s total population. The Great Court at Uruk is considerably larger, and while we have little idea what the total population of Uruk was in, say, 3500 bc, it’s hard to imagine it was anywhere near that of classical Athens. This suggests a wider range of participation, which would make sense if women were not entirely excluded and if early Uruk did not, like later Athens, define some 30 per cent of its population as resident aliens with no voting rights, and up to 40 per cent as slaves.",,,,
M0026,S006,Athens,Athens,L2850,2850,2850,Chapter 8: Imaginary Cities,chapter,8,"Once again, while evidence of democratic self-governance is always a bit ambiguous (would anyone guess what was really going on in fifth-century Athens, from archaeological evidence alone?), evidence for royal rule, when it appears, is entirely unmistakable.",,,,
M0027,S006,Athens,Athens,L3176,3176,3176,Chapter 9: Hiding in Plain Sight,chapter,9,"Politically, the Aztec capital of Tenochtitlan and the city-state of Tlaxcala embodied opposite ideals (no less than, say, ancient Sparta and Athens). Still, little of this history is known, because the story we’ve become used to telling about the conquest of the Americas is an entirely different one. The fall of Tenochtitlan in 1521 is often used to illustrate what some feel to be deeper, underlying currents of change in human societies: the forces that give history its overall shape and direction. Starting with Alfred Crosby and Jared Diamond,47 writers in this vein have repeatedly pointed out that the conquistadors had something akin to manifest destiny on their side. Not the divinely ordained sort of destiny they envisaged for themselves, but rather the unstoppable force of an invisible army of Neolithic Old World microbes, marching alongside the Spaniards, carrying waves of smallpox to decimate indigenous populations, and a Bronze Age legacy of metal weapons, guns and horses to shock and awe the helpless natives.",,,,
M0028,S006,Athens,Athens,L3236,3236,3236,Chapter 9: Hiding in Plain Sight,chapter,9,"Modern archaeological investigations thus confirm the existence of an indigenous republic at Tlaxcala long before Cortés set foot on Mexican soil, while later written sources leave us in little doubt as to its democratic credentials. The contrasts with other known Mesoamerican cities of the time are quite striking – though it should also be said that fifth-century Athens was something of an outlier, surrounded by petty kingdoms and oligarchies. Nor should these contrasts be overdrawn. What we have learned in this chapter is that the political traditions of Tlaxcala are not an anomaly, but lie in one broad stream of urban development which can be traced back, in outline, to the experiments in social welfare undertaken 1,000 years earlier at Teotihuacan. Despite Aztec claims to a special relationship with that abandoned city, Tlaxcala was at least as much a part of its legacy as the Aztec capital of Tenochtitlan – and in most really significant ways, more so.",,,,
M0029,S006,Athens,Athens,L3259,3259,3259,Chapter 10: Why the State Has No Origin,chapter,10,"Von Ihering’s definition worked fairly well for modern states. However, it soon became clear that for most of human history, rulers either didn’t make such grandiose claims – or, if they did, their claims to a monopoly on coercive force held about the same status as their claims to control the tides or the weather. To retain von Ihering and Weber’s definition one would either have to conclude that, say, Hammurabi’s Babylon, Socrates’ Athens or England under William the Conqueror weren’t states at all – or come up with a more flexible or nuanced definition. Marxists offered one: they suggested that states make their first appearance in history to protect the power of an emerging ruling class. As soon as one has a group of people living routinely off the labour of another, the argument ran, they will necessarily create an apparatus of rule, officially to protect their property rights, in reality to preserve their advantage (a line of thinking very much in the tradition of Rousseau). This definition brought Babylon, Athens and medieval England back into the fold, but also introduced new conceptual problems, such as how to define exploitation. And it was unpalatable to liberals, ruling out any possibility that the state could ever become a benevolent institution.",,,,
M0030,S006,Athens,Athens,L3302,3302,3302,Chapter 10: Why the State Has No Origin,chapter,10,"If we are seeking an ancient precedent to this aspect of modern democracy, we shouldn’t turn to the assemblies of Athens, Syracuse or Corinth, but instead – paradoxically – to aristocratic contests of ‘heroic ages’, such as those described in the Iliad, with its endless agons: races, duels, games, gifts and sacrifices. As we noted in Chapter Nine, the political philosophers of later Greek cities did not actually consider elections a democratic way of selecting candidates for public office at all. The democratic method was sortition, or lottery, much like modern jury duty. Elections were assumed to belong to the aristocratic mode (aristocracy meaning ‘rule of the best’), allowing commoners – much like the retainers in an old-fashioned, heroic aristocracy – to decide who among the well born should be considered best of all; and well born, in this context, simply meant all those who could afford to spend much of their time playing at politics.3",ch10-n3,"This definition held sway for a long time in Europe. It is why medieval England could begin holding elections to select parliamentary representatives as far back as the thirteenth century; but it never occurred to anyone that this had something to do with ‘democracy’ (a term which, at the time, was held in near-total disrepute). It was only much more recently, in the late nineteenth century, when men like Tom Paine came up with the idea of ‘representative democracy’ that the right to weigh in on spectacular competitions among the political elite came to be seen as the essence of political freedom, rather than its antithesis.",,
M0031,S006,Athens,Athens,L3782,3782,3782,Chapter 10: Why the State Has No Origin,chapter,10,"It’s a compelling story. It is also quite true when applied to our present-day situation (at least, only a small percentage of us are now involved in the production and distribution of foodstuffs). However, almost none of the regimes we’ve been considering in this chapter were actually staffed by full-time specialists. Most obviously, none seem to have had a standing army. Warfare was largely a business for the agricultural off-season. Priests and judges rarely worked full-time either; in fact, most government institutions in Old Kingdom Egypt, Shang China, Early Dynastic Mesopotamia or for that matter classical Athens were staffed by a rotating workforce whose members had other lives as managers of rural estates, traders, builders or any number of different occupations.134",ch10-n134,"See, for example, Richardson (2012) on Mesopotamia, and Schrakamp (2010) on the seasonal dimensions of early dynastic military organization; Tuerenhout (2002) on seasonal warfare among the Classic Maya; and for further examples and discussion see contributions to Neumann et al. (eds) (2014); Meller and Schefik (2015).",Richardson 2012 | Schrakamp 2010 | Tuerenhout 2002,"Richardson, Seth. 2012. ‘Early Mesopotamia: the presumptive state.’ Past and Present 215: 3–49. | Schrakamp, I. 2010. Krieger und Waffen im frühen Mesopotamien. Organisation und Bewaffnung des Militärs in frühdynastischer und sargonischer Zeit. Marburg: Philipps-Universität. | Tuerenhout, Dirk Van. 2002. ‘Maya warfare: sources and interpretations.’ Civilisations 50: 129–52."
M0032,S006,Athens,Athens,L4149,4149,4149,Chapter 11: Full Circle,chapter,11,"This last point is critical, because – as outlined earlier – we are used to imagining that the very notion of a people self-consciously creating their own institutional arrangements is largely a product of the Enlightenment. Obviously, the idea that nations could be effectively created by great lawmakers such as Solon of Athens, Lycurgus in Sparta or Zoroaster in Persia, and that their national character was in some sense a product of that institutional structure, was a familiar one in antiquity. But we are generally taught to think of the French political philosopher Charles-Louis de Secondat, Baron de Montesquieu as the first to build an explicit and systematic body of theory based on the principle of institutional reform with his book The Spirit of the Laws (1748). By doing so, it’s widely believed, he effectively created modern politics. The Founding Fathers of the United States, all avid readers of Montesquieu, were consciously trying to put his theories into practice when they attempted to create a constitution that would preserve the spirit of individual liberty, and spoke of the results as a ‘government of laws and not of men’.",,,,
M0033,S007,Sparta,Sparta,L0923,923,923,Chapter 2: Wicked Liberty,chapter,2,"Ancient Athenian democracy, to take just one example, was based on political equality among its citizens – even if these were only somewhere between 10 and 20 per cent of the overall population – in the sense that each had the same rights to participate in public decision-making. We are taught to see this notion of equal civic participation as a milestone in political development, revived and expanded some 2,000 years later (as it happens, the political systems labelled ‘democracies’ in nineteenth-century Europe had almost nothing to do with ancient Athens, but this is not really the point). What’s more to the point is that Athenian intellectuals at the time, who were mostly of aristocratic background, tended to consider the whole arrangement a tawdry business, and most of them much preferred the government of Sparta, ruled by an even smaller percentage of the total population, who lived collectively off the labours of serfs.",,,,
M0034,S007,Sparta,Sparta,L1773,1773,1773,Chapter 5: Many Seasons Ago,chapter,5,"Schismogenesis, you’ll recall, describes how societies in contact with each other end up joined within a common system of differences, even as they attempt to distinguish themselves from one another. Perhaps the classic historical example (in both senses of the term ‘classic’) would be the ancient Greek city-states of Athens and Sparta, in the fifth century bc. As Marshall Sahlins puts it:",,,,
M0035,S007,Sparta,Sparta,L1775,1775,1775,Chapter 5: Many Seasons Ago,chapter,5,"Dynamically interconnected, they were then reciprocally constituted…Athens was to Sparta as sea to land, cosmopolitan to xenophobic, commercial to autarkic, luxurious to frugal, democratic to oligarchic, urban to villageois, autochthonous to immigrant, logomanic to laconic: one cannot finish enumerating the dichotomies…Athens and Sparta were antitypes.22",ch5-n22,Sahlins 2004: 69.,Sahlins 2004,"Sahlins, Marshall. 2004. Apologies to Thucydides. Chicago: University of Chicago Press."
M0036,S007,Sparta,Sparta,L3176,3176,3176,Chapter 9: Hiding in Plain Sight,chapter,9,"Politically, the Aztec capital of Tenochtitlan and the city-state of Tlaxcala embodied opposite ideals (no less than, say, ancient Sparta and Athens). Still, little of this history is known, because the story we’ve become used to telling about the conquest of the Americas is an entirely different one. The fall of Tenochtitlan in 1521 is often used to illustrate what some feel to be deeper, underlying currents of change in human societies: the forces that give history its overall shape and direction. Starting with Alfred Crosby and Jared Diamond,47 writers in this vein have repeatedly pointed out that the conquistadors had something akin to manifest destiny on their side. Not the divinely ordained sort of destiny they envisaged for themselves, but rather the unstoppable force of an invisible army of Neolithic Old World microbes, marching alongside the Spaniards, carrying waves of smallpox to decimate indigenous populations, and a Bronze Age legacy of metal weapons, guns and horses to shock and awe the helpless natives.",,,,
M0037,S007,Sparta,Sparta,L4149,4149,4149,Chapter 11: Full Circle,chapter,11,"This last point is critical, because – as outlined earlier – we are used to imagining that the very notion of a people self-consciously creating their own institutional arrangements is largely a product of the Enlightenment. Obviously, the idea that nations could be effectively created by great lawmakers such as Solon of Athens, Lycurgus in Sparta or Zoroaster in Persia, and that their national character was in some sense a product of that institutional structure, was a familiar one in antiquity. But we are generally taught to think of the French political philosopher Charles-Louis de Secondat, Baron de Montesquieu as the first to build an explicit and systematic body of theory based on the principle of institutional reform with his book The Spirit of the Laws (1748). By doing so, it’s widely believed, he effectively created modern politics. The Founding Fathers of the United States, all avid readers of Montesquieu, were consciously trying to put his theories into practice when they attempted to create a constitution that would preserve the spirit of individual liberty, and spoke of the results as a ‘government of laws and not of men’.",,,,
M0038,S008,Rome,Rome,L0837,837,837,Chapter 2: Wicked Liberty,chapter,2,"The European conception of individual freedom was, by contrast, tied ineluctably to notions of private property. Legally, this association traces back above all to the power of the male household head in ancient Rome, who could do whatever he liked with his chattels and possessions, including his children and slaves.51 In this view, freedom was always defined – at least potentially – as something exercised to the cost of others. What’s more, there was a strong emphasis in ancient Roman (and modern European) law on the self-sufficiency of households; hence, true freedom meant autonomy in the radical sense, not just autonomy of the will, but being in no way dependent on other human beings (except those under one’s direct control). Rousseau, who always insisted he wished to live without being dependent on others’ help (even as he had all his needs attended to by mistresses and servants), played out this very same logic in the conduct of his own life.52",ch2-n51 | ch2-n52,"See Graeber 2011: 203–7. | Rousseau himself had fled home at an early age, writing to his Swiss watchmaker father that he aspired to live ‘without the help of others’.",Graeber 2011,"Graeber, David. 2011. Debt: The First 5,000 Years. New York: Melville House."
M0039,S008,Rome,Rome,L2900,2900,2900,Chapter 8: Imaginary Cities,chapter,8,"It goes without saying that we cannot possibly hope to trace all these various tendencies back into periods for which no written testimony exists. But it is equally clear that, insofar as modern archaeology allows us to identify an ultimate origin for ‘heroic societies’ of this sort, it is to be found precisely on the spatial and cultural margins of the world’s first great urban expansion (indeed, some of the earliest aristocratic tombs in the Turkish highlands were dug directly into the ruins of abandoned Uruk colonies).82 Aristocracies, perhaps monarchy itself, first emerged in opposition to the egalitarian cities of the Mesopotamian plains, for which they likely had much the same mixed but ultimately hostile and murderous feelings as Alaric the Goth would later have towards Rome and everything it stood for, Genghis Khan towards Samarkand or Merv, or Timur towards Delhi.",ch8-n82,"Largely as predicted, in fact, by Andrew Sherratt (1996); and see also Wengrow 2011. Where urban and upland societies converged, a third element emerged which resembles neither the tribal aristocracies nor the more egalitarian cities. Archaeologists know this other element as the Kura-Araxes or Transcaucasian culture, but it has proved hard to define in terms of settlement types, which vary widely within it. For archaeologists, what identifies the Transcaucasian culture above all is its highly burnished pottery, which achieved a remarkable distribution extending south from the Caucasus as far as the Jordan valley. Over such considerable distances, methods for making pottery and other distinctive craft products stayed remarkably constant, suggesting to some the migration of artisans, and perhaps even whole communities, to settle in remote locations. Such diaspora groups seem to have been widely involved in the circulation and working of metals, especially copper. They carried with them certain other distinctive practices such as the use of portable cooking hobs, sometimes decorated with faces, which supported lidded pots used to prepare a cuisine based on stews and casseroles: a somewhat eccentric practice in regions where roasting and baking food in fixed ovens was an age-old practice going back to Neolithic times (see Wilkinson 2014, with further references).",Wengrow 2011 | Wilkinson 2014,"Wengrow, David. 2011. ‘Archival and sacrificial economies in Bronze Age Eurasia: an interactionist approach to the hoarding of metals.’ In T. Wilkinson, D. J. Bennet and S. Sherratt (eds), Interweaving Worlds. Oxford: Oxbow Books, pp. 135–44. | Wilkinson, Toby. 2014. ‘The Early Transcaucasian phenomenon in structural-systemic perspective: cuisine, craft and economy.’ Paléorient 40 (2): 203–29."
M0040,S008,Rome,Rome,L3023,3023,3023,Chapter 9: Hiding in Plain Sight,chapter,9,"For all their facility with astronomical calculation, the builders of Tenochtitlan either didn’t know or didn’t find it important to know when, precisely, Teotihuacan had last been inhabited. Here, at least, archaeology has been able to fill in the gaps. We know now that the city of Teotihuacan had its heyday eight centuries before the coming of the Mexica, and more than 1,000 years before the arrival of the Spanish. Its foundation dates to around 100 bc, and its decline to around ad 600. We also know that, in the course of those centuries, Teotihuacan became a city of such grandeur and sophistication that it could easily be put on a par with Rome at the height of its imperial power.",,,,
M0041,S008,Rome,Rome,L3025,3025,3025,Chapter 9: Hiding in Plain Sight,chapter,9,"We don’t actually know if Teotihuacan was, like Rome, the centre of a great empire, but even conservative estimates place its population at around 100,0006 (perhaps as much as five times the likely population of Mohenjo-daro, Uruk or any of the other early Eurasian cities we discussed in the last chapter). At its zenith, there were probably at least a million people distributed across the Valley of Mexico and surrounding lands, many of whom had only visited the great city once, or perhaps only knew someone who had, but nonetheless considered Teotihuacan the most important place in the entire world.",,,,
M0042,S008,Rome,Rome,L3466,3466,3466,Chapter 10: Why the State Has No Origin,chapter,10,"Consider Chavín de Huántar itself, located high in the Mosna valley of the Peruvian Andes. Archaeologists once believed it to have been the core of a pre-Inca empire in the first millennium bc: a state controlling a hinterland that stretched to the Amazonian rainforest to the east and the Pacific Coast to the west, and included all the intervening highlands and coastal drainages in between. Such power seemed commensurate with the scale and sophistication of Chavín’s cut-stone architecture, its unrivalled abundance of monumental sculpture, and the appearance of Chavín motifs on pottery, jewellery and textiles across the wider region. But was Chavín really some kind of ‘Rome of the Andes’?",,,,
M0043,S008,Rome,Rome,L3801,3801,3801,Chapter 10: Why the State Has No Origin,chapter,10,"On reflection, it’s odd that the term ‘civilization’ – one we’ve not discussed much until now – ever came to be used this way in the first place. When people talk about ‘early civilizations’ they are mostly referring to those very same societies we’ve been describing in this chapter and their direct successors: Pharaonic Egypt, Inca Peru, Aztec Mexico, Han China, Imperial Rome, ancient Greece, or others of a certain scale and monumentality. All these were deeply stratified societies, held together mostly by authoritarian government, violence and the radical subordination of women. Sacrifice, as we’ve seen, is the shadow lurking behind this concept of civilization: the sacrifice of our three basic freedoms, and of life itself, for the sake of something always out of reach – whether that be an ideal of world order, the Mandate of Heaven or blessings from insatiable gods. Is it any wonder that in some circles the very idea of ‘civilization’ has fallen into disrepute? Something very basic has gone wrong here.",,,,
M0044,S008,Rome,Rome,L4371,4371,4371,Chapter 12: Conclusion,chapter,12,"The fact that most Roman slaves were not prisoners of war, in the literal sense, doesn’t really make much difference here. What’s important is that their legal status was defined in those terms. What is both striking and revealing, for our present purposes, is how in Roman jurisprudence the logic of war – which dictates that enemies are interchangeable, and if they surrendered they could either be killed or rendered ‘socially dead’, sold as commodities – and, therefore, the potential for arbitrary violence was inserted into the most intimate sphere of social relations, including the relations of care that made domestic life possible. Thinking back to examples like the ‘capturing societies’ of Amazonia or the process by which dynastic power took root in ancient Egypt, we can begin to see how important that particular nexus of violence and care has been. Rome took the entanglement to new extremes, and its legacy still shapes our basic concepts of social structure.",,,,
M0045,S008,Rome,Rome,L4393,4393,4393,Chapter 12: Conclusion,chapter,12,"In this particular respect, French society under the Ancien Régime presents a rather similar picture to imperial Rome – at least, when both are placed in the light of the Wendat example. In both cases, household and kingdom shared a common model of subordination. Each was made in the other’s image, with the patriarchal family serving as a template for the absolute power of kings, and vice versa.14 Children were to be submissive to their parents, wives to husbands, and subjects to rulers whose authority came from God. In each case the superior party was expected to inflict stern chastisement when he considered it appropriate: that is, to exercise violence with impunity. All this, moreover, was assumed to be bound up with feelings of love and affection. Ultimately, the house of the Bourbon monarchs – like the palace of an Egyptian pharaoh, Roman emperor, Aztec tlatoani or Sapa Inca – was not merely a structure of domination but also one of care, where a small army of courtiers laboured night and day to attend to the king’s every physical need and prevent him, as much as was humanly possible, from ever feeling anything but divine.",ch12-n14,See Merrick 1991.,Merrick 1991,"Merrick, Jeffrey. 1991. ‘Patriarchalism and constitutionalism in eighteenth-century parliamentary discourse.’ Studies in Eighteenth-Century Culture 20: 317–30."
M0046,S008,Rome,Rome,L5904,5904,5904,Notes to Chapter 10: Why the State Has No Origin,notes,10,"102. Other examples of regimes where sovereignty and competitive politics dominated the earthly sphere, and administrative hierarchies were projected on to the universe, might include many South Asian societies, which exhibit a similar fascination with cosmic cycles, and medieval Europe, where the Church and its image of angelic hierarchies seems to have preserved a memory of the old legal-bureaucratic order of ancient Rome.",ch10-n102,"Other examples of regimes where sovereignty and competitive politics dominated the earthly sphere, and administrative hierarchies were projected on to the universe, might include many South Asian societies, which exhibit a similar fascination with cosmic cycles, and medieval Europe, where the Church and its image of angelic hierarchies seems to have preserved a memory of the old legal-bureaucratic order of ancient Rome.",,
M0047,S008,Rome,Rome,L5920,5920,5920,Notes to Chapter 10: Why the State Has No Origin,notes,10,"110. Shang China might well be considered the paradigm for what the anthropologist Stanley Tambiah (1973) has described as ‘galactic polities’, also the most common form in later Southeast Asian history, where sovereignty concentrated at the centre and then attenuated outwards, focusing in some places, fading in others to the point where, at the edges, certain rulers or nobles might actually claim to be part of empires – even distant descendants of the founders of empires – whose current ruler had never heard of them. We can contrast this sort of outward proliferation of sovereignty with another kind of macro-political pattern, emerging first in the Middle East and then gradually across much of Eurasia, where diametrically opposed notions of what actually constitutes ‘government’ would face off against each other in dynamic tension, creating the great frontier zones that separated bureaucratic regimes (whether in China, India or Rome) from the heroic politics of nomadic peoples which threatened constantly to overwhelm them; for which see Lattimore 1962; Scott 2017.",ch10-n110,"Shang China might well be considered the paradigm for what the anthropologist Stanley Tambiah (1973) has described as ‘galactic polities’, also the most common form in later Southeast Asian history, where sovereignty concentrated at the centre and then attenuated outwards, focusing in some places, fading in others to the point where, at the edges, certain rulers or nobles might actually claim to be part of empires – even distant descendants of the founders of empires – whose current ruler had never heard of them. We can contrast this sort of outward proliferation of sovereignty with another kind of macro-political pattern, emerging first in the Middle East and then gradually across much of Eurasia, where diametrically opposed notions of what actually constitutes ‘government’ would face off against each other in dynamic tension, creating the great frontier zones that separated bureaucratic regimes (whether in China, India or Rome) from the heroic politics of nomadic peoples which threatened constantly to overwhelm them; for which see Lattimore 1962; Scott 2017.",Tambiah 1973 | Lattimore 1962 | Scott 2017,"Tambiah, Stanley J. 1973. ‘The galactic polity in Southeast Asia.’ In S. J. Tambiah, Culture, Thought, and Social Action. Cambridge, MA: Harvard University Press, pp. 3–31. | Lattimore, Owen. 1962. Studies in Frontier History. Collected Papers 1929– 58. London: Oxford University Press. | Scott, James C. 2017. Against the Grain: A Deep History of the Earliest States. New Haven, CT and London: Yale University Press."
M0048,S009,Varna,Varna,L2702,2702,2702,Chapter 8: Imaginary Cities,chapter,8,"As a result, in these lands the term ‘prehistory’ (or sometimes ‘proto-history’) has always evoked the legacy of aristocratic tribes and lavish tombs crammed with treasure. Such tombs are, certainly, there to be found. On the region’s western flank, in Bulgaria, they begin with the gold-soaked cemetery of Varna, oddly placed in what regional archaeologists refer to as the Copper Age, corresponding to the fifth millennium bc. To the east, in southernmost Russia, a tradition of extravagant funeral rites began shortly after, associated with burial mounds known as kurgans, which do indeed mark the resting places of warrior princes of one sort or another.21",ch8-n21,Anthony 2007.,Anthony 2007,"Anthony, David. W. 2007. The Horse, the Wheel, and Language: How Bronze-Age Riders from the Steppes Shaped the Modern World. Princeton, NJ and Oxford: Princeton University Press."
M0049,S010,Altamira Cave,cave of Altamira | Altamira,L0213,213,213,Chapter 1: Farewell to Humanity’s Childhood,chapter,1,"Most of human history is irreparably lost to us. Our species, Homo sapiens, has existed for at least 200,000 years, but for most of that time we have next to no idea what was happening. In northern Spain, for instance, at the cave of Altamira, paintings and engravings were created over a period of at least 10,000 years, between around 25,000 and 15,000 bc. Presumably, a lot of dramatic events occurred during this period. We have no way of knowing what most of them were.",,,,
M0050,S010,Altamira Cave,Altamira,L0274,274,274,Chapter 1: Farewell to Humanity’s Childhood,chapter,1,"First of all, it’s bizarre to imagine that, say, during the roughly 10,000 (some would say more like 20,000) years in which people painted on the walls of Altamira, no one – not only in Altamira, but anywhere on earth – experimented with alternative forms of social organization. What’s the chance of that? Second of all, is not the capacity to experiment with different forms of social organization itself a quintessential part of what makes us human? That is, beings with the capacity for self-creation, even freedom? The ultimate question of human history, as we’ll see, is not our equal access to material resources (land, calories, means of production), much though these things are obviously important, but our equal capacity to contribute to decisions about how to live together. Of course, to exercise that capacity implies that there should be something meaningful to decide in the first place.",,,,
M0051,S010,Altamira Cave,Altamira,L0995,995,995,Chapter 3: Unfreezing the Ice Age,chapter,3,"In fact, it’s becoming increasingly clear that the whole problem is a mirage. The reason archaeological evidence from Europe is so rich is that European governments tend to be rich; and that European professional institutions, learned societies and university departments have been pursuing prehistory far longer on their own doorstep than in other parts of the world. With each year that passes, new evidence accumulates for early behavioural complexity elsewhere: not just Africa, but also the Arabian Peninsula, Southeast Asia and the Indian subcontinent.13 Even as we write, a cave site on the coast of Kenya called Panga ya Saidi is yielding evidence of shell beads and worked pigments stretching back 60,000 years;14 and research on the islands of Borneo and Sulawesi is opening vistas on to an unsuspected world of cave art, many thousands of years older than the famous images of Lascaux and Altamira, on the other side of Eurasia.15 No doubt still earlier examples of complex pictorial art will one day be found somewhere on the continent of Africa.",ch3-n13 | ch3-n15,The case against European exceptionalism was laid out by Sally McBrearty and Alison Brooks in a key (2000) publication; and has since been supplemented by discoveries in South Asia (James and Petraglia 2005) and Africa (Deino et al. 2018). | Aubert et al. 2018.,Deino 2018 | Aubert 2018,"Deino, Alan L. et al. 2018. ‘Chronology of the Acheulean to Middle Stone transition in eastern Africa.’ Science 360 (6384): 95–8. | Aubert, M. et al. 2018. ‘Palaeolithic cave art in Borneo.’ Nature 564: 254–7."
M0052,S010,Altamira Cave,cave sites of Altamira | Altamira,L4778,4778,4778,Notes to Chapter 3: Unfreezing the Ice Age,notes,3,"38. Archaeologists have observed close spatial associations between large Upper Palaeolithic (Magdalenian) aggregation sites in the French Périgord and natural choke points or ‘bottlenecks’ along the Dordogne and Vézère such as fords or meanders: ideal locations for intercepting herds of reindeer on their seasonal migrations (White 1985). In northern Spain, the famous cave sites of Altamira and Castillo have long been identified as aggregation locales based on their topographical location and the preponderance of seasonal resources like deer, ibex and shellfish among the animal remains found there (Straus 1977). On the periglacial ‘mammoth steppe’ of Central Russia, spectacularly large settlements like Mezhirich and Mezin – with their mammoth-bone dwellings, fixed storage pits and abundant evidence of art and trade – were aligned on major river systems (Dnepr and Desna), which also channelled the annual north-south movements of steppe bison, horse, reindeer and mammoth (Soffer 1985). Similarly, the Pavlov Hills of southern Moravia, where Dolní Věstonice is located, once formed part of a narrow belt of forest-steppe, bridging the non-glaciated zones of eastern and western Europe (see contributions by Jiří Svoboda, in Roebroeks et al. 2000). Year-round habitation was certainly possible in some of these locations, but population densities are still likely to have fluctuated markedly between seasons. Recently, archaeologists have begun using more fine-grained analytical techniques – like the microscopic study of growth patterns in animal teeth and antlers, as well as measuring geochemical proxies of seasonal variation such as stable isotope ratios in animal remains – to determine the migration patterns and diets of hunted game (for a useful survey see Prendergast et al. 2018).",ch3-n38,"Archaeologists have observed close spatial associations between large Upper Palaeolithic (Magdalenian) aggregation sites in the French Périgord and natural choke points or ‘bottlenecks’ along the Dordogne and Vézère such as fords or meanders: ideal locations for intercepting herds of reindeer on their seasonal migrations (White 1985). In northern Spain, the famous cave sites of Altamira and Castillo have long been identified as aggregation locales based on their topographical location and the preponderance of seasonal resources like deer, ibex and shellfish among the animal remains found there (Straus 1977). On the periglacial ‘mammoth steppe’ of Central Russia, spectacularly large settlements like Mezhirich and Mezin – with their mammoth-bone dwellings, fixed storage pits and abundant evidence of art and trade – were aligned on major river systems (Dnepr and Desna), which also channelled the annual north-south movements of steppe bison, horse, reindeer and mammoth (Soffer 1985). Similarly, the Pavlov Hills of southern Moravia, where Dolní Věstonice is located, once formed part of a narrow belt of forest-steppe, bridging the non-glaciated zones of eastern and western Europe (see contributions by Jiří Svoboda, in Roebroeks et al. 2000). Year-round habitation was certainly possible in some of these locations, but population densities are still likely to have fluctuated markedly between seasons. Recently, archaeologists have begun using more fine-grained analytical techniques – like the microscopic study of growth patterns in animal teeth and antlers, as well as measuring geochemical proxies of seasonal variation such as stable isotope ratios in animal remains – to determine the migration patterns and diets of hunted game (for a useful survey see Prendergast et al. 2018).",White 1985 | Straus 1977 | Soffer 1985 | Roebroeks 2000 | Prendergast 2018,"White, Randall. 1985. Upper Palaeolithic Land Use in the Périgord: A Topographical Approach to Subsistence and Settlement. Oxford: British Archaeological Reports. | Straus, Lawrence G. 1977. ‘The Upper Palaeolithic cave site of Altamira (Santander, Spain).’ Quaternaria 19: 135–48. | Soffer, Olga. 1985. The Upper Palaeolithic of the Central Russian Plain. London: Academic Press. | Roebroeks, Wil et al. 2000. Hunters of the Golden Age: The Mid-Upper Palaeolithic of Eurasia 30,000–20,00 BP. Leiden: University of Leiden Press. | Prendergast, Amy L., Alexander J. E. Pryor, Hazel Reade and Rhiannon E. Stevens. 2018. ‘Seasonal records of palaeoenvironmental change and resource use from archaeological assemblages.’ Journal of Archaeological Science: Reports 21."
M0053,S011,El Castillo Cave,cave sites of Altamira and Castillo | Castillo,L4778,4778,4778,Notes to Chapter 3: Unfreezing the Ice Age,notes,3,"38. Archaeologists have observed close spatial associations between large Upper Palaeolithic (Magdalenian) aggregation sites in the French Périgord and natural choke points or ‘bottlenecks’ along the Dordogne and Vézère such as fords or meanders: ideal locations for intercepting herds of reindeer on their seasonal migrations (White 1985). In northern Spain, the famous cave sites of Altamira and Castillo have long been identified as aggregation locales based on their topographical location and the preponderance of seasonal resources like deer, ibex and shellfish among the animal remains found there (Straus 1977). On the periglacial ‘mammoth steppe’ of Central Russia, spectacularly large settlements like Mezhirich and Mezin – with their mammoth-bone dwellings, fixed storage pits and abundant evidence of art and trade – were aligned on major river systems (Dnepr and Desna), which also channelled the annual north-south movements of steppe bison, horse, reindeer and mammoth (Soffer 1985). Similarly, the Pavlov Hills of southern Moravia, where Dolní Věstonice is located, once formed part of a narrow belt of forest-steppe, bridging the non-glaciated zones of eastern and western Europe (see contributions by Jiří Svoboda, in Roebroeks et al. 2000). Year-round habitation was certainly possible in some of these locations, but population densities are still likely to have fluctuated markedly between seasons. Recently, archaeologists have begun using more fine-grained analytical techniques – like the microscopic study of growth patterns in animal teeth and antlers, as well as measuring geochemical proxies of seasonal variation such as stable isotope ratios in animal remains – to determine the migration patterns and diets of hunted game (for a useful survey see Prendergast et al. 2018).",ch3-n38,"Archaeologists have observed close spatial associations between large Upper Palaeolithic (Magdalenian) aggregation sites in the French Périgord and natural choke points or ‘bottlenecks’ along the Dordogne and Vézère such as fords or meanders: ideal locations for intercepting herds of reindeer on their seasonal migrations (White 1985). In northern Spain, the famous cave sites of Altamira and Castillo have long been identified as aggregation locales based on their topographical location and the preponderance of seasonal resources like deer, ibex and shellfish among the animal remains found there (Straus 1977). On the periglacial ‘mammoth steppe’ of Central Russia, spectacularly large settlements like Mezhirich and Mezin – with their mammoth-bone dwellings, fixed storage pits and abundant evidence of art and trade – were aligned on major river systems (Dnepr and Desna), which also channelled the annual north-south movements of steppe bison, horse, reindeer and mammoth (Soffer 1985). Similarly, the Pavlov Hills of southern Moravia, where Dolní Věstonice is located, once formed part of a narrow belt of forest-steppe, bridging the non-glaciated zones of eastern and western Europe (see contributions by Jiří Svoboda, in Roebroeks et al. 2000). Year-round habitation was certainly possible in some of these locations, but population densities are still likely to have fluctuated markedly between seasons. Recently, archaeologists have begun using more fine-grained analytical techniques – like the microscopic study of growth patterns in animal teeth and antlers, as well as measuring geochemical proxies of seasonal variation such as stable isotope ratios in animal remains – to determine the migration patterns and diets of hunted game (for a useful survey see Prendergast et al. 2018).",White 1985 | Straus 1977 | Soffer 1985 | Roebroeks 2000 | Prendergast 2018,"White, Randall. 1985. Upper Palaeolithic Land Use in the Périgord: A Topographical Approach to Subsistence and Settlement. Oxford: British Archaeological Reports. | Straus, Lawrence G. 1977. ‘The Upper Palaeolithic cave site of Altamira (Santander, Spain).’ Quaternaria 19: 135–48. | Soffer, Olga. 1985. The Upper Palaeolithic of the Central Russian Plain. London: Academic Press. | Roebroeks, Wil et al. 2000. Hunters of the Golden Age: The Mid-Upper Palaeolithic of Eurasia 30,000–20,00 BP. Leiden: University of Leiden Press. | Prendergast, Amy L., Alexander J. E. Pryor, Hazel Reade and Rhiannon E. Stevens. 2018. ‘Seasonal records of palaeoenvironmental change and resource use from archaeological assemblages.’ Journal of Archaeological Science: Reports 21."
M0054,S011,El Castillo Cave,Castillo,L5676,5676,5676,Notes to Chapter 9: Hiding in Plain Sight,notes,9,"56. Hassig (2001: 30–32) provides a summary of the standard account, drawing mainly on Bernal Díaz del Castillo; he also considers possible factors behind the Spanish execution of Xicotencatl the Younger, who died by hanging at the age of thirty-seven.",ch9-n56,"Hassig (2001: 30–32) provides a summary of the standard account, drawing mainly on Bernal Díaz del Castillo; he also considers possible factors behind the Spanish execution of Xicotencatl the Younger, who died by hanging at the age of thirty-seven.",Hassig 2001,"Hassig, Ross. 2001. ‘Xicotencatl: rethinking an indigenous Mexican hero.’ Estudios de cultura náhuatl 32: 29–49."
M0055,S011,El Castillo Cave,Castillo,L5800,5800,5800,Notes to Chapter 10: Why the State Has No Origin,notes,10,50. See Quilter 2002; Castillo Butters 2005.,ch10-n50,See Quilter 2002; Castillo Butters 2005.,Quilter 2002 | Butters 2005,"Quilter, Jeffrey. 2002. ‘Moche politics, religion, and warfare.’ Journal of World Prehistory 16 (2): 145–95. | Castillo Butters, Luis Jaime. 2005. ‘Las Señoras de San José de Moro: Rituales funerarios de mujeres de élite en la costa norte del Perú.’ In Divina y humana. La mujer en los antiguos Perú y México. Lima: Ministerio de Educación, pp. 18–29."
M0056,S012,Brixham Cave,Brixham Cave,L0958,958,958,Chapter 3: Unfreezing the Ice Age,chapter,3,"At that time there was as yet no ‘prehistory’. There was only history, even if some of that history was wildly wrong. The term ‘prehistory’ only came into common use after the discoveries at Brixham Cave in Devon in 1858, when stone axes, which could only have been fashioned by humans, were found alongside remains of cave bear, woolly rhinoceros and other extinct species, all together under a sealed casing of rock. This, and subsequent archaeological findings, sparked a complete rethinking of existing evidence. Suddenly, ‘the bottom dropped out of human history.’2",ch3-n2,"The phrase we owe to Thomas Trautmann’s (1992) account of this ‘time revolution’. While the field of anthropology came into existence during the ‘decade of Darwin’ (i.e. between the publication of The Origin of Species in 1859 and The Descent of Man in 1871), it was not actually Darwinism but archaeological excavations that established the timescale of human prehistory as we know it. Geology paved the way, replacing the biblically inspired view of earth’s genesis as a series of rapid titanic upheavals with a more mechanistic and gradual account of our planet’s origins. More detailed studies of the early development of scientific prehistory, and how fossil evidence and stone tools were first fitted into this expanded chronology of life on earth, can be found in Schnapp 1993 and Trigger 2006.",Trigger 2006,"Trigger, Bruce G. 2006. A History of Archaeological Thought (2nd edn). Cambridge: Cambridge University Press."
M0057,S013,Sunghir,Sunghir,L1019,1019,1019,Chapter 3: Unfreezing the Ice Age,chapter,3,"Let’s start with rich hunter-gatherer burials. Examples can be found across much of western Eurasia, from the Dordogne to the Don. They include discoveries in rock shelters and open-air settlements. Some of the earliest come from sites like Sunghir in northern Russia and Dolní Věstonice in the Moravian basin, south of Brno, and date from between 34,000 and 26,000 years ago. What we find here are not cemeteries but isolated burials of individuals or small groups, their bodies often placed in striking postures and decorated – in some cases, almost saturated – with ornaments. In the case of Sunghir that meant many thousands of beads, laboriously worked from mammoth ivory and fox teeth. Originally, such beads would have decorated clothing made of fur and animal skins. Some of the most lavish costumes are from the conjoined burials of two boys, flanked by great lances made of straightened mammoth tusks.21",ch3-n21,"Initially, but as it turns out wrongly thought to be a boy and girl; for new genetic evidence on this point see Sikora et al. 2017.",Sikora 2017,"Sikora, Martin et al. 2017. ‘Ancient genomes show social and reproductive behavior of early Upper Paleolithic foragers.’ Science 358 (6363): 659–62."
M0058,S013,Sunghir,Sunghir,L1023,1023,1023,Chapter 3: Unfreezing the Ice Age,chapter,3,"Such findings have completely altered the specialist view of human societies in prehistory. The pendulum has swung so far away from the old notion of egalitarian bands that some archaeologists now argue that, thousands of years before the origins of farming, human societies were already divided along lines of status, class and inherited power. As we’ll see, this is highly unlikely, but the evidence these archaeologists point to is real enough: for instance, the extraordinary outlays of labour involved in making grave goods (10,000 work hours for the Sunghir beads alone, by some estimates); the highly advanced and standardized methods of production, possibly suggesting specialized craftspeople; or the way in which exotic, prestigious materials were transported from very distant locations; and, most suggestive of all, a few cases where such wealth was buried with children, maybe implying some kind of inherited status.24",ch3-n24,"See e.g. White 1999; Vanhaeren and D’Errico 2005. Inheritance is hardly the only possible explanation for the association of wealth with children: in many societies where wealth circulates freely (for instance, where it’s socially impossible to refuse a request to hand over one’s necklace or bracelet to an admirer), a lot of ornament ends up festooning children to keep it out of circulation. If elaborate ornaments were buried in part to take them out of circulation, so as not to create invidious distinctions, burying them with children might be the ideal way to accomplish this.",White 1999,"White, Randall. 1999. ‘Intégrer la complexité sociale et opérationnelle: la construction matérielle de l’identité sociale à Sungir.’ In M. Julien et al. (eds), Préhistoire d’os: recueil d’études sur l’industrie osseuse préhistorique offert à Henriette Camps-Faber. Aix-en-Provence: L’Université de Provence, pp. 319–31."
M0059,S013,Sunghir,Sunghir,L1118,1118,1118,Chapter 3: Unfreezing the Ice Age,chapter,3,"Let’s return to those rich Upper Palaeolithic burials, so often interpreted as evidence for the emergence of ‘inequality’, or even hereditary nobility of some sort. For some odd reason, those who make such arguments never seem to notice – or, if they do, to attach much significance to the fact – that a quite remarkable number of these skeletons (indeed, a majority) bear evidence of striking physical anomalies that could only have marked them out, clearly and dramatically, from their social surroundings.36 The adolescent boys in both Sunghir and Dolní Věstonice, for instance, had pronounced congenital deformities; the bodies in the Romito Cave in Calabria were unusually short, with at least one case of dwarfism; while those in Grimaldi Cave were extremely tall even by our standards, and must have seemed veritable giants to their contemporaries.",ch3-n36,Formicola (2007) surveys the evidence; and see also Trinkaus 2018; Trinkaus and Buzhilova 2018.,Formicola 2007 | Trinkaus 2018,"Formicola, Vincenzo. 2007. ‘From the Sungir children to the Romito dwarf: aspects of the Upper Palaeolithic funerary landscape.’ Current Anthropology 48: 446–53. | Trinkaus, Erik. 2018. ‘An abundance of developmental anomalies and abnormalities in Pleistocene people.’ PNAS 115 (47): 11941–6."
M0060,S014,Dolní Věstonice,Dolní Věstonice,L1019,1019,1019,Chapter 3: Unfreezing the Ice Age,chapter,3,"Let’s start with rich hunter-gatherer burials. Examples can be found across much of western Eurasia, from the Dordogne to the Don. They include discoveries in rock shelters and open-air settlements. Some of the earliest come from sites like Sunghir in northern Russia and Dolní Věstonice in the Moravian basin, south of Brno, and date from between 34,000 and 26,000 years ago. What we find here are not cemeteries but isolated burials of individuals or small groups, their bodies often placed in striking postures and decorated – in some cases, almost saturated – with ornaments. In the case of Sunghir that meant many thousands of beads, laboriously worked from mammoth ivory and fox teeth. Originally, such beads would have decorated clothing made of fur and animal skins. Some of the most lavish costumes are from the conjoined burials of two boys, flanked by great lances made of straightened mammoth tusks.21",ch3-n21,"Initially, but as it turns out wrongly thought to be a boy and girl; for new genetic evidence on this point see Sikora et al. 2017.",Sikora 2017,"Sikora, Martin et al. 2017. ‘Ancient genomes show social and reproductive behavior of early Upper Paleolithic foragers.’ Science 358 (6363): 659–62."
M0061,S014,Dolní Věstonice,Dolní Věstonice,L1021,1021,1021,Chapter 3: Unfreezing the Ice Age,chapter,3,"At Dolní Věstonice, one triple burial contains two young men with elaborate headdresses, posed either side of an older man, all lying on a bed of soil stained red with ochre.22 Of similar antiquity is a group of cave burials unearthed on the coast of Liguria, near the modern border between Italy and France. Complete bodies of young or adult men, including one especially lavish interment known to archaeologists as Il Principe (‘the Prince’), were laid out in striking poses and suffused with jewellery, including beads made of marine shell and deer canines, as well as blades of exotic flint. Il Principe bears that name because he’s also buried with what looks to the modern eye like royal regalia: a flint sceptre, elk antler batons and an ornate headdress lovingly fashioned from perforated shells and deer teeth. Moving further west, to the Dordogne, we encounter a 16,000-year-old burial of a young woman, the so-called ‘Lady of Saint-Germain-de-la-Rivière’, which contains a rich assemblage of stomach and pelvic ornaments made of shell and stag teeth. The teeth are taken from deer hunted in the Spanish Basque country 190 miles away.23",ch3-n22 | ch3-n23,"Again, modern genetic studies of the group burial at Dolní Věstonice have confirmed the male identity of all three burials, which was previously in doubt; Mittnik 2016. | Evidence from these various sites is usefully summarized and evaluated in Pettitt 2011, with further references; and see also Wengrow and Graeber 2015.",Mittnik 2016 | Pettitt 2011,"Mittnik, Alissa et al. 2016. ‘A molecular approach to the sexing of the triple burial at the Upper Paleolithic site of Dolní Věstonice.’ PLoS ONE 11 (10): e0163019. | Pettitt, Paul. 2011. The Palaeolithic Origins of Human Burial. London: Routledge."
M0062,S014,Dolní Věstonice,Dolní Věstonice,L1118,1118,1118,Chapter 3: Unfreezing the Ice Age,chapter,3,"Let’s return to those rich Upper Palaeolithic burials, so often interpreted as evidence for the emergence of ‘inequality’, or even hereditary nobility of some sort. For some odd reason, those who make such arguments never seem to notice – or, if they do, to attach much significance to the fact – that a quite remarkable number of these skeletons (indeed, a majority) bear evidence of striking physical anomalies that could only have marked them out, clearly and dramatically, from their social surroundings.36 The adolescent boys in both Sunghir and Dolní Věstonice, for instance, had pronounced congenital deformities; the bodies in the Romito Cave in Calabria were unusually short, with at least one case of dwarfism; while those in Grimaldi Cave were extremely tall even by our standards, and must have seemed veritable giants to their contemporaries.",ch3-n36,Formicola (2007) surveys the evidence; and see also Trinkaus 2018; Trinkaus and Buzhilova 2018.,Formicola 2007 | Trinkaus 2018,"Formicola, Vincenzo. 2007. ‘From the Sungir children to the Romito dwarf: aspects of the Upper Palaeolithic funerary landscape.’ Current Anthropology 48: 446–53. | Trinkaus, Erik. 2018. ‘An abundance of developmental anomalies and abnormalities in Pleistocene people.’ PNAS 115 (47): 11941–6."
M0063,S014,Dolní Věstonice,Dolní Věstonice,L1138,1138,1138,Chapter 3: Unfreezing the Ice Age,chapter,3,"Almost all the Ice Age sites with extraordinary burials and monumental architecture were created by societies that lived a little like Lévi-Strauss’s Nambikwara, dispersing into foraging bands at one time of year, gathering together in concentrated settlements at another. True, they didn’t gather to plant crops. Rather, the large Upper Palaeolithic sites are linked to migrations and seasonal hunting of game herds – woolly mammoth, steppe bison or reindeer – as well as cyclical fish-runs and nut harvests. This seems to be the explanation for those hubs of activity found in eastern Europe at places like Dolní Věstonice, where people took advantage of an abundance of wild resources to feast, engage in complex rituals and ambitious artistic projects, and trade minerals, marine shells and furs. In western Europe, equivalents would be the great rock shelters of the French Périgord and the Cantabrian coast, with their deep records of human activity, which similarly formed part of an annual round of seasonal congregation and dispersal.38",ch3-n38,"Archaeologists have observed close spatial associations between large Upper Palaeolithic (Magdalenian) aggregation sites in the French Périgord and natural choke points or ‘bottlenecks’ along the Dordogne and Vézère such as fords or meanders: ideal locations for intercepting herds of reindeer on their seasonal migrations (White 1985). In northern Spain, the famous cave sites of Altamira and Castillo have long been identified as aggregation locales based on their topographical location and the preponderance of seasonal resources like deer, ibex and shellfish among the animal remains found there (Straus 1977). On the periglacial ‘mammoth steppe’ of Central Russia, spectacularly large settlements like Mezhirich and Mezin – with their mammoth-bone dwellings, fixed storage pits and abundant evidence of art and trade – were aligned on major river systems (Dnepr and Desna), which also channelled the annual north-south movements of steppe bison, horse, reindeer and mammoth (Soffer 1985). Similarly, the Pavlov Hills of southern Moravia, where Dolní Věstonice is located, once formed part of a narrow belt of forest-steppe, bridging the non-glaciated zones of eastern and western Europe (see contributions by Jiří Svoboda, in Roebroeks et al. 2000). Year-round habitation was certainly possible in some of these locations, but population densities are still likely to have fluctuated markedly between seasons. Recently, archaeologists have begun using more fine-grained analytical techniques – like the microscopic study of growth patterns in animal teeth and antlers, as well as measuring geochemical proxies of seasonal variation such as stable isotope ratios in animal remains – to determine the migration patterns and diets of hunted game (for a useful survey see Prendergast et al. 2018).",White 1985 | Straus 1977 | Soffer 1985 | Roebroeks 2000 | Prendergast 2018,"White, Randall. 1985. Upper Palaeolithic Land Use in the Périgord: A Topographical Approach to Subsistence and Settlement. Oxford: British Archaeological Reports. | Straus, Lawrence G. 1977. ‘The Upper Palaeolithic cave site of Altamira (Santander, Spain).’ Quaternaria 19: 135–48. | Soffer, Olga. 1985. The Upper Palaeolithic of the Central Russian Plain. London: Academic Press. | Roebroeks, Wil et al. 2000. Hunters of the Golden Age: The Mid-Upper Palaeolithic of Eurasia 30,000–20,00 BP. Leiden: University of Leiden Press. | Prendergast, Amy L., Alexander J. E. Pryor, Hazel Reade and Rhiannon E. Stevens. 2018. ‘Seasonal records of palaeoenvironmental change and resource use from archaeological assemblages.’ Journal of Archaeological Science: Reports 21."
M0064,S014,Dolní Věstonice,Dolní Věstonice,L4746,4746,4746,Notes to Chapter 3: Unfreezing the Ice Age,notes,3,"22. Again, modern genetic studies of the group burial at Dolní Věstonice have confirmed the male identity of all three burials, which was previously in doubt; Mittnik 2016.",ch3-n22,"Again, modern genetic studies of the group burial at Dolní Věstonice have confirmed the male identity of all three burials, which was previously in doubt; Mittnik 2016.",Mittnik 2016,"Mittnik, Alissa et al. 2016. ‘A molecular approach to the sexing of the triple burial at the Upper Paleolithic site of Dolní Věstonice.’ PLoS ONE 11 (10): e0163019."
M0065,S014,Dolní Věstonice,Dolní Věstonice,L4778,4778,4778,Notes to Chapter 3: Unfreezing the Ice Age,notes,3,"38. Archaeologists have observed close spatial associations between large Upper Palaeolithic (Magdalenian) aggregation sites in the French Périgord and natural choke points or ‘bottlenecks’ along the Dordogne and Vézère such as fords or meanders: ideal locations for intercepting herds of reindeer on their seasonal migrations (White 1985). In northern Spain, the famous cave sites of Altamira and Castillo have long been identified as aggregation locales based on their topographical location and the preponderance of seasonal resources like deer, ibex and shellfish among the animal remains found there (Straus 1977). On the periglacial ‘mammoth steppe’ of Central Russia, spectacularly large settlements like Mezhirich and Mezin – with their mammoth-bone dwellings, fixed storage pits and abundant evidence of art and trade – were aligned on major river systems (Dnepr and Desna), which also channelled the annual north-south movements of steppe bison, horse, reindeer and mammoth (Soffer 1985). Similarly, the Pavlov Hills of southern Moravia, where Dolní Věstonice is located, once formed part of a narrow belt of forest-steppe, bridging the non-glaciated zones of eastern and western Europe (see contributions by Jiří Svoboda, in Roebroeks et al. 2000). Year-round habitation was certainly possible in some of these locations, but population densities are still likely to have fluctuated markedly between seasons. Recently, archaeologists have begun using more fine-grained analytical techniques – like the microscopic study of growth patterns in animal teeth and antlers, as well as measuring geochemical proxies of seasonal variation such as stable isotope ratios in animal remains – to determine the migration patterns and diets of hunted game (for a useful survey see Prendergast et al. 2018).",ch3-n38,"Archaeologists have observed close spatial associations between large Upper Palaeolithic (Magdalenian) aggregation sites in the French Périgord and natural choke points or ‘bottlenecks’ along the Dordogne and Vézère such as fords or meanders: ideal locations for intercepting herds of reindeer on their seasonal migrations (White 1985). In northern Spain, the famous cave sites of Altamira and Castillo have long been identified as aggregation locales based on their topographical location and the preponderance of seasonal resources like deer, ibex and shellfish among the animal remains found there (Straus 1977). On the periglacial ‘mammoth steppe’ of Central Russia, spectacularly large settlements like Mezhirich and Mezin – with their mammoth-bone dwellings, fixed storage pits and abundant evidence of art and trade – were aligned on major river systems (Dnepr and Desna), which also channelled the annual north-south movements of steppe bison, horse, reindeer and mammoth (Soffer 1985). Similarly, the Pavlov Hills of southern Moravia, where Dolní Věstonice is located, once formed part of a narrow belt of forest-steppe, bridging the non-glaciated zones of eastern and western Europe (see contributions by Jiří Svoboda, in Roebroeks et al. 2000). Year-round habitation was certainly possible in some of these locations, but population densities are still likely to have fluctuated markedly between seasons. Recently, archaeologists have begun using more fine-grained analytical techniques – like the microscopic study of growth patterns in animal teeth and antlers, as well as measuring geochemical proxies of seasonal variation such as stable isotope ratios in animal remains – to determine the migration patterns and diets of hunted game (for a useful survey see Prendergast et al. 2018).",White 1985 | Straus 1977 | Soffer 1985 | Roebroeks 2000 | Prendergast 2018,"White, Randall. 1985. Upper Palaeolithic Land Use in the Périgord: A Topographical Approach to Subsistence and Settlement. Oxford: British Archaeological Reports. | Straus, Lawrence G. 1977. ‘The Upper Palaeolithic cave site of Altamira (Santander, Spain).’ Quaternaria 19: 135–48. | Soffer, Olga. 1985. The Upper Palaeolithic of the Central Russian Plain. London: Academic Press. | Roebroeks, Wil et al. 2000. Hunters of the Golden Age: The Mid-Upper Palaeolithic of Eurasia 30,000–20,00 BP. Leiden: University of Leiden Press. | Prendergast, Amy L., Alexander J. E. Pryor, Hazel Reade and Rhiannon E. Stevens. 2018. ‘Seasonal records of palaeoenvironmental change and resource use from archaeological assemblages.’ Journal of Archaeological Science: Reports 21."
M0066,S015,Grimaldi Caves,Grimaldi Cave,L1118,1118,1118,Chapter 3: Unfreezing the Ice Age,chapter,3,"Let’s return to those rich Upper Palaeolithic burials, so often interpreted as evidence for the emergence of ‘inequality’, or even hereditary nobility of some sort. For some odd reason, those who make such arguments never seem to notice – or, if they do, to attach much significance to the fact – that a quite remarkable number of these skeletons (indeed, a majority) bear evidence of striking physical anomalies that could only have marked them out, clearly and dramatically, from their social surroundings.36 The adolescent boys in both Sunghir and Dolní Věstonice, for instance, had pronounced congenital deformities; the bodies in the Romito Cave in Calabria were unusually short, with at least one case of dwarfism; while those in Grimaldi Cave were extremely tall even by our standards, and must have seemed veritable giants to their contemporaries.",ch3-n36,Formicola (2007) surveys the evidence; and see also Trinkaus 2018; Trinkaus and Buzhilova 2018.,Formicola 2007 | Trinkaus 2018,"Formicola, Vincenzo. 2007. ‘From the Sungir children to the Romito dwarf: aspects of the Upper Palaeolithic funerary landscape.’ Current Anthropology 48: 446–53. | Trinkaus, Erik. 2018. ‘An abundance of developmental anomalies and abnormalities in Pleistocene people.’ PNAS 115 (47): 11941–6."
M0067,S016,Romito Cave,the Romito Cave | Romito Cave,L1118,1118,1118,Chapter 3: Unfreezing the Ice Age,chapter,3,"Let’s return to those rich Upper Palaeolithic burials, so often interpreted as evidence for the emergence of ‘inequality’, or even hereditary nobility of some sort. For some odd reason, those who make such arguments never seem to notice – or, if they do, to attach much significance to the fact – that a quite remarkable number of these skeletons (indeed, a majority) bear evidence of striking physical anomalies that could only have marked them out, clearly and dramatically, from their social surroundings.36 The adolescent boys in both Sunghir and Dolní Věstonice, for instance, had pronounced congenital deformities; the bodies in the Romito Cave in Calabria were unusually short, with at least one case of dwarfism; while those in Grimaldi Cave were extremely tall even by our standards, and must have seemed veritable giants to their contemporaries.",ch3-n36,Formicola (2007) surveys the evidence; and see also Trinkaus 2018; Trinkaus and Buzhilova 2018.,Formicola 2007 | Trinkaus 2018,"Formicola, Vincenzo. 2007. ‘From the Sungir children to the Romito dwarf: aspects of the Upper Palaeolithic funerary landscape.’ Current Anthropology 48: 446–53. | Trinkaus, Erik. 2018. ‘An abundance of developmental anomalies and abnormalities in Pleistocene people.’ PNAS 115 (47): 11941–6."
M0068,S017,Lascaux,Lascaux,L0995,995,995,Chapter 3: Unfreezing the Ice Age,chapter,3,"In fact, it’s becoming increasingly clear that the whole problem is a mirage. The reason archaeological evidence from Europe is so rich is that European governments tend to be rich; and that European professional institutions, learned societies and university departments have been pursuing prehistory far longer on their own doorstep than in other parts of the world. With each year that passes, new evidence accumulates for early behavioural complexity elsewhere: not just Africa, but also the Arabian Peninsula, Southeast Asia and the Indian subcontinent.13 Even as we write, a cave site on the coast of Kenya called Panga ya Saidi is yielding evidence of shell beads and worked pigments stretching back 60,000 years;14 and research on the islands of Borneo and Sulawesi is opening vistas on to an unsuspected world of cave art, many thousands of years older than the famous images of Lascaux and Altamira, on the other side of Eurasia.15 No doubt still earlier examples of complex pictorial art will one day be found somewhere on the continent of Africa.",ch3-n13 | ch3-n15,The case against European exceptionalism was laid out by Sally McBrearty and Alison Brooks in a key (2000) publication; and has since been supplemented by discoveries in South Asia (James and Petraglia 2005) and Africa (Deino et al. 2018). | Aubert et al. 2018.,Deino 2018 | Aubert 2018,"Deino, Alan L. et al. 2018. ‘Chronology of the Acheulean to Middle Stone transition in eastern Africa.’ Science 360 (6384): 95–8. | Aubert, M. et al. 2018. ‘Palaeolithic cave art in Borneo.’ Nature 564: 254–7."
M0069,S018,Saint-Germain-de-la-Rivière,Saint-Germain-de-la-Rivière,L1021,1021,1021,Chapter 3: Unfreezing the Ice Age,chapter,3,"At Dolní Věstonice, one triple burial contains two young men with elaborate headdresses, posed either side of an older man, all lying on a bed of soil stained red with ochre.22 Of similar antiquity is a group of cave burials unearthed on the coast of Liguria, near the modern border between Italy and France. Complete bodies of young or adult men, including one especially lavish interment known to archaeologists as Il Principe (‘the Prince’), were laid out in striking poses and suffused with jewellery, including beads made of marine shell and deer canines, as well as blades of exotic flint. Il Principe bears that name because he’s also buried with what looks to the modern eye like royal regalia: a flint sceptre, elk antler batons and an ornate headdress lovingly fashioned from perforated shells and deer teeth. Moving further west, to the Dordogne, we encounter a 16,000-year-old burial of a young woman, the so-called ‘Lady of Saint-Germain-de-la-Rivière’, which contains a rich assemblage of stomach and pelvic ornaments made of shell and stag teeth. The teeth are taken from deer hunted in the Spanish Basque country 190 miles away.23",ch3-n22 | ch3-n23,"Again, modern genetic studies of the group burial at Dolní Věstonice have confirmed the male identity of all three burials, which was previously in doubt; Mittnik 2016. | Evidence from these various sites is usefully summarized and evaluated in Pettitt 2011, with further references; and see also Wengrow and Graeber 2015.",Mittnik 2016 | Pettitt 2011,"Mittnik, Alissa et al. 2016. ‘A molecular approach to the sexing of the triple burial at the Upper Paleolithic site of Dolní Věstonice.’ PLoS ONE 11 (10): e0163019. | Pettitt, Paul. 2011. The Palaeolithic Origins of Human Burial. London: Routledge."
M0070,S019,Yudinovo,Yudinovo,L1045,1045,1045,Chapter 3: Unfreezing the Ice Age,chapter,3,"Monumentality is always to some degree a relative concept; that’s to say, a building or structure is ‘monumental’ only in comparison to other buildings and structures a viewer has actually experienced. Obviously, the Ice Age produced nothing on the scale of the Pyramids of Giza or the Roman Colosseum – but, by the standards of their day, the kind of structures we’ve been describing can only have been considered public works, involving sophisticated design and the co-ordination of labour on an impressive scale. Research at the Russian site of Yudinovo suggests that ‘mammoth houses’, as they are often called, were not in fact dwellings at all, but monuments in the strict sense: carefully planned and constructed to commemorate the completion of a great mammoth hunt (and the solidarity of the extended hunting group), using whatever durable parts remained once carcasses had been processed for their meat and hides; and later covered with sediment to create a durable marker in the landscape.29 We are talking here about really staggering quantities of meat: for each structure (there were five at Yudinovo), there was enough mammoth to feed hundreds of people for around three months.30 Open-air settlements like Yudinovo, Mezhirich and Kostenki, where such mammoth monuments were erected, often became central places whose inhabitants exchanged amber, marine shells and animal pelts over impressive distances.",ch3-n29 | ch3-n30,"Sablin, Reynolds, Iltsevich and Germonpré (manuscript in preparation; made available to us by courtesy of Natasha Reynolds). | Ibid.",,
M0071,S020,Mezhirich,Mezhirich,L1045,1045,1045,Chapter 3: Unfreezing the Ice Age,chapter,3,"Monumentality is always to some degree a relative concept; that’s to say, a building or structure is ‘monumental’ only in comparison to other buildings and structures a viewer has actually experienced. Obviously, the Ice Age produced nothing on the scale of the Pyramids of Giza or the Roman Colosseum – but, by the standards of their day, the kind of structures we’ve been describing can only have been considered public works, involving sophisticated design and the co-ordination of labour on an impressive scale. Research at the Russian site of Yudinovo suggests that ‘mammoth houses’, as they are often called, were not in fact dwellings at all, but monuments in the strict sense: carefully planned and constructed to commemorate the completion of a great mammoth hunt (and the solidarity of the extended hunting group), using whatever durable parts remained once carcasses had been processed for their meat and hides; and later covered with sediment to create a durable marker in the landscape.29 We are talking here about really staggering quantities of meat: for each structure (there were five at Yudinovo), there was enough mammoth to feed hundreds of people for around three months.30 Open-air settlements like Yudinovo, Mezhirich and Kostenki, where such mammoth monuments were erected, often became central places whose inhabitants exchanged amber, marine shells and animal pelts over impressive distances.",ch3-n29 | ch3-n30,"Sablin, Reynolds, Iltsevich and Germonpré (manuscript in preparation; made available to us by courtesy of Natasha Reynolds). | Ibid.",,
M0072,S020,Mezhirich,Mezhirich,L4778,4778,4778,Notes to Chapter 3: Unfreezing the Ice Age,notes,3,"38. Archaeologists have observed close spatial associations between large Upper Palaeolithic (Magdalenian) aggregation sites in the French Périgord and natural choke points or ‘bottlenecks’ along the Dordogne and Vézère such as fords or meanders: ideal locations for intercepting herds of reindeer on their seasonal migrations (White 1985). In northern Spain, the famous cave sites of Altamira and Castillo have long been identified as aggregation locales based on their topographical location and the preponderance of seasonal resources like deer, ibex and shellfish among the animal remains found there (Straus 1977). On the periglacial ‘mammoth steppe’ of Central Russia, spectacularly large settlements like Mezhirich and Mezin – with their mammoth-bone dwellings, fixed storage pits and abundant evidence of art and trade – were aligned on major river systems (Dnepr and Desna), which also channelled the annual north-south movements of steppe bison, horse, reindeer and mammoth (Soffer 1985). Similarly, the Pavlov Hills of southern Moravia, where Dolní Věstonice is located, once formed part of a narrow belt of forest-steppe, bridging the non-glaciated zones of eastern and western Europe (see contributions by Jiří Svoboda, in Roebroeks et al. 2000). Year-round habitation was certainly possible in some of these locations, but population densities are still likely to have fluctuated markedly between seasons. Recently, archaeologists have begun using more fine-grained analytical techniques – like the microscopic study of growth patterns in animal teeth and antlers, as well as measuring geochemical proxies of seasonal variation such as stable isotope ratios in animal remains – to determine the migration patterns and diets of hunted game (for a useful survey see Prendergast et al. 2018).",ch3-n38,"Archaeologists have observed close spatial associations between large Upper Palaeolithic (Magdalenian) aggregation sites in the French Périgord and natural choke points or ‘bottlenecks’ along the Dordogne and Vézère such as fords or meanders: ideal locations for intercepting herds of reindeer on their seasonal migrations (White 1985). In northern Spain, the famous cave sites of Altamira and Castillo have long been identified as aggregation locales based on their topographical location and the preponderance of seasonal resources like deer, ibex and shellfish among the animal remains found there (Straus 1977). On the periglacial ‘mammoth steppe’ of Central Russia, spectacularly large settlements like Mezhirich and Mezin – with their mammoth-bone dwellings, fixed storage pits and abundant evidence of art and trade – were aligned on major river systems (Dnepr and Desna), which also channelled the annual north-south movements of steppe bison, horse, reindeer and mammoth (Soffer 1985). Similarly, the Pavlov Hills of southern Moravia, where Dolní Věstonice is located, once formed part of a narrow belt of forest-steppe, bridging the non-glaciated zones of eastern and western Europe (see contributions by Jiří Svoboda, in Roebroeks et al. 2000). Year-round habitation was certainly possible in some of these locations, but population densities are still likely to have fluctuated markedly between seasons. Recently, archaeologists have begun using more fine-grained analytical techniques – like the microscopic study of growth patterns in animal teeth and antlers, as well as measuring geochemical proxies of seasonal variation such as stable isotope ratios in animal remains – to determine the migration patterns and diets of hunted game (for a useful survey see Prendergast et al. 2018).",White 1985 | Straus 1977 | Soffer 1985 | Roebroeks 2000 | Prendergast 2018,"White, Randall. 1985. Upper Palaeolithic Land Use in the Périgord: A Topographical Approach to Subsistence and Settlement. Oxford: British Archaeological Reports. | Straus, Lawrence G. 1977. ‘The Upper Palaeolithic cave site of Altamira (Santander, Spain).’ Quaternaria 19: 135–48. | Soffer, Olga. 1985. The Upper Palaeolithic of the Central Russian Plain. London: Academic Press. | Roebroeks, Wil et al. 2000. Hunters of the Golden Age: The Mid-Upper Palaeolithic of Eurasia 30,000–20,00 BP. Leiden: University of Leiden Press. | Prendergast, Amy L., Alexander J. E. Pryor, Hazel Reade and Rhiannon E. Stevens. 2018. ‘Seasonal records of palaeoenvironmental change and resource use from archaeological assemblages.’ Journal of Archaeological Science: Reports 21."
M0073,S021,Kostenki,Kostenki,L1045,1045,1045,Chapter 3: Unfreezing the Ice Age,chapter,3,"Monumentality is always to some degree a relative concept; that’s to say, a building or structure is ‘monumental’ only in comparison to other buildings and structures a viewer has actually experienced. Obviously, the Ice Age produced nothing on the scale of the Pyramids of Giza or the Roman Colosseum – but, by the standards of their day, the kind of structures we’ve been describing can only have been considered public works, involving sophisticated design and the co-ordination of labour on an impressive scale. Research at the Russian site of Yudinovo suggests that ‘mammoth houses’, as they are often called, were not in fact dwellings at all, but monuments in the strict sense: carefully planned and constructed to commemorate the completion of a great mammoth hunt (and the solidarity of the extended hunting group), using whatever durable parts remained once carcasses had been processed for their meat and hides; and later covered with sediment to create a durable marker in the landscape.29 We are talking here about really staggering quantities of meat: for each structure (there were five at Yudinovo), there was enough mammoth to feed hundreds of people for around three months.30 Open-air settlements like Yudinovo, Mezhirich and Kostenki, where such mammoth monuments were erected, often became central places whose inhabitants exchanged amber, marine shells and animal pelts over impressive distances.",ch3-n29 | ch3-n30,"Sablin, Reynolds, Iltsevich and Germonpré (manuscript in preparation; made available to us by courtesy of Natasha Reynolds). | Ibid.",,
M0074,S022,Stonehenge,Stonehenge,L1142,1142,1142,Chapter 3: Unfreezing the Ice Age,chapter,3,"Such oscillating patterns of life endured long after the invention of agriculture. To take just one example, they may be key to understanding the famous Neolithic monuments of Salisbury Plain in England, and not just because the arrangements of standing stones themselves seem to function (among other things) as giant calendars. Stonehenge, framing the midsummer sunrise and the midwinter sunset, is the most famous of these. It turns out to have been the last in a long sequence of ceremonial structures, erected over the course of centuries in timber as well as stone, as people converged on the plain from remote corners of the British Isles at significant times of year. Careful excavation shows that many of these structures – now plausibly interpreted as monuments to the ancestors of a Neolithic aristocracy – were dismantled just a few generations after their construction.40",ch3-n40,"Parker Pearson (2012) provides a detailed survey and interpretation of the archaeology of Stonehenge, including the results of recent fieldwork. The argument for Neolithic aristocracy is based on close analysis and dating of human remains associated with different phases in the construction of Stonehenge, which prove consistent with the idea that the first stone circle was linked to a high-status cemetery, where the cremated remains of a nuclear family were placed around the start of the third millennium bc. Subsequent removals and rebuildings, including the incorporation of massive sarsen stones, were apparently linked to ongoing mortuary rituals, as the same family’s lineage presumably expanded in size and status over a period of centuries.",Pearson 2012,"Parker Pearson, Mike (and the Stonehenge Riverside Project). 2012. Stonehenge: Exploring the Greatest Stone Age Mystery. London: Simon and Schuster."
M0075,S022,Stonehenge,Stonehenge,L1144,1144,1144,Chapter 3: Unfreezing the Ice Age,chapter,3,"Still more striking, the people who built Stonehenge were not farmers, or not in the usual sense. They had once been; but the practice of erecting and dismantling grand monuments coincides with a period when the peoples of Britain, having adopted the Neolithic farming economy from continental Europe, appear to have turned their backs on at least one crucial aspect of it: abandoning the cultivation of cereals and returning, from around 3300 bc, to the collection of hazelnuts as their staple source of plant food. On the other hand, they kept hold of their domestic pigs and herds of cattle, feasting on them seasonally at nearby Durrington Walls, a prosperous town of some thousands of people – with its own Woodhenge – in winter, but largely empty and abandoned in summer. The builders of Stonehenge seem to have been neither foragers nor herders, but something in between.41",ch3-n41,"For the rejection of cereal-farming in prehistoric Britain during periods of megalithic construction see Stevens and Fuller 2012; for the seasonality of midwinter meat-feasting at Durrington Walls, as detected from tooth remains, see Wright et al. 2014.",Wright 2014,"Wright, Emily et al. 2014. ‘Age and season of pig slaughter at Late Neolithic Durrington Walls (Wiltshire, UK) as detected through a new system for recording tooth wear.’ Journal of Archaeological Science 52: 497–514."
M0076,S022,Stonehenge,Stonehenge,L1146,1146,1146,Chapter 3: Unfreezing the Ice Age,chapter,3,"All this is crucial because it’s hard to imagine how giving up agriculture could have been anything but a self-conscious decision. There is no evidence that one population displaced another, or that farmers were somehow overwhelmed by powerful foragers who forced them to abandon their crops. The Neolithic inhabitants of England appear to have taken the measure of cereal-farming and collectively decided that they preferred to live another way. How could such a decision have been made? We’ll never know, but Stonehenge itself provides something of a hint since it is built of extremely large stones, some of which (the ‘bluestones’) were transported from as far away as Wales, while many of the cattle and pigs consumed at Durrington Walls were laboriously herded there from other distant locations.42",ch3-n42,Viner et al. 2010; Madgwick et al. 2019.,Viner 2010 | Madgwick 2019,"Viner, Sarah et al. 2010. ‘Cattle mobility in prehistoric Britain: strontium isotope analysis of cattle teeth from Durrington Walls (Wiltshire, Britain).’ Journal of Archaeological Science 37: 2812–20. | Madgwick, Richard et al. 2019. ‘Multi-isotope analysis reveals that feasts in the Stonehenge environs and across Wessex drew people and animals from throughout Britain.’ Science Advances 5 (3): eaau6078."
M0077,S022,Stonehenge,Stonehenge,L1148,1148,1148,Chapter 3: Unfreezing the Ice Age,chapter,3,"In other words, and remarkable as it may seem, even in the third millennium bc co-ordination of some sort was clearly possible across large parts of the British Isles. If Stonehenge was a shrine to exalted founders of a ruling clan – as some archaeologists now argue – it seems likely that members of their lineage claimed significant, even cosmic roles by virtue of their involvement in such events. On the other hand, patterns of seasonal aggregation and dispersal raise another question: if there were kings and queens at Stonehenge, exactly what sort could they have been? After all, these would have been kings whose courts and kingdoms existed for only a few months of the year, and otherwise dispersed into small communities of nut gatherers and stock herders. If they possessed the means to marshal labour, pile up food resources and provender armies of year-round retainers, what sort of royalty would consciously elect not to do so?",,,,
M0078,S022,Stonehenge,Stonehenge,L1193,1193,1193,Chapter 3: Unfreezing the Ice Age,chapter,3,"With such institutional flexibility comes the capacity to step outside the boundaries of any given structure and reflect; to both make and unmake the political worlds we live in. If nothing else, this explains the ‘princes’ and ‘princesses’ of the last Ice Age, who appear to show up, in such magnificent isolation, like characters in some kind of fairy tale or costume drama. Maybe they were almost literally so. If they reigned at all, then perhaps it was, like the ruling clans of Stonehenge, just for a season.49",ch3-n49,"Seasonal kings or lords like ‘John Barleycorn’ – a variant of the sacred ruler, destined to end his tenure and be killed each year at harvest time – are stock figures of British folklore to this day, but there is little agreement on how much further back they go beyond their earliest written mentions in the sixteenth century ad. The ubiquity of such ‘temporary kings’ in European, African, Indian, and Greco-Roman myth and legend was the subject of Book III in James Frazer’s The Golden Bough, which he called ‘The Dying God’.",,
M0079,S022,Stonehenge,Stonehenge,L1305,1305,1305,"Chapter 4: Free People, the Origin of Cultures, and the Advent of Private Property",chapter,4,"That is one reason why the majestic theatre of Palaeolithic ‘princely’ burials – or even of Stonehenge – never seems to have gone too far beyond theatrics. Simply put, it’s difficult to exercise arbitrary power in, say, January over someone you will be facing on equal terms again come July. The hardening and multiplication of cultural boundaries can only have reduced such possibilities.",,,,
M0080,S022,Stonehenge,Stonehenge,L1401,1401,1401,"Chapter 4: Free People, the Origin of Cultures, and the Advent of Private Property",chapter,4,"Before continuing, it’s worth saying that the broad picture Sahlins presented appears to be correct. As we pointed out above, the average oppressed medieval serf still worked less than a modern nine-to-five office or factory worker, and the hazelnut gatherers and cattle herders who dragged great slabs to build Stonehenge almost certainly worked, on average, less than that. It’s only very recently that even the richest countries have begun to turn such things around (obviously, most of us are not working as many hours as Victorian stevedores, though the overall decline in working hours is probably not as dramatic as we think). And for much of the world’s population, things are still getting worse instead of better.",,,,
M0081,S022,Stonehenge,Stonehenge,L1494,1494,1494,"Chapter 4: Free People, the Origin of Cultures, and the Advent of Private Property",chapter,4,"Europe, too, bears witness to the vibrant and complex history of nonagricultural peoples after the Ice Age. Take the monuments called in Finnish Jätinkirkko, the ‘Giants’ Churches’ of the Bothnian Sea between Sweden and Finland: great stone ramparts, some up to 195 feet long, raised up in their tens by coastal foragers between 3000 and 2000 bc. Or the ‘Big Idol’, a seventeen-foot-tall totem pole with elaborate carvings rescued from a peat bog on the shores of Lake Shigirskoe, on the eastern slopes of the Central Urals. Dating to around 8000 bc, the Idol is the lone survivor of a long-lost tradition of large-scale wooden forager art which once produced monuments that presided over northern skies. Then come the amber-soaked burials of Karelia and southern Scandinavia, with their elaborate grave goods and corpses staged in expressive poses, echoing some forgotten etiquette of Mesolithic vintage.34 And, as we’ve seen, even the major building phases of Stonehenge, long associated with early farmers, are now dated to a time when cereal cultivation was virtually abandoned and hazelnut-gathering once again took over in the British Isles, alongside livestock-herding.",ch4-n34,"In Europe, the term ‘Mesolithic’ refers to the history of fisher-hunter-gatherers after the Ice Age, including their first encounters with farming populations, which we’ll discuss in Chapter Seven. Some consider the Finnish ‘Giant’s Churches’ to have had a defensive function (Sipilä and Lahelma 2006), while others note their astronomical alignments and possible role in signifying the division of the year into four seasons, as per the much later medieval Nordic calendar. For the dating and analysis of the so-called Shigir Idol see Zhilin et al. 2018. And for Mesolithic burial traditions in Karelia and Europe’s Atlantic seaboard see Jacobs 1995; Schulting 1996.",Zhilin 2018 | Jacobs 1995,"Zhilin, Mikhail et al. 2018. ‘Early art in the Urals: new research on the wooden sculpture from Shigir.’ Antiquity 92 (362): 334–50. | Jacobs, Ken. 1995. ‘Returning to Oleni’ ostrov: social, economic, and skeletal dimensions of a Boreal Forest Mesolithic cemetery.’ Journal of Anthropological Archaeology 14 (4): 359–403."
M0082,S022,Stonehenge,Stonehenge,L1657,1657,1657,"Chapter 4: Free People, the Origin of Cultures, and the Advent of Private Property",chapter,4,"Looking back again to prehistory, it is – as we’ve already noted – impossible to know precisely which forms of property or ownership existed at places like Göbekli Tepe, Poverty Point, Sannai Maruyama or Stonehenge, any more than we can know if regalia buried with the ‘princes’ of the Upper Palaeolithic were their personal possessions. What we can now suggest, in light of these wider considerations, is that such carefully co-ordinated ritual theatres, often laid out with geometrical precision, were exactly the kinds of places where exclusive claims to rights over property – together with strict demands for unquestioning obedience – were likely to be made, among otherwise free people. If private property has an ‘origin’, it is as old as the idea of the sacred, which is likely as old as humanity itself. The pertinent question to ask is not so much when this happened, as how it eventually came to order so many other aspects of human affairs.",,,,
M0083,S022,Stonehenge,Stonehenge,L3563,3563,3563,Chapter 10: Why the State Has No Origin,chapter,10,"Unlike the Shilluk reth, Chavín and Olmec elites were able to mobilize enormous amounts of labour, but it’s not at all clear if they did so through chains of command. As we’ve seen in ancient Mesopotamia, corvée or periodic labour service could also be a festive, public-spirited, even levelling occasion. (And as we shall see in the case of ancient Egypt, the most authoritarian regimes still often ensured it continued to have something of the same spirit.) Lastly, then, we should consider the impact of such first-order regimes on our third basic form of freedom: the freedom to shift and renegotiate social relations, either seasonally or permanently. This is, of course, the hardest to assess. Certainly, most of these new forms of power had a decidedly seasonal element. During certain times of year, as with the makers of Stonehenge, the entire social apparatus of authority would dissolve away and effectively cease to exist. What seems most difficult to comprehend is how these strikingly new institutional arrangements, and the physical infrastructure that sustained them, came into being in the first place.",,,,
M0084,S022,Stonehenge,Stonehenge,L4413,4413,4413,Chapter 12: Conclusion,chapter,12,"In the course of writing this book, we have tried to strike a certain balance. It would be intuitive for an archaeologist and an anthropologist, immersed in our subject matter, to take on all the scholarly views about, say, Stonehenge, the ‘Uruk expansion’ or Iroquoian social organization and explain our preference for one interpretation over another, or venture a different one. This is how the search for truth is normally conducted in the academy. But had we tried to outline or refute every existing interpretation of the material we covered, this book would have been two or three times the size, and likely would have left the reader with a sense that the authors are engaged in a constant battle with demons who were in fact two inches tall. So instead we have tried to map out what we think really happened, and to point out the flaws in other scholars’ arguments only insofar as they seemed to reflect more widespread misconceptions.",,,,
M0085,S022,Stonehenge,Stonehenge,L4782,4782,4782,Notes to Chapter 3: Unfreezing the Ice Age,notes,3,"40. Parker Pearson (2012) provides a detailed survey and interpretation of the archaeology of Stonehenge, including the results of recent fieldwork. The argument for Neolithic aristocracy is based on close analysis and dating of human remains associated with different phases in the construction of Stonehenge, which prove consistent with the idea that the first stone circle was linked to a high-status cemetery, where the cremated remains of a nuclear family were placed around the start of the third millennium bc. Subsequent removals and rebuildings, including the incorporation of massive sarsen stones, were apparently linked to ongoing mortuary rituals, as the same family’s lineage presumably expanded in size and status over a period of centuries.",ch3-n40,"Parker Pearson (2012) provides a detailed survey and interpretation of the archaeology of Stonehenge, including the results of recent fieldwork. The argument for Neolithic aristocracy is based on close analysis and dating of human remains associated with different phases in the construction of Stonehenge, which prove consistent with the idea that the first stone circle was linked to a high-status cemetery, where the cremated remains of a nuclear family were placed around the start of the third millennium bc. Subsequent removals and rebuildings, including the incorporation of massive sarsen stones, were apparently linked to ongoing mortuary rituals, as the same family’s lineage presumably expanded in size and status over a period of centuries.",Pearson 2012,"Parker Pearson, Mike (and the Stonehenge Riverside Project). 2012. Stonehenge: Exploring the Greatest Stone Age Mystery. London: Simon and Schuster."
M0086,S023,Durrington Walls,Durrington Walls,L1144,1144,1144,Chapter 3: Unfreezing the Ice Age,chapter,3,"Still more striking, the people who built Stonehenge were not farmers, or not in the usual sense. They had once been; but the practice of erecting and dismantling grand monuments coincides with a period when the peoples of Britain, having adopted the Neolithic farming economy from continental Europe, appear to have turned their backs on at least one crucial aspect of it: abandoning the cultivation of cereals and returning, from around 3300 bc, to the collection of hazelnuts as their staple source of plant food. On the other hand, they kept hold of their domestic pigs and herds of cattle, feasting on them seasonally at nearby Durrington Walls, a prosperous town of some thousands of people – with its own Woodhenge – in winter, but largely empty and abandoned in summer. The builders of Stonehenge seem to have been neither foragers nor herders, but something in between.41",ch3-n41,"For the rejection of cereal-farming in prehistoric Britain during periods of megalithic construction see Stevens and Fuller 2012; for the seasonality of midwinter meat-feasting at Durrington Walls, as detected from tooth remains, see Wright et al. 2014.",Wright 2014,"Wright, Emily et al. 2014. ‘Age and season of pig slaughter at Late Neolithic Durrington Walls (Wiltshire, UK) as detected through a new system for recording tooth wear.’ Journal of Archaeological Science 52: 497–514."
M0087,S023,Durrington Walls,Durrington Walls,L1146,1146,1146,Chapter 3: Unfreezing the Ice Age,chapter,3,"All this is crucial because it’s hard to imagine how giving up agriculture could have been anything but a self-conscious decision. There is no evidence that one population displaced another, or that farmers were somehow overwhelmed by powerful foragers who forced them to abandon their crops. The Neolithic inhabitants of England appear to have taken the measure of cereal-farming and collectively decided that they preferred to live another way. How could such a decision have been made? We’ll never know, but Stonehenge itself provides something of a hint since it is built of extremely large stones, some of which (the ‘bluestones’) were transported from as far away as Wales, while many of the cattle and pigs consumed at Durrington Walls were laboriously herded there from other distant locations.42",ch3-n42,Viner et al. 2010; Madgwick et al. 2019.,Viner 2010 | Madgwick 2019,"Viner, Sarah et al. 2010. ‘Cattle mobility in prehistoric Britain: strontium isotope analysis of cattle teeth from Durrington Walls (Wiltshire, Britain).’ Journal of Archaeological Science 37: 2812–20. | Madgwick, Richard et al. 2019. ‘Multi-isotope analysis reveals that feasts in the Stonehenge environs and across Wessex drew people and animals from throughout Britain.’ Science Advances 5 (3): eaau6078."
M0088,S023,Durrington Walls,Durrington Walls,L4784,4784,4784,Notes to Chapter 3: Unfreezing the Ice Age,notes,3,"41. For the rejection of cereal-farming in prehistoric Britain during periods of megalithic construction see Stevens and Fuller 2012; for the seasonality of midwinter meat-feasting at Durrington Walls, as detected from tooth remains, see Wright et al. 2014.",ch3-n41,"For the rejection of cereal-farming in prehistoric Britain during periods of megalithic construction see Stevens and Fuller 2012; for the seasonality of midwinter meat-feasting at Durrington Walls, as detected from tooth remains, see Wright et al. 2014.",Wright 2014,"Wright, Emily et al. 2014. ‘Age and season of pig slaughter at Late Neolithic Durrington Walls (Wiltshire, UK) as detected through a new system for recording tooth wear.’ Journal of Archaeological Science 52: 497–514."
M0089,S024,Göbekli Tepe,Göbekli Tepe,L1025,1025,1025,Chapter 3: Unfreezing the Ice Age,chapter,3,"Another unexpected result of recent archaeological research, causing many to revise their view of prehistoric hunter-gatherers, is the appearance of monumental architecture. In Eurasia, the most famous examples are the stone temples of the Germuş Mountains, overlooking the Harran Plain in southeast Turkey. In the 1990s, German archaeologists, working on the plain’s northern frontier, began uncovering extremely ancient remains at a place known locally as Göbekli Tepe.25 What they found has since come to be regarded as an evolutionary conundrum. The main source of puzzlement is a group of twenty megalithic enclosures, initially raised there around 9000 bc, and then repeatedly modified over many centuries. These enclosures were established at a time when the surrounding plain was a mixture of woodland and steppe, teeming with wild plant and animal species that colonized the Middle East as the last Ice Age was drawing to a close.",ch3-n25,Schmidt 2006; and for a convenient digest see also https://www.dainst.blog/the-tepe-telegrams/,Schmidt 2006,"Schmidt, Klaus. 2006. Sie bauten die ersten Tempel. Das rätselhafte Heiligtum der Steinzeitjäger. Munich: C. H. Beck."
M0090,S024,Göbekli Tepe,Göbekli Tepe,L1027,1027,1027,Chapter 3: Unfreezing the Ice Age,chapter,3,"The enclosures at Göbekli Tepe are massive. They comprise great T-shaped pillars, some over sixteen feet high and weighing up to a ton, which were hewn from the site’s limestone bedrock or nearby quarries. The pillars, at least 200 in total, were raised into sockets and linked by walls of rough stone. Each is a unique work of sculpture, carved with images from the world of dangerous carnivores and poisonous reptiles, as well as game species, waterfowl and small scavengers. Animal forms project from the rock in varying depths of relief: some hover coyly on the surface, others emerge boldly into three dimensions. These often nightmarish creatures follow divergent orientations, some marching to the horizon, others working their way down into the earth. In places, the pillar itself becomes a sort of standing body, with human-like limbs and clothing.",,,,
M0091,S024,Göbekli Tepe,Göbekli Tepe,L1029,1029,1029,Chapter 3: Unfreezing the Ice Age,chapter,3,"The creation of these remarkable buildings implies strictly co-ordinated activity on a really large scale, even more so if multiple enclosures were constructed simultaneously, according to an overall plan (a current point of debate).26 But the larger question remains: who made them? While groups of humans not too far away had already begun cultivating crops at the time, to the best of our knowledge those who built Göbekli Tepe had not. Yes, they harvested and processed wild cereals and other plants in season, but there is no compelling reason to see them as ‘proto-farmers’, or to suggest they had any interest in orienting their livelihoods around the domestication of crops. Indeed, there was no particular reason why they should, given the availability of fruits, berries, nuts and edible wild fauna in their vicinity. (In fact, there are good reasons to think the builders of Göbekli Tepe were different, in some quite startling ways, from nearby groups who were beginning to take up farming, but this will have to wait for a later chapter; for the moment, we’re just interested in the monuments.)",ch3-n26,"As ventured by Haklay and Gopher 2020, based on geometrical regularities and correspondences found among the ground plans of some three large enclosures; but doubts remain, as their study does not take into account the complex and dynamic construction sequences that lie behind the enclosures, and compares building phases that are not strictly contemporaneous.",,
M0092,S024,Göbekli Tepe,Göbekli Tepe,L1031,1031,1031,Chapter 3: Unfreezing the Ice Age,chapter,3,"To some, the raised location and orientation of the buildings at Göbekli Tepe suggest an astronomical or chronometric function, each chain of pillars aligned with a particular cycle of celestial movements. Archaeologists remain sceptical, pointing out that the structures may once have been roofed, and that their layout was subject to many alterations over time. But what has mostly intrigued scholars of different disciplines so far is something else: the apparent proof they offer that ‘hunter-gatherer societies had evolved institutions to support major public works, projects, and monumental constructions, and thus had a complex social hierarchy prior to their adoption of farming.’27 Again, matters are not so simple, because these two phenomena – hierarchy and the measure of time – were closely interwoven.",ch3-n27,Acemoğlu and Robinson 2009: 679; and see also Dietrich et al. 2019; Flannery and Marcus 2012: 128–31.,Dietrich 2019,"Dietrich, Laura et al. 2019. ‘Cereal processing at Early Neolithic Göbekli Tepe, southeastern Turkey.’ PLoS ONE 14 (5): e0215214."
M0093,S024,Göbekli Tepe,Göbekli Tepe,L1041,1041,1041,Chapter 3: Unfreezing the Ice Age,chapter,3,"While Göbekli Tepe is often presented as an anomaly, there is in fact a great deal of evidence for monumental construction of different sorts among hunter-gatherers in earlier periods, extending back into the Ice Age.",,,,
M0094,S024,Göbekli Tepe,Göbekli Tepe,L1043,1043,1043,Chapter 3: Unfreezing the Ice Age,chapter,3,"In Europe, between 25,000 and 12,000 years ago public works were already a feature of human habitation across an area reaching from Kraków to Kiev. Along this transect of the glacial fringe, remains of impressive circular structures have been found that are clearly distinguishable from ordinary camp-dwellings in their scale (the largest were over thirty-nine feet in diameter), permanence, aesthetic qualities and prominent locations in the Pleistocene landscape. Each was erected on a framework made of mammoth tusks and bones, taken from many tens of these great animals, which were arranged in alternating sequences and patterns that go beyond the merely functional to produce structures that would have looked quite striking to our eyes, and magnificent indeed to people at the time. Great wooden enclosures of up to 130 feet in length also existed, of which only the post-holes and sunken floors remain.28 Göbekli Tepe too is likely to have had its wooden counterparts.",ch3-n28,"For the monumental character of mammoth structures in their Ice Age settings see Soffer 1985; Iakovleva 2015: 325, 333. As we note below, current research by Mikhail Sablin, Natasha Reynolds and colleagues shows that the term ‘mammoth houses’ or ‘dwellings’ may well be misleading in some cases; in fact, the precise functions of these impressive structures may have varied considerably across regions and periods (see also Pryor et al. 2020). For the massive wooden enclosures as evidence of large, seasonal gatherings see Zheltova 2015.",Soffer 1985 | Iakovleva 2015 | Pryor 2020 | Zheltova 2015,"Soffer, Olga. 1985. The Upper Palaeolithic of the Central Russian Plain. London: Academic Press. | Iakovleva, Lioudmila. 2015. ‘The architecture of mammoth bone circular dwellings of the Upper Palaeolithic settlements in Central and Eastern Europe and their socio-symbolic meanings.’ Quaternary International 359–60: 324–34. | Pryor, Alexander J. E. et al. 2020. ‘The chronology and function of a new circular mammoth-bone structure at Kostenki 11.’ Antiquity 94 (374): 323–41. | Zheltova, Maria N. 2015. ‘Kostenki 4: Gravettian of the east – not Eastern Gravettian.’ Quaternary International 359–60: 362–71."
M0095,S024,Göbekli Tepe,Göbekli Tepe,L1140,1140,1140,Chapter 3: Unfreezing the Ice Age,chapter,3,"Archaeology also shows that patterns of seasonal variation lie behind the monuments of Göbekli Tepe. Activities around the stone temples correspond with periods of annual superabundance, between midsummer and autumn, when large herds of gazelle descended on to the Harran Plain. At such times, people also gathered at the site to process massive quantities of nuts and wild cereal grasses, making these into festive foods, which presumably fuelled the work of construction.39 There is some evidence to suggest that each of these great structures had a relatively short lifespan, culminating in an enormous feast, after which its walls were rapidly filled in with leftovers and other refuse: hierarchies raised to the sky, only to be swiftly torn down again. Ongoing research is likely to complicate this picture, but the overall pattern of seasonal congregation for festive labour seems well established.",ch3-n39,"Lang et al. 2013; L. Dietrich et al. 2019 (grinding slabs, stone bowls, hand pounders, pestles and mortars are all found in impressive numbers at Göbekli Tepe); and see also O. Dietrich et al. 2012.",Lang 2013 | Dietrich 2019 | Dietrich 2012,"Lang, Caroline et al. 2013. ‘Gazelle behaviour and human presence at early Neolithic Göbekli Tepe, south-east Anatolia.’ World Archaeology 45: 410–29. | Dietrich, Laura et al. 2019. ‘Cereal processing at Early Neolithic Göbekli Tepe, southeastern Turkey.’ PLoS ONE 14 (5): e0215214. | Dietrich, Olivier, Manfred Heun, Jens Notroff and Klaus Schmidt. 2012. ‘The role of cult and feasting in the emergence of Neolithic communities. New evidence from Göbekli Tepe, south-eastern Turkey.’ Antiquity 86 (333): 674–95."
M0096,S024,Göbekli Tepe,Göbekli Tepe,L1470,1470,1470,"Chapter 4: Free People, the Origin of Cultures, and the Advent of Private Property",chapter,4,"Today, Poverty Point is a National Park and Monument and UNESCO World Heritage Site. Despite these designations of international importance, its implications for world history have hardly begun to be explored. A hunter-gatherer metropolis the size of a Mesopotamian city-state, Poverty Point makes the Anatolian complex of Göbekli Tepe look like little more than a ‘potbelly hill’ (which is, in fact, what ‘Göbekli Tepe’ means in Turkish). Yet outside a small community of academic specialists, and of course local residents and visitors, very few people have heard of it.",,,,
M0097,S024,Göbekli Tepe,Göbekli Tepe,L1657,1657,1657,"Chapter 4: Free People, the Origin of Cultures, and the Advent of Private Property",chapter,4,"Looking back again to prehistory, it is – as we’ve already noted – impossible to know precisely which forms of property or ownership existed at places like Göbekli Tepe, Poverty Point, Sannai Maruyama or Stonehenge, any more than we can know if regalia buried with the ‘princes’ of the Upper Palaeolithic were their personal possessions. What we can now suggest, in light of these wider considerations, is that such carefully co-ordinated ritual theatres, often laid out with geometrical precision, were exactly the kinds of places where exclusive claims to rights over property – together with strict demands for unquestioning obedience – were likely to be made, among otherwise free people. If private property has an ‘origin’, it is as old as the idea of the sacred, which is likely as old as humanity itself. The pertinent question to ask is not so much when this happened, as how it eventually came to order so many other aspects of human affairs.",,,,
M0098,S024,Göbekli Tepe,Göbekli Tepe,L2158,2158,2158,Chapter 6: Gardens of Adonis,chapter,6,"In the uplands, there was a striking turn towards hierarchy among settled hunter-foragers, most dramatically attested at the megalithic centre of Göbekli Tepe and at nearby sites like that recently discovered at Karahan Tepe. In the lowlands of the Euphrates and Jordan valleys, by contrast, such megalithic monuments are absent, and Neolithic societies followed a distinct but equally precocious path of change, which we will shortly describe. What’s more, these two adjacent families of societies – let’s call them ‘lowlanders’ and ‘uplanders’ – were well acquainted. We know this because they traded durable materials with each other over long distances, among them the same materials, in fact, that we found circulating as valuables on the West Coast of North America: obsidian and minerals from the mountains, and mollusc shells from the coasts. Obsidian from the Turkish highlands flowed south, and shells (perhaps used as currency) flowed north from the shores of the Red Sea, ensuring that uplanders and lowlanders stayed in touch.24",ch6-n24,"Prehistorians have experimented with all kinds of different ways of classifying the Fertile Crescent into ‘culture areas’ or ‘interaction spheres’ corresponding to the main distinctions of the Late and Epi-Palaeolithic era, and the Early (or Pre-Pottery) Neolithic. The history of these various classifications is reviewed and evaluated by Asouti (2006). Here we follow the distinctions outlined by Sherratt (2007), which are based on the correlation of broad ecological and cultural patterns rather than isolated (and fairly arbitrary) categories of archaeological data, such as different ways of manufacturing stone tools and weapons. Sherratt’s classification also has the advantage of avoiding teleological tendencies found in some other studies, which assume all evidence of cultural complexity (such as substantial settlements and architecture) must be in some way related to the development of food production; in other words, he allows for such developments within foraging societies that had no strong investment in the domestication of plants and animals.",Asouti 2006 | Sherratt 2007,"Asouti, Eleni. 2006. ‘Beyond the Pre-Pottery Neolithic-B interaction sphere.’ Journal of World Prehistory 20: 87–126. | Sherratt, Andrew. 2007. ‘Diverse origins: regional contributions to the genesis of farming.’ In Colledge and Conolly (eds), pp. 1–20."
M0099,S024,Göbekli Tepe,Göbekli Tepe,L2279,2279,2279,Chapter 6: Gardens of Adonis,chapter,6,"All this applies most clearly to the development of Early Neolithic societies in lowland parts of the Fertile Crescent, and especially along the valleys of the Jordan and Euphrates Rivers. But these communities did not develop in isolation. For almost the entire period we’ve been discussing, the upland crescent – following the foothills of the Taurus and Zagros Mountains and the adjoining steppe – was also home to settled populations, adept in managing a variety of wild plant and animal resources. They too were often village dwellers, who adopted strategies of cultivation and herding as they saw fit, while still deriving the bulk of their diet from non-domesticated species. But in other ways they are clearly marked out from their lowland neighbours, their construction of megalithic architecture, including the famous structures of Göbekli Tepe, being just the most obvious. Some of these groups lived in proximity to lowland Neolithic societies, especially along the upper reaches of the Euphrates, but their art and ritual suggest a radically different orientation to the world, as sharply distinguished from the latter as Northwest Coast foragers were from their Californian neighbours.",,,,
M0100,S024,Göbekli Tepe,Göbekli Tepe,L2282,2282,2282,Chapter 6: Gardens of Adonis,chapter,6,TO FARM OR NOT TO FARM: IT’S ALL IN YOUR HEAD (WHERE WE RETURN TO GÖBEKLI TEPE),,,,
M0101,S024,Göbekli Tepe,Göbekli Tepe,L2284,2284,2284,Chapter 6: Gardens of Adonis,chapter,6,"At the frontier between the upland and lowland sectors of the Fertile Crescent stands Göbekli Tepe itself. It is actually one of a series of megalithic centres that sprang up around the Urfa valley, near the modern border of Syria and Turkey, in the ninth millennium bc.53 Most are still not excavated. Only the tops of their great T-shaped pillars can be seen projecting from the deep valley soils. While direct evidence is still lacking, this style of stone architecture probably marks the apex of a building tradition that began in timber. Wooden prototypes may also lie behind Göbekli Tepe’s tradition of sculptural art, which evokes a world of fearsome images, far removed from the visual arts of the lowlands, with their humble figurines of women and domestic animals, and hamlets of clay.",ch6-n53,Vidale 2013.,Vidale 2013,"Vidale, Massimo. 2013. ‘T-Shaped pillars and Mesolithic “chiefdoms” in the prehistory of Southern Eurasia: a preliminary note.’ In Dennys Frenez and Maurizio Tosi (eds), South Asian Archaeology 2007. Proceedings of the 19th International Conference of the European Association of South Asian Archaeology. Oxford: BAR, pp. 51–8."
M0102,S024,Göbekli Tepe,Göbekli Tepe,L2286,2286,2286,Chapter 6: Gardens of Adonis,chapter,6,"In both medium and message, Göbekli Tepe could hardly be more different from the world of early farming communities. Its standing remains were wrought from stone, a material little used for construction in the Euphrates and Jordan valleys. Carved on these stone pillars is an imagery dominated by wild and venomous animals; scavengers and predators, almost exclusively sexed male. On a limestone pillar a lion rears up in high relief, teeth gnashing, claws outstretched, penis and scrotum on show. Elsewhere lurks a malevolent boar, its male sex also displayed. The most often repeated images depict raptors taking human heads. One remarkable sculpture, resembling a totem pole, comprises superimposed pairings of victims and predators: disembodied skulls and sharp-eyed birds of prey. Elsewhere, flesh-eating birds and other carnivores are shown grasping, tossing about or otherwise playing with their catch of human crania; carved below one such figure on a monumental pillar is the image of a headless man with an erect penis (conceivably this depicts the kind of immediate post-mortem erection or ‘priapism’ that occurs in victims of hanging or beheading as a result of massive trauma to the spinal cord).54",ch6-n54,Schmidt 2006; Köksal-Schmidt and Schmidt 2010; Notroff et al. 2016. A stone figure known to archaeologists as the ‘gift bearer’ also carries a human head to some unknown destination. Images of many of these sculptures and other finds from Göbekli Tepe can be found at https://www.dainst.blog/the-tepe-telegrams/,Schmidt 2006 | Notroff 2016,"Schmidt, Klaus. 2006. Sie bauten die ersten Tempel. Das rätselhafte Heiligtum der Steinzeitjäger. Munich: C. H. Beck. | Notroff, Jens, Oliver Dietrich and Klaus Schmidt. 2016. ‘Gathering of the dead? The early Neolithic sanctuaries at Göbekli Tepe, southeastern Turkey.’ In Colin Renfrew, Michael J. Boyd and Iain Morley (eds), Death Rituals, Social Order, and the Archaeology of Immortality in the Ancient World. Cambridge: Cambridge University Press, pp. 65–81."
M0103,S024,Göbekli Tepe,Göbekli Tepe,L2288,2288,2288,Chapter 6: Gardens of Adonis,chapter,6,"What are these images telling us? Could the taking of trophy heads among upland populations of the steppe-forest zone be part of the picture? At the settlement of Nevalı Çori – also in Urfa province, and with similar monuments to Göbekli Tepe – burials with detached skulls were found, including one of a young woman with a flint dagger still lodged under her jaw; while from Jerf el-Ahmar – on the Upper Euphrates, where the lowland crescent approaches the uplands – comes the startling find of a splayed skeleton (again, a young woman) still lying inside a burnt-down building, prone and missing her head.55 At Göbekli Tepe itself, the chopping of human heads was mimicked in statuary: anthropomorphic sculptures were made, only to have their tops smashed off and the stone heads buried adjacent to pillars within the shrines.56 For all this, archaeologists remain rightly cautious about linking such practices to conflict or predation; so far, there is only limited evidence for interpersonal violence, let alone warfare at this time.57",ch6-n55 | ch6-n56 | ch6-n57,"Schmidt 1998; Stordeur 2000, fig. 6.1, 2. | O. Dietrich et al. 2019. | Which is not to say that such evidence for violent conflict is entirely lacking either. The largest preserved sample of human remains from any Early Holocene site in the Middle East comes from the site of Körtik Tepe, which lies northeast of Göbekli Tepe on a bank of the Upper Tigris, twelve miles from the modern town of Batman, firmly within the upland sector of the Fertile Crescent. Remains of more than 800 individuals have been recovered from the site, of which the 446 individuals so far analysed reveal high rates of skeletal trauma (of 269 skulls, some 34.2 per cent showed signs of cranial injury, including two female skulls with penetrative depressed fractures; post-cranial injuries were found on over 20 per cent of the individuals studied, including three cases of healed parry fractures to the forearm). Given the absence of other signs of warfare, this evidence has been explained – perhaps not altogether persuasively – in terms of interpersonal violence within a community of settled hunter-fisher-gatherers living in a region of abundant wild resources. A significant number of the human remains recovered from Körtik Tepe were subject to post-mortem modification, including the presence of cut marks on human crania, although none of these can be definitively linked to scalping or the taking of trophy heads (as reported by Erdal 2015).",Schmidt 1998 | Stordeur 2000 | Dietrich 2019 | Erdal 2015,"Schmidt, Klaus. 1998. ‘Frühneolithische Silexdolche.’ In Güven Arsebük et al. (eds), Light on Top of the Black Hill. Studies Presented to Halet Çambel. Istanbul: Yeni, pp. 681–92. | Stordeur, Danielle. 2000. ‘Jerf el Ahmar et l’émergence du Néolithique au Proche-Orient.’ In Jean Guilaine (ed.), Premiers paysans du monde: Naissances des agricultures, Séminaire du Collège de France. Paris: Errance, pp. 33–60. | Dietrich, Laura et al. 2019. ‘Cereal processing at Early Neolithic Göbekli Tepe, southeastern Turkey.’ PLoS ONE 14 (5): e0215214. | Erdal, Yilmaz. 2015. ‘Bone or flesh: defleshing and post-depositional treatments at Körtik Tepe (Southeastern Anatolia, PPNA Period).’ European Journal of Archaeology 18 (1): 4–32."
M0104,S024,Göbekli Tepe,Göbekli Tepe,L2290,2290,2290,Chapter 6: Gardens of Adonis,chapter,6,"Here we might also consider evidence from Çayönü Tepesi, in the Ergani plain. This was the site of a large prehistoric settlement comprising substantial houses built on stone foundations, as well as public buildings. It lay on a tributary of the Tigris in the hill country of Diyarbakır, not far north of Göbekli Tepe, and was established around the same time by a community of hunter-foragers and sometime herders.58 Near the centre of the settlement stood a long-lived structure that archaeologists call the ‘House of Skulls’, for the simple reason that it was found to hold the remains of over 450 people, including headless corpses and over ninety crania, all crammed into small compartments. Cervical vertebrae were attached to some skulls, indicating they were severed from fleshed (but not necessarily living) bodies. Most of the heads were taken from young adults or adolescents, individuals in the prime of life, and ten from children. If any of these were trophy skulls, claimed from victims or enemies, then they were chosen for their vitality. The skulls were left bare, with no trace of decoration.59",ch6-n58 | ch6-n59,"Faunal and botanical remains from Çayönü Tepesi reveal a flexible economy which underwent numerous changes over a period of some 3,000 years. In the earlier phases of the site, which concern us here, its inhabitants made extensive use of wild pulses and nuts, as well as peas, lentil and bitter vetch, with smaller amounts of wild cereals. Cultivation of at least some of these crops is likely, but there is no clear evidence of plant domestication until the later phases of the site. Animal remains suggest its inhabitants pursued mixed herding and hunting strategies which varied over many centuries, including at times a strong reliance on pigs and wild boar, as well as sheep, cattle, gazelle and red deer, and also smaller game such as hares (see Pearson et al. 2013, with further references). | For the House of Skulls and the analysis of associated human remains at Çayönü Tepesi see Özbek 1988; 1992; Schirmer 1990; Wood 1992; also Kornienko’s (2015) broader review of evidence for ritual violence in the northern part of the Fertile Crescent. Isotopic analysis of human remains indicates that the individuals whose remains came to be stored in the Skull Building had significantly different diets to those buried elsewhere on the site, which might indicate local differences of status (Pearson et al. 2013), or conceivably the incorporation of outsiders into local mortuary rituals.",Pearson 2013 | Schirmer 1990 | Wood 1992,"Pearson, Jessica et al. 2013. ‘Food and social complexity at Çayönü Tepesi, southeastern Anatolia: stable isotope evidence of differentiation in diet according to burial practice and sex in the early Neolithic.’ Journal of Anthropological Archaeology 32 (2): 180–89. | Schirmer, Wulf. 1990. ‘Some aspects of building at the “aceramic-neolithic” settlement of Çayönü Tepesi.’ World Archaeology 21 (3): 363–87. | Wood, Andrée. R. 1992. ‘The detection, removal, storage, and species identification of prehistoric blood residues from Çayönü.’ American Journal of Archaeology 96 (2): 374."
M0105,S024,Göbekli Tepe,Göbekli Tepe,L2294,2294,2294,Chapter 6: Gardens of Adonis,chapter,6,"Perhaps what we’re detecting in the House of Skulls, but in a rather different form, is a complex of ideas already familiar from Amazonia and elsewhere: hunting as predation, shifting subtly from a mode of subsistence to a way of modelling and enacting dominance over other human beings. After all, even feudal lords in Europe tended to identify themselves with lions, hawks and predatory beasts (they were also fond of the symbolism of putting heads on poles; ‘off with his head!’ is still the most popular phrase identified with the British monarchy).60 But what about Göbekli Tepe itself? If the display of trophy heads really was an important aspect of the site’s function, surely some direct trace would remain, other than just some suggestive stone carvings.",ch6-n60,"Allsen (2016) provides a sweeping account of the practical and symbolic relationships between hunting and monarchy in Eurasian history, which are remarkably consistent from the Middle East to India, Central Asia and China, and from antiquity down to the time of the British Raj.",Allsen 2016,"Allsen, Thomas T. 2016. The Royal Hunt in Eurasian History. Philadelphia: University of Pennsylvania Press."
M0106,S024,Göbekli Tepe,Göbekli Tepe,L2296,2296,2296,Chapter 6: Gardens of Adonis,chapter,6,"Human remains are so far rare at Göbekli Tepe. Which makes it even more remarkable that – of the few hundred scraps of prehistoric human bone so far recovered from the site – some two-thirds are indeed segments of skulls or facial bones, some retaining signs of de-fleshing, and even decapitation. Among them were found remnants of three skulls, recovered from the area of the stone shrines, which bear evidence for more elaborate types of cultural modification in the form of deep incisions and drill-holes, allowing the skull to dangle from a string or be mounted on a pole.61",ch6-n61,Gresky et al. 2017.,Gresky 2017,"Gresky, Julia, Juliane Haelm and Lee Clare. 2017. ‘Modified human crania from Göbekli Tepe provide evidence for a new form of Neolithic skull cult.’ Science Advances 3: e1700564."
M0107,S024,Göbekli Tepe,Göbekli Tepe,L2318,2318,2318,Chapter 6: Gardens of Adonis,chapter,6,"Perhaps the most recognizable – and definitely the most macabre – objects found in Early Neolithic villages of the Levantine Corridor (Israel, Palestine, Jordan, Lebanon and the Syrian Euphrates) are ‘skull portraits’. These are heads that were removed from burials of women, men and occasionally children in a secondary process, after the corpse had decomposed. Once separated from the body, they were cleaned and carefully modelled over with clay, then coated with layers of plaster to become something altogether different. Shells were often fixed into the eye sockets, just as clay and plaster filled in for the flesh and skin. Red and white paint added further life. Skull portraits appear to have been treasured heirlooms, carefully stored and repaired over generations. They reached their height of popularity in the eighth millennium bc, as Göbekli Tepe fell into decline, when the practice spread as far as Çatalhöyük; there, one such modelled head was found in an intimate situation, clutched to the chest of a female burial.63",ch6-n63,Kuijt 1996; Croucher 2012; Slon et al. 2014.,Kuijt 1996 | Croucher 2012 | Slon 2014,"Kuijt, Ian. 1996. ‘Negotiating equality through ritual: a consideration of Late Natufian and Prepottery Neolithic A period mortuary practices.’ Journal of Anthropological Archaeology 15: 313–36. | Croucher, Karina. 2012. Death and Dying in the Neolithic Near East. Oxford: Oxford University Press. | Slon, Viviane et al. 2014. ‘The plastered skulls from the Pre-Pottery Neolithic B Site of Yiftahel (Israel) – a computed tomography-cased analysis.’ PLoS ONE 9 (2): e89242."
M0108,S024,Göbekli Tepe,Göbekli Tepe,L2570,2570,2570,Chapter 7: The Ecology of Freedom,chapter,7,"Seasonally erected monuments like those of Göbekli Tepe or Lake Shigirskoe are as clear a signal as one could wish for that big things were afoot among Holocene hunter-fisher-gatherers. But what were all the non-farming people doing, and where were they living, for the rest of the time? Upland forested areas, like the uplands of eastern Turkey or the foothills of the Urals, are one candidate, but since most construction was in wood, very little of this habitation survives. Most likely, the largest communities were concentrated around lakes, rivers and coastlands, and especially at their junctures: delta environments – such as those of southern Mesopotamia, the lower reaches of the Nile and the Indus – where many of the world’s first cities arose, and to which we must now turn in order to find out exactly what living in large and densely populated settlements really did (and did not) imply for the development of human societies.",,,,
M0109,S024,Göbekli Tepe,Göbekli Tepe,L4780,4780,4780,Notes to Chapter 3: Unfreezing the Ice Age,notes,3,"39. Lang et al. 2013; L. Dietrich et al. 2019 (grinding slabs, stone bowls, hand pounders, pestles and mortars are all found in impressive numbers at Göbekli Tepe); and see also O. Dietrich et al. 2012.",ch3-n39,"Lang et al. 2013; L. Dietrich et al. 2019 (grinding slabs, stone bowls, hand pounders, pestles and mortars are all found in impressive numbers at Göbekli Tepe); and see also O. Dietrich et al. 2012.",Lang 2013 | Dietrich 2019 | Dietrich 2012,"Lang, Caroline et al. 2013. ‘Gazelle behaviour and human presence at early Neolithic Göbekli Tepe, south-east Anatolia.’ World Archaeology 45: 410–29. | Dietrich, Laura et al. 2019. ‘Cereal processing at Early Neolithic Göbekli Tepe, southeastern Turkey.’ PLoS ONE 14 (5): e0215214. | Dietrich, Olivier, Manfred Heun, Jens Notroff and Klaus Schmidt. 2012. ‘The role of cult and feasting in the emergence of Neolithic communities. New evidence from Göbekli Tepe, south-eastern Turkey.’ Antiquity 86 (333): 674–95."
M0110,S024,Göbekli Tepe,Göbekli Tepe,L5198,5198,5198,Notes to Chapter 6: Gardens of Adonis,notes,6,54. Schmidt 2006; Köksal-Schmidt and Schmidt 2010; Notroff et al. 2016. A stone figure known to archaeologists as the ‘gift bearer’ also carries a human head to some unknown destination. Images of many of these sculptures and other finds from Göbekli Tepe can be found at https://www.dainst.blog/the-tepe-telegrams/,ch6-n54,Schmidt 2006; Köksal-Schmidt and Schmidt 2010; Notroff et al. 2016. A stone figure known to archaeologists as the ‘gift bearer’ also carries a human head to some unknown destination. Images of many of these sculptures and other finds from Göbekli Tepe can be found at https://www.dainst.blog/the-tepe-telegrams/,Schmidt 2006 | Notroff 2016,"Schmidt, Klaus. 2006. Sie bauten die ersten Tempel. Das rätselhafte Heiligtum der Steinzeitjäger. Munich: C. H. Beck. | Notroff, Jens, Oliver Dietrich and Klaus Schmidt. 2016. ‘Gathering of the dead? The early Neolithic sanctuaries at Göbekli Tepe, southeastern Turkey.’ In Colin Renfrew, Michael J. Boyd and Iain Morley (eds), Death Rituals, Social Order, and the Archaeology of Immortality in the Ancient World. Cambridge: Cambridge University Press, pp. 65–81."
M0111,S024,Göbekli Tepe,Göbekli Tepe,L5204,5204,5204,Notes to Chapter 6: Gardens of Adonis,notes,6,"57. Which is not to say that such evidence for violent conflict is entirely lacking either. The largest preserved sample of human remains from any Early Holocene site in the Middle East comes from the site of Körtik Tepe, which lies northeast of Göbekli Tepe on a bank of the Upper Tigris, twelve miles from the modern town of Batman, firmly within the upland sector of the Fertile Crescent. Remains of more than 800 individuals have been recovered from the site, of which the 446 individuals so far analysed reveal high rates of skeletal trauma (of 269 skulls, some 34.2 per cent showed signs of cranial injury, including two female skulls with penetrative depressed fractures; post-cranial injuries were found on over 20 per cent of the individuals studied, including three cases of healed parry fractures to the forearm). Given the absence of other signs of warfare, this evidence has been explained – perhaps not altogether persuasively – in terms of interpersonal violence within a community of settled hunter-fisher-gatherers living in a region of abundant wild resources. A significant number of the human remains recovered from Körtik Tepe were subject to post-mortem modification, including the presence of cut marks on human crania, although none of these can be definitively linked to scalping or the taking of trophy heads (as reported by Erdal 2015).",ch6-n57,"Which is not to say that such evidence for violent conflict is entirely lacking either. The largest preserved sample of human remains from any Early Holocene site in the Middle East comes from the site of Körtik Tepe, which lies northeast of Göbekli Tepe on a bank of the Upper Tigris, twelve miles from the modern town of Batman, firmly within the upland sector of the Fertile Crescent. Remains of more than 800 individuals have been recovered from the site, of which the 446 individuals so far analysed reveal high rates of skeletal trauma (of 269 skulls, some 34.2 per cent showed signs of cranial injury, including two female skulls with penetrative depressed fractures; post-cranial injuries were found on over 20 per cent of the individuals studied, including three cases of healed parry fractures to the forearm). Given the absence of other signs of warfare, this evidence has been explained – perhaps not altogether persuasively – in terms of interpersonal violence within a community of settled hunter-fisher-gatherers living in a region of abundant wild resources. A significant number of the human remains recovered from Körtik Tepe were subject to post-mortem modification, including the presence of cut marks on human crania, although none of these can be definitively linked to scalping or the taking of trophy heads (as reported by Erdal 2015).",Erdal 2015,"Erdal, Yilmaz. 2015. ‘Bone or flesh: defleshing and post-depositional treatments at Körtik Tepe (Southeastern Anatolia, PPNA Period).’ European Journal of Archaeology 18 (1): 4–32."
M0112,S025,Poverty Point,Poverty Point,L1442,1442,1442,"Chapter 4: Free People, the Origin of Cultures, and the Advent of Private Property",chapter,4,"In modern-day Louisiana there is a place with the dispiriting name of Poverty Point. Here you can still see the remains of massive earthworks erected by Native Americans around 1600 bc. With its plush green lawns and well-trained coppices, today the site looks like something halfway between a wildlife management area and a golf club.26 Grass-covered mounds and ridges rise neatly from carefully tended meadows, forming concentric rings which suddenly vanish where the Bayou Macon has eroded them away (bayou being derived, via Louisiana French, from the Choctaw word bayuk: marshy rivulets spreading out from the main channel of the Mississippi). Despite nature’s best efforts to obliterate these earthworks, and early European settlers’ best efforts to deny their obvious significance (perhaps these were the dwellings of an ancient race of giants, they conjectured, or one of the lost tribes of Israel?), they endure: evidence for an ancient civilization of the Lower Mississippi and testimony to the scale of its accomplishments.",ch4-n26,"Oddly enough, Poverty Point is actually situated almost exactly midway between the Bayou Macon Wildlife Management Area and the Black Bear Golf Club.",,
M0113,S025,Poverty Point,Poverty Point,L1444,1444,1444,"Chapter 4: Free People, the Origin of Cultures, and the Advent of Private Property",chapter,4,"Archaeologists believe these structures at Poverty Point formed a monumental precinct that once extended over 200 hectares, flanked by two enormous earthen mounds (the so-called Motley and Lower Jackson Mounds) which lie respectively north and south. To clarify what this means, it’s worth noting that the first Eurasian cities – early centres of civic life like Uruk in southern Iraq, or Harappa in the Punjab – began as settlements of roughly 200 hectares in total. Which is to say that their entire layout could fit quite comfortably within the ceremonial precinct of Poverty Point. Like those early Eurasian cities, Poverty Point sprang from a great river, since transport by water, particularly of bulk goods, was in early times infinitely easier than transport by land. Like them, it formed the core of a much larger sphere of cultural interaction. People and resources came to Poverty Point from hundreds of miles away, as far north as the Great Lakes and from the Gulf of Mexico to the south.",,,,
M0114,S025,Poverty Point,Poverty Point,L1446,1446,1446,"Chapter 4: Free People, the Origin of Cultures, and the Advent of Private Property",chapter,4,"Seen from the air – a ‘god’s-eye’ view – Poverty Point’s standing remains look like some sunken, gargantuan amphitheatre; a place of crowds and power, worthy of any great agrarian civilization. Something approaching a million cubic metres of soil was moved to create its ceremonial infrastructure, which was most likely oriented to the skies, since some of its mounds form enormous figures of birds, inviting the heavens to bear witness to their presence. But the people of Poverty Point weren’t farmers. Nor did they use writing. They were hunters, fishers and foragers, exploiting a superabundance of wild resources (fish, deer, nuts, waterfowl) in the lower reaches of the Mississippi. And they were not the first hunter-gatherers in this region to establish traditions of public architecture. These traditions can be traced back far beyond Poverty Point itself, to around 3500 bc – which is also roughly the time that cities first emerged in Eurasia.",,,,
M0115,S025,Poverty Point,Poverty Point,L1448,1448,1448,"Chapter 4: Free People, the Origin of Cultures, and the Advent of Private Property",chapter,4,"As archaeologists often point out, Poverty Point is ‘a Stone Age site in an area where there is no stone’, so the staggering quantities of lithic tools, weapons, vessels and lapidary ornaments found there must all have been originally carried from somewhere else.27 The scale of its earthworks implies thousands of people gathering at the site at particular times of year, in numbers outstripping any historically known hunter-gatherer population. Much less clear is what attracted them there with their native copper, flint, quartz crystal, soapstone and other minerals; or how often they came, and how long they stayed. We simply don’t know.",ch4-n27,"We quote here from Kidder’s (2018) summary article. For a more extended, if somewhat idiosyncratic, account of Poverty Point archaeology see Gibson 2000; and for a wide-ranging assessment, Sassaman 2005.",Gibson 2000 | Sassaman 2005,"Gibson, Jon L. 2000. Ancient Mounds of Poverty Point: Place of Rings. Gainesville: University Press of Florida. | Sassaman, Kenneth E. 2005. ‘Poverty Point as structure, event, process.’ Journal of Archaeological Method and Theory 12 (4): 335–64."
M0116,S025,Poverty Point,Poverty Point,L1450,1450,1450,"Chapter 4: Free People, the Origin of Cultures, and the Advent of Private Property",chapter,4,"What we do know is that Poverty Point arrows and spearheads come in rich hues of red, black, yellow and even blue stone, and these are only the colours we discern. Ancient classifications were no doubt more refined. If stones were being selected with such care, we can only begin to imagine what was going on with cords, fibres, medicines and any living thing in the landscape treated as potential food or poison. Another thing we can be quite sure of is that ‘trade’ is not a useful way to describe whatever was going on here. For one thing, trade goes two ways, and Poverty Point presents no clear evidence for exports, or indeed commodities of any sort. The absence is strikingly obvious to anyone who’s studied the remains of early Eurasian cities like Uruk and Harappa, which do seem to have been engaged in lively trade relations: these sites are awash with industrial quantities of ceramic packaging, and the products of their urban crafts are found far and wide.",,,,
M0117,S025,Poverty Point,Poverty Point,L1452,1452,1452,"Chapter 4: Free People, the Origin of Cultures, and the Advent of Private Property",chapter,4,"Despite its great cultural reach, there is nothing at all of this commodity culture at Poverty Point. In fact, it’s not clear if anything much was going out from the site, at least in material terms, other than certain enigmatic clay items known as ‘cooking balls’, which can hardly be considered trade goods. Textiles and fabrics may have been important, but we also have to allow for the possibility that Poverty Point’s greatest assets were intangible. Most experts today view its monuments as expressions of sacred geometry, linked to calendar counts and the movement of celestial bodies. If anything was being stockpiled at Poverty Point, it may well have been knowledge: the intellectual property of rituals, vision quests, songs, dances and images.28",ch4-n28,"As Lowie (1928) demonstrated, in more recent Amerindian societies it was usually ownership of these ‘incorporeal’ goods (which he compared to our patents and copyrights) that unlocked rights of usufruct over land and resources, rather than direct ownership of territory.",Lowie 1928,"Lowie, Robert H. 1928. ‘Incorporeal property in primitive society.’ Yale Law Journal 37 (5): 551–63."
M0118,S025,Poverty Point,Poverty Point,L1460,1460,1460,"Chapter 4: Free People, the Origin of Cultures, and the Advent of Private Property",chapter,4,"In the case of Poverty Point, should this be conceived as a form of exchange of knowledge for material goods? Possibly. But the movement of objects and ideas might have been organized any number of other ways as well. All we know for sure is that the lack of an agricultural base does not seem to have stopped those who gathered on Poverty Point from creating something that to us would appear very much like little cities which, at least during certain times of year, hosted a rich and influential intellectual life.",,,,
M0119,S025,Poverty Point,Poverty Point,L1470,1470,1470,"Chapter 4: Free People, the Origin of Cultures, and the Advent of Private Property",chapter,4,"Today, Poverty Point is a National Park and Monument and UNESCO World Heritage Site. Despite these designations of international importance, its implications for world history have hardly begun to be explored. A hunter-gatherer metropolis the size of a Mesopotamian city-state, Poverty Point makes the Anatolian complex of Göbekli Tepe look like little more than a ‘potbelly hill’ (which is, in fact, what ‘Göbekli Tepe’ means in Turkish). Yet outside a small community of academic specialists, and of course local residents and visitors, very few people have heard of it.",,,,
M0120,S025,Poverty Point,Poverty Point,L1472,1472,1472,"Chapter 4: Free People, the Origin of Cultures, and the Advent of Private Property",chapter,4,"The obvious question at this juncture must surely be: why isn’t Poverty Point better known to audiences the world over? Why doesn’t it feature more prominently (or at all) in discussions on the origins of urban life, centralization and their consequences for human history?",,,,
M0121,S025,Poverty Point,Poverty Point,L1474,1474,1474,"Chapter 4: Free People, the Origin of Cultures, and the Advent of Private Property",chapter,4,"One reason, no doubt, is that Poverty Point and its predecessors (like the much older mound complex at Watson’s Brake, in the nearby Ouachita basin) have been placed in a phase of American prehistory known as the ‘Archaic’. The Archaic period covers an immense span of time, between the flooding of the Beringia land bridge (which once linked Eurasia to the Americas) around 8000 bc, and the initial adoption and spread of maize-farming in certain parts of North America, down to around 1000 bc. One word, for seven millennia of indigenous history. Archaeologists who first gave the period its name – which is really more of a chronological slap in the face – were basically declaring, ‘this is the period before anything particularly important was happening.’ So when undeniable evidence began to appear that all sorts of important things were indeed happening, and not just in the Mississippi basin, it was almost something of an archaeological embarrassment.",,,,
M0122,S025,Poverty Point,Poverty Point,L1476,1476,1476,"Chapter 4: Free People, the Origin of Cultures, and the Advent of Private Property",chapter,4,"On the shores of the Atlantic and around the Gulf of Mexico lie enigmatic structures: just as remarkable as Poverty Point, but even less well known. Formed out of shell in great accumulations, they range from small rings to massive U-shaped ‘amphitheatres’ like those of St Johns River valley in Northeast Florida. These were no natural features. They too were built spaces where hunter-gatherer publics once assembled in their thousands. Far to the north and west, on the other side of the continent, more surprises loom up from the windswept shores of British Columbia: settlements and fortifications of striking magnitude, dating back as far as 2000 bc, facing a Pacific already familiar with the spectacle of war and long-range commerce.32",ch4-n32,"A special issue of the Society for American Archaeology’s magazine contains useful discussion of ‘Archaic’ shell-mound cultures in various parts of North America; see Sassaman (ed.) 2008. For evidence of prehistoric coastal fortifications, trade and warfare in British Columbia see Angelbeck and Grier 2012; Ritchie et al. 2016.",Ritchie 2016,"Ritchie, Morgan, Dana Lepofsky et al. 2016. ‘Beyond culture history: Coast Salish settlement patterning and demography in the Fraser Valley, bc.’ Journal of Anthropological Archaeology 43: 140–54."
M0123,S025,Poverty Point,Poverty Point,L1503,1503,1503,"Chapter 4: Free People, the Origin of Cultures, and the Advent of Private Property",chapter,4,"Let’s first ask why even some experts apparently find it so difficult to shake off the idea of the carefree, idle forager band; and the twin assumption that ‘civilization’ properly so called – towns, specialized craftspeople, specialists in esoteric knowledge – would be impossible without agriculture. Why would anyone continue to write history as if places like Poverty Point could never have existed? It can’t just be the whimsical result of airy academic terminologies (‘Archaic’, ‘Jōmon’ and so on). The real answer, we suggest, has more to do with the legacy of European colonial expansion; and in particular its impact on both indigenous and European systems of thought, especially with regard to the expression of rights of property in land.",,,,
M0124,S025,Poverty Point,Poverty Point,L1597,1597,1597,"Chapter 4: Free People, the Origin of Cultures, and the Advent of Private Property",chapter,4,"We have also learned that at least some of these societies developed a material infrastructure capable of supporting royal courts and standing armies – even though we have, as yet, no clear evidence that they actually did so. To construct the earthworks at Poverty Point, for instance, must have taken enormous amounts of human labour and a strict regime of carefully planned-out work, but we still have little idea how that labour was organized. Japanese archaeologists, surveying thousands of years’ worth of Jōmon sites, have discovered all sorts of treasures, but they are yet to find indisputable evidence that those treasures were monopolized by any sort of aristocracy or ruling elite.",,,,
M0125,S025,Poverty Point,Poverty Point,L1599,1599,1599,"Chapter 4: Free People, the Origin of Cultures, and the Advent of Private Property",chapter,4,"We cannot possibly know exactly which forms of ownership existed in these societies. What we can suggest, and there’s plenty of evidence to support it, is that all the places in question – Poverty Point, Sannai Maruyama, the Kastelli Giant’s Church in Finland, or indeed the earlier resting places of Upper Palaeolithic grandees – were in some sense sacred places. This might not seem like saying very much, but it’s important: it tells us a lot more about the ‘origins’ of private property than is generally assumed. In rounding off this discussion, we will try to explain why.",,,,
M0126,S025,Poverty Point,Poverty Point,L1657,1657,1657,"Chapter 4: Free People, the Origin of Cultures, and the Advent of Private Property",chapter,4,"Looking back again to prehistory, it is – as we’ve already noted – impossible to know precisely which forms of property or ownership existed at places like Göbekli Tepe, Poverty Point, Sannai Maruyama or Stonehenge, any more than we can know if regalia buried with the ‘princes’ of the Upper Palaeolithic were their personal possessions. What we can now suggest, in light of these wider considerations, is that such carefully co-ordinated ritual theatres, often laid out with geometrical precision, were exactly the kinds of places where exclusive claims to rights over property – together with strict demands for unquestioning obedience – were likely to be made, among otherwise free people. If private property has an ‘origin’, it is as old as the idea of the sacred, which is likely as old as humanity itself. The pertinent question to ask is not so much when this happened, as how it eventually came to order so many other aspects of human affairs.",,,,
M0127,S025,Poverty Point,Poverty Point,L1676,1676,1676,Chapter 5: Many Seasons Ago,chapter,5,"When considering the broad sweep of history, most scholars either completely ignore this pre-agricultural world or write it off as some kind of strange anomaly: a false start to civilization. Palaeolithic hunters and Mesolithic fisherfolk may have buried their dead like aristocracy, but the ‘origins’ of class stratification are still sought in much later periods. Louisiana’s Poverty Point may have had the dimensions and at least some functions of an ancient city, but it is absent from most histories of North American urbanism, let alone urbanism in general; just as 10,000 years of Japanese civilization is sometimes written off as a prelude to the coming of rice-farming and metallurgy. Even the Calusa of Florida Keys are often referred to as an ‘incipient chiefdom’. What’s deemed important is not what they were, but the fact that they could be on the brink of turning into something else: a ‘proper’ kingdom, presumably, whose subjects paid tribute in crops.",,,,
M0128,S025,Poverty Point,Poverty Point,L3994,3994,3994,Chapter 11: Full Circle,chapter,11,"Even more striking, many of these tombs were located in the vicinity of gigantic earthworks, some literally miles across. The inhabitants of the Central Ohio valley had been creating such structures since the beginning of what archaeologists called the Adena period, around 1000 bc, and earthworks do also appear in earlier ‘Archaic’ phases of North American history. As we’ve already seen in the case of Poverty Point, whoever designed them was capable of making remarkably sophisticated astronomical calculations and employed accurate systems of measurement. One would imagine such people could also marshal and deploy enormous amounts of labour – although here we must be careful. Evidence from more recent times suggests that the tradition of mound-building could have been, in some cases, a side effect of creating dancing-grounds or other flat open spaces for feasts, games and assemblies. Each year before a major ritual these spaces would be swept and flattened, and the accumulated dirt and debris piled up in the same place. Over centuries, this could obviously become a very large amount of material to be shaped. Among the Muskogee, for example, such artificial hills would be covered each year by a new mantle of red, yellow, black or white earth. This work was organized by officials on rotating duties and did not require top-down structures of command.14",ch11-n14,Knight 2001; 2006.,Knight 2001,"Knight, Vernon J. Jr. 2001. ‘Feasting and the emergence of platform mound ceremonialism in Eastern North America.’ In Michael Dietler and Brian Hayden (eds), Feasts: Archaeological and Ethnographic Perspectives on Food, Politics and Power. Washington: Smithsonian Institution Press, pp. 311–33."
M0129,S025,Poverty Point,Poverty Point,L3996,3996,3996,Chapter 11: Full Circle,chapter,11,"Such is clearly not the case, however, with really large structures like Poverty Point or the Hopewell earthworks. These did not grow by slow accretion but were planned in advance. The most impressive sites are almost invariably in river valleys, typically quite close to bodies of water. They rise, literally, out of the sodden mud. As anyone who has played as a child with sand or mud (that is, pretty much anyone, including ancient Amerindians) will be aware, it’s easy to make structures out of such material, but almost impossible to keep them from crumbling or washing away again in damp locations. This is where the really impressive engineering comes in. A typical Hopewell site is a complex, mathematically aligned mix of circles, squares and octagons – all made of mud. One of the largest, the Newark Earthworks in Licking County, Ohio, which apparently functioned as a lunar observatory, extends over two square miles and contains embankments more than sixteen feet tall. The only way to create stable structures of this sort – so stable that they still exist today – was by the use of ingenious building techniques, alternating layers of earth with carefully selected gravels and sand.15 To anyone seeing them for the first time, rising above the swamps, the effect would be similar to witnessing an ice cube that refused ever to melt in the midday sun; a kind of cosmogonic miracle.",ch11-n15,Sherwood and Kidder 2011.,,
M0130,S025,Poverty Point,Poverty Point,L4010,4010,4010,Chapter 11: Full Circle,chapter,11,"Like Chavín de Huántar in the Andes, or indeed Poverty Point, social influence derived from control over esoteric forms of knowledge. The main difference is that the Hopewell Interaction Sphere has no discernible centre, no single capital, and unlike Chavín it offers little evidence for the existence of permanent elites, priestly or otherwise. Analysis of burials reveals at least a dozen different sets of insignia, ranging perhaps from funerary priests to clan chief or diviner. Remarkably, it also appears to reveal the existence of a developed clan system, since the ancient inhabitants of central Ohio developed the historically unusual – but from an archaeologist’s point of view extraordinarily convenient – habit of including bits of their totem animal – jaws, teeth, claws or talons, often fashioned into pendants or jewellery – in their tombs. All the clans most familiar from later North America – Deer, Wolf, Elk, Hawk, Snake and so on – were already represented.20 The really striking thing is that, despite the existence of a system of offices and clans, there appears to be virtually no relation between the two. It is possible that clans sometimes ‘owned’ certain offices, but there is little evidence for the existence of a hereditary, ranked elite.21",ch11-n20 | ch11-n21,"Contemporary scholars list at least nine clans among the ‘Tripartite Alliance’ of sodalities in the central Hopewell region: Bear, Canine, Feline, Raptor, Raccoon, Elk, Beaver, Nonraptorial Bird and Fox. These correspond roughly to the largest clans documented among Central Algonkian peoples who still inhabit the region (Carr 2005; Thomas et al. 2005: 339–40). | As one might imagine, this has been a matter of some debate, but we follow here the extensively documented views put forward in Carr and Case (eds) 2005, with further detailed references.",Carr 2005 | Thomas 2005,"Carr, Christopher. 2005. ‘The tripartite ceremonial alliance among Scioto Hopewellian communities and the question of social ranking.’ In Case and Carr (eds), pp. 258–338. | Thomas, Chad R., Christopher Carr and Cynthia Keller. 2005. ‘Animaltotemic clans of Ohio Hopewellian peoples.’ In Carr and Case (eds), pp. 339–85."
M0131,S025,Poverty Point,Poverty Point,L4109,4109,4109,Chapter 11: Full Circle,chapter,11,"Similarly, those who designed the great construction projects of Poverty Point or Hopewell were clearly drawing on esoteric knowledge of some sort – astronomical, mythic, numerological – which was contiguous with the practical knowledge of maths, engineering and construction, not to mention techniques of organizing and monitoring human labour (even voluntary labour) which were required to realize those designs. Over the long term of pre-Columbian history, this particular sort of knowledge always seems to lie at the core of systems of domination that periodically emerged. Hopewell is a perfect example, since the heroic games that accompanied ceremonial projects were not really the basis for systematic domination at all.60 Cahokia, on the other hand, appears to represent a self-conscious effort to turn that style of administrative esoterica into a basis for sovereignty; the gradual transformation of geometric earthworks, designed on cosmic principles, into actual fortifications being only the most obvious indication. In the end it didn’t work. Political power retreated back into heroic theatre, if in a decidedly more violent form.",ch11-n60,"In our terms, it’s not even clear that Adena-Hopewell was a ‘first-order regime of domination’; in most respects, as we’ve indicated, it seems closer to the kind of grand hospitality zones, culture areas, interaction spheres, or civilizations we’ve encountered so many times before in other parts of the world.",,
M0132,S025,Poverty Point,Poverty Point,L4866,4866,4866,"Notes to Chapter 4: Free People, the Origin of Cultures, and the Advent of Private Property",notes,4,"26. Oddly enough, Poverty Point is actually situated almost exactly midway between the Bayou Macon Wildlife Management Area and the Black Bear Golf Club.",ch4-n26,"Oddly enough, Poverty Point is actually situated almost exactly midway between the Bayou Macon Wildlife Management Area and the Black Bear Golf Club.",,
M0133,S025,Poverty Point,Poverty Point,L4868,4868,4868,"Notes to Chapter 4: Free People, the Origin of Cultures, and the Advent of Private Property",notes,4,"27. We quote here from Kidder’s (2018) summary article. For a more extended, if somewhat idiosyncratic, account of Poverty Point archaeology see Gibson 2000; and for a wide-ranging assessment, Sassaman 2005.",ch4-n27,"We quote here from Kidder’s (2018) summary article. For a more extended, if somewhat idiosyncratic, account of Poverty Point archaeology see Gibson 2000; and for a wide-ranging assessment, Sassaman 2005.",Gibson 2000 | Sassaman 2005,"Gibson, Jon L. 2000. Ancient Mounds of Poverty Point: Place of Rings. Gainesville: University Press of Florida. | Sassaman, Kenneth E. 2005. ‘Poverty Point as structure, event, process.’ Journal of Archaeological Method and Theory 12 (4): 335–64."
M0134,S025,Poverty Point,Poverty Point,L6062,6062,6062,Notes to Chapter 11: Full Circle,notes,11,"25. As we discussed in Chapter Four, the monumental hunter-gatherer centre of Poverty Point on the Lower Mississippi drew in objects and materials from a similarly wide region almost 2,000 years earlier, and it may well have disseminated various forms of intangible goods and knowledge far and wide in return; but Poverty Point had a different character to Hopewell, tightly focused on a single centre of gravity, and less clearly marked by the spread of social institutions such as burial rituals or settlement patterns.",ch11-n25,"As we discussed in Chapter Four, the monumental hunter-gatherer centre of Poverty Point on the Lower Mississippi drew in objects and materials from a similarly wide region almost 2,000 years earlier, and it may well have disseminated various forms of intangible goods and knowledge far and wide in return; but Poverty Point had a different character to Hopewell, tightly focused on a single centre of gravity, and less clearly marked by the spread of social institutions such as burial rituals or settlement patterns.",,
M0135,S026,Sannai Maruyama,Sannai Maruyama,L1482,1482,1482,"Chapter 4: Free People, the Origin of Cultures, and the Advent of Private Property",chapter,4,"Across the Japanese archipelago, between 14,000 and 300 bc, centennial cycles of settlement nucleation and dispersal came and went; monuments shot up in wood and stone, and then were pulled down again or abandoned; elaborate ritual traditions, including opulent burials, flourished and declined; specialized crafts waxed and waned, including remarkable accomplishments in the arts of pottery, wood and lacquer. In traditions of wild food procurement, strong regional contrasts are evident, ranging from maritime adaptations to acorn-based economies, both using large storage facilities for gathered resources. Cannabis came into use, for fibres and recreational drug use. There were enormous villages with grand storehouses and what seem to be ritual precincts, such as those found at Sannai Maruyama.33",ch4-n33,"Sannai Maruyama, the largest and most impressive Jōmon site, was occupied between 3900 and 2300 bc, and lies in the Aomori Prefecture in northern Japan. Habu and Fawcett (2008) provide a lively account of the site’s discovery, reception and contemporary interpretation. For broader discussions of Jōmon material culture, settlement patterns and uses of the environment see Takahashi and Hosoya 2003; Habu 2004; Kobayashi 2004; Matsui and Kanehara 2006; Crema 2013. It’s worth noting that the ancient Jōmon have been infiltrating modern consciousness in other ways too: the distinctive ‘rope pattern’ aesthetics of their highly crafted ceramics provided the graphic template for one of Nintendo’s most popular video games, The Legend of Zelda: Breath of the Wild. Jōmon seems quite at home in the digital age.",Habu 2004 | Kobayashi 2004 | Crema 2013,"Habu, Junko. 2004. Ancient Jomon of Japan. Cambridge: Cambridge University Press. | Kobayashi, Tatsuo. 2004. Jomon Reflections: Forager Life and Culture in the Prehistoric Japanese Archipelago. Oxford: Oxbow. | Crema, Enrico R. 2013. ‘Cycles of change in Jomon settlement: a case study from eastern Tokyo Bay.’ Antiquity 87 (338): 1169–81."
M0136,S026,Sannai Maruyama,Sannai Maruyama,L1599,1599,1599,"Chapter 4: Free People, the Origin of Cultures, and the Advent of Private Property",chapter,4,"We cannot possibly know exactly which forms of ownership existed in these societies. What we can suggest, and there’s plenty of evidence to support it, is that all the places in question – Poverty Point, Sannai Maruyama, the Kastelli Giant’s Church in Finland, or indeed the earlier resting places of Upper Palaeolithic grandees – were in some sense sacred places. This might not seem like saying very much, but it’s important: it tells us a lot more about the ‘origins’ of private property than is generally assumed. In rounding off this discussion, we will try to explain why.",,,,
M0137,S026,Sannai Maruyama,Sannai Maruyama,L1657,1657,1657,"Chapter 4: Free People, the Origin of Cultures, and the Advent of Private Property",chapter,4,"Looking back again to prehistory, it is – as we’ve already noted – impossible to know precisely which forms of property or ownership existed at places like Göbekli Tepe, Poverty Point, Sannai Maruyama or Stonehenge, any more than we can know if regalia buried with the ‘princes’ of the Upper Palaeolithic were their personal possessions. What we can now suggest, in light of these wider considerations, is that such carefully co-ordinated ritual theatres, often laid out with geometrical precision, were exactly the kinds of places where exclusive claims to rights over property – together with strict demands for unquestioning obedience – were likely to be made, among otherwise free people. If private property has an ‘origin’, it is as old as the idea of the sacred, which is likely as old as humanity itself. The pertinent question to ask is not so much when this happened, as how it eventually came to order so many other aspects of human affairs.",,,,
M0138,S026,Sannai Maruyama,Sannai Maruyama,L4347,4347,4347,Chapter 12: Conclusion,chapter,12,"Still, this appears to have been an epochal development. Recall, for example, how post-Ice Age hunter-gatherers, especially in coastal or woodland regions, were enjoying something of a Golden Age. There appear to have been all sorts of local experiments, reflected in a proliferation of opulent burials and monumental architecture, the social functions of which often remain enigmatic: from shell-built ‘amphitheatres’ along the Gulf of Mexico to the great storehouses of Sannai Maruyama in Jōmon Japan, or the so-called ‘Giants’ Churches’ of the Bothnian Sea. It is among such Mesolithic populations that we often find not just the multiplication of distinct culture areas, but also the first clear archaeological indications of communities divided into permanent ranks, sometimes accompanied by interpersonal violence, even warfare. In some cases this may already have meant the stratification of households into aristocrats, commoners and slaves. In others, quite different forms of hierarchy may have taken root. Some appear to have become, effectively, fixed in place.",,,,
M0139,S026,Sannai Maruyama,Sannai Maruyama,L4880,4880,4880,"Notes to Chapter 4: Free People, the Origin of Cultures, and the Advent of Private Property",notes,4,"33. Sannai Maruyama, the largest and most impressive Jōmon site, was occupied between 3900 and 2300 bc, and lies in the Aomori Prefecture in northern Japan. Habu and Fawcett (2008) provide a lively account of the site’s discovery, reception and contemporary interpretation. For broader discussions of Jōmon material culture, settlement patterns and uses of the environment see Takahashi and Hosoya 2003; Habu 2004; Kobayashi 2004; Matsui and Kanehara 2006; Crema 2013. It’s worth noting that the ancient Jōmon have been infiltrating modern consciousness in other ways too: the distinctive ‘rope pattern’ aesthetics of their highly crafted ceramics provided the graphic template for one of Nintendo’s most popular video games, The Legend of Zelda: Breath of the Wild. Jōmon seems quite at home in the digital age.",ch4-n33,"Sannai Maruyama, the largest and most impressive Jōmon site, was occupied between 3900 and 2300 bc, and lies in the Aomori Prefecture in northern Japan. Habu and Fawcett (2008) provide a lively account of the site’s discovery, reception and contemporary interpretation. For broader discussions of Jōmon material culture, settlement patterns and uses of the environment see Takahashi and Hosoya 2003; Habu 2004; Kobayashi 2004; Matsui and Kanehara 2006; Crema 2013. It’s worth noting that the ancient Jōmon have been infiltrating modern consciousness in other ways too: the distinctive ‘rope pattern’ aesthetics of their highly crafted ceramics provided the graphic template for one of Nintendo’s most popular video games, The Legend of Zelda: Breath of the Wild. Jōmon seems quite at home in the digital age.",Habu 2004 | Kobayashi 2004 | Crema 2013,"Habu, Junko. 2004. Ancient Jomon of Japan. Cambridge: Cambridge University Press. | Kobayashi, Tatsuo. 2004. Jomon Reflections: Forager Life and Culture in the Prehistoric Japanese Archipelago. Oxford: Oxbow. | Crema, Enrico R. 2013. ‘Cycles of change in Jomon settlement: a case study from eastern Tokyo Bay.’ Antiquity 87 (338): 1169–81."
M0140,S027,Watson Brake,Watson’s Brake,L1474,1474,1474,"Chapter 4: Free People, the Origin of Cultures, and the Advent of Private Property",chapter,4,"One reason, no doubt, is that Poverty Point and its predecessors (like the much older mound complex at Watson’s Brake, in the nearby Ouachita basin) have been placed in a phase of American prehistory known as the ‘Archaic’. The Archaic period covers an immense span of time, between the flooding of the Beringia land bridge (which once linked Eurasia to the Americas) around 8000 bc, and the initial adoption and spread of maize-farming in certain parts of North America, down to around 1000 bc. One word, for seven millennia of indigenous history. Archaeologists who first gave the period its name – which is really more of a chronological slap in the face – were basically declaring, ‘this is the period before anything particularly important was happening.’ So when undeniable evidence began to appear that all sorts of important things were indeed happening, and not just in the Mississippi basin, it was almost something of an archaeological embarrassment.",,,,
M0141,S028,Çatalhöyük,Çatalhöyük,L2055,2055,2055,Chapter 6: Gardens of Adonis,chapter,6,"No doubt the peoples of the Neolithic – the world’s first farmers – themselves spent a good deal of time debating similar questions. To get a sense of why we say this, let’s consider what is probably the most famous Neolithic site in the world, Çatalhöyük.",,,,
M0142,S028,Çatalhöyük,Çatalhöyük,L2058,2058,2058,Chapter 6: Gardens of Adonis,chapter,6,"IN WHICH WE DISCUSS HOW ÇATALHÖYÜK, THE WORLD’S OLDEST TOWN, GOT A NEW HISTORY",,,,
M0143,S028,Çatalhöyük,Çatalhöyük,L2060,2060,2060,Chapter 6: Gardens of Adonis,chapter,6,"Located on the Konya Plain of central Turkey, Çatalhöyük was first settled around 7400 bc, and continued to be populated for some 1,500 years (for the purposes of mental calibration, roughly the same period of time that separates us from Amalafrida, Queen of the Vandals, who reached the height of her influence around ad 523). The site’s renown derives partly from its surprising scale. At thirteen hectares, it was more town than village, with a population of some 5,000. Yet it was a town with no apparent centre or communal facilities, or even streets: just a dense agglomeration of one household after another, all of similar sizes and layout, each accessed by ladder from the roof.",,,,
M0144,S028,Çatalhöyük,Çatalhöyük,L2062,2062,2062,Chapter 6: Gardens of Adonis,chapter,6,"If the overall plan of Çatalhöyük suggests an ethos of dreary uniformity, a maze of identical mud walls, the internal life of its buildings points in exactly the opposite direction. In fact, another reason for the site’s fame is its inhabitants’ distinctly macabre sense of interior design. If you’ve ever glimpsed the inside of a Çatalhöyük house you will never forget it: central living rooms, no more than sixteen feet across, with the skulls and horns of cattle and other creatures projecting inwards from the walls, and sometimes outwards from the fittings and furnishings. Many rooms also had vivid wall paintings and figurative mouldings, and contained platforms under which resided some portion of the household dead – remains of between six and sixty individuals in any given house – propping up the living. We can’t help recalling Maurice Sendak’s vision of a magical house where ‘the walls became the world all around’.3",ch6-n3,From the children’s story Where the Wild Things Are (1963).,,
M0145,S028,Çatalhöyük,Çatalhöyük,L2064,2064,2064,Chapter 6: Gardens of Adonis,chapter,6,"Generations of archaeologists have wanted to see Çatalhöyük as a monument to the ‘origins of farming’. Certainly, it’s easy to understand why this should be. It is among the first large settlements we know of whose inhabitants practised agriculture, and who got most of their nutrition from domesticated cereals, pulses, sheep and goats. It seems reasonable to see them, then, as the very engineers of what has been referred to since the time of V. Gordon Childe – prehistorian and author of Man Makes Himself (1936) and What Happened in History (1942) – as the ‘Agricultural Revolution’, and when first excavated in the 1960s Çatalhöyük’s remarkable material culture was interpreted in this way. Clay figurines of seated women, including a famous example flanked by felines, were understood as depictions of a Mother Goddess, presiding over the fertility of women and crops. The wall-mounted ox-skulls (‘bucrania’) were assumed to be those of domestic cattle, dedicated to a taurine deity responsible for the protection and reproduction of herds. Certain buildings were identified as ‘shrines’. All this ritual life was assumed to refer to serious farming – a Neolithic pageant play, more in the spirit of Demeter than Adonis.4",ch6-n4,Mellaart 1967.,Mellaart 1967,"Mellaart, James. 1967. Çatal Hüyük: A Neolithic Town in Anatolia. London: Thames and Hudson."
M0146,S028,Çatalhöyük,Çatalhöyük,L2066,2066,2066,Chapter 6: Gardens of Adonis,chapter,6,"But more recent excavations suggest we have been too quick to write off Adonis.5 Since the 1990s, new methods of fieldwork at Çatalhöyük produced a string of surprises, which oblige us to revise both the history of the world’s oldest town and also how we think about the origins of farming in general. The cattle, it turns out, were not domestic: those impressive skulls belonged to fierce, wild aurochs. The shrines were not shrines, but houses in which people engaged in such everyday tasks as cooking, eating and crafts – just like anywhere else, except they happened to contain a larger density of ritual paraphernalia. Even the Mother Goddess has been cast into shadow. It is not so much that corpulent female figurines stopped turning up entirely in the excavations, but that the new finds tended to appear, not in shrines or on thrones, but in trash dumps outside houses with the heads broken off and didn’t really seem to have been treated as objects of religious veneration.6",ch6-n5 | ch6-n6,"Our understanding of the site largely follows that developed by its recent excavator, Ian Hodder, except that we have emphasized the importance of seasonal variations in social structure to a greater degree. See Hodder 2006; and for further information, images and databases see also www.catalhoyuk.com, with references to multiple field reports, sections of which are also referred to below. | Meskell et al. 2008.",Hodder 2006 | Meskell 2008,"Hodder, Ian. 2006. Çatalhöyük. The Leopard’s Tale. Revealing the Mysteries of Turkey’s Ancient ‘Town’. London: Thames and Hudson. | Meskell, Lynn, Carolyn Nakamura, Rachel King and Shahina Farid. 2008. ‘Figured lifeworlds and depositional practices at Çatalhöyük.’ Cambridge Archaeological Journal 18 (2): 139–61."
M0147,S028,Çatalhöyük,Çatalhöyük,L2111,2111,2111,Chapter 6: Gardens of Adonis,chapter,6,Which takes us back to Çatalhöyük.,,,,
M0148,S028,Çatalhöyük,Çatalhöyük,L2116,2116,2116,Chapter 6: Gardens of Adonis,chapter,6,"Recently, a number of discoveries among the miniature art of Çatalhöyük appear to show that the female form was a special focus of ritual attention, skilled artisanship and symbolic reflection on life and death. One is a clay figure with typically corpulent female front, transitioning at the back to a carefully modelled skeleton via arms that look emaciated. Its head, now lost, was fixed into a hole at the top. Another female figurine has a tiny cavity in the centre of her back, into which a single seed from a wild plant had been placed. And within a domestic platform of the sort used for burials, excavators found one particularly revealing and exquisitely carved limestone figure of a woman. Its detailed rendering clarifies an aspect of the more common figures made in clay: the sagging breasts, drooping belly and rolls of fat appear to signify not pregnancy, as once was believed, but age.11",ch6-n11,"See Hodder 2003; 2004; 2006, plate 22. For the most recently discovered statuette of an (elderly?) female in limestone see also Chris Kark’s short but informative item in Stanford News, ‘Archaeologists from Stanford find an 8,000-year-old “goddess figurine” in central Turkey’ (2016), including comments from key researchers.",Hodder 2003,"Hodder, Ian. 2003. ‘The lady and the seed: some thoughts on the role of agriculture in the Neolithic Revolution.’ In Mehmet Özdoğan, Harald Hauptmann and Nezih Başgelen (eds), From Villages to Cities: Early Villages in the Near East – Studies Presented to Ufuk Esin. Istanbul: Arkeoloji ve Sanat Yayinlari, pp. 155–61."
M0149,S028,Çatalhöyük,Çatalhöyük,L2120,2120,2120,Chapter 6: Gardens of Adonis,chapter,6,"There is no evidence that Çatalhöyük’s female inhabitants enjoyed better standards of living than its male ones. Detailed studies of human teeth and skeletons reveal a basic parity of diet and health, as does the ritual treatment of male and female bodies in death.13 Yet the point remains that there exist no similarly elaborate or highly crafted depictions of male forms in the portable art of Çatalhöyük. Wall decoration is another matter. Where coherent scenes emerge from the surviving murals, they are mainly concerned with the hunting and teasing of game animals such as boar, deer, bear and bulls. The participants are men and boys, apparently depicted in different stages of life, or perhaps entering those stages through the initiatory trials of the chase. Some of these spritely figures wear leopard skins; in one deer-baiting scene, all have beards.",ch6-n13,"Hodder 2006: 210, with further references.",Hodder 2006,"Hodder, Ian. 2006. Çatalhöyük. The Leopard’s Tale. Revealing the Mysteries of Turkey’s Ancient ‘Town’. London: Thames and Hudson."
M0150,S028,Çatalhöyük,Çatalhöyük,L2122,2122,2122,Chapter 6: Gardens of Adonis,chapter,6,"One thing to emerge clearly from the newer investigations at Çatalhöyük is the way in which household organization permeates almost every aspect of social life. Despite the considerable size and density of the built-up area, there is no evidence for central authority. Each household appears more or less a world unto itself – a discrete locus of storage, production and consumption. Each also seems to have held a significant degree of control over its own rituals, especially where treatment of the dead was concerned, although ritual experts may of course have moved between them. While it’s unclear what social rules and habits were responsible for maintaining the autonomy of households, what seems evident is that these rules were learned mainly within the household itself; not just through its ceremonies, but also its micro-routines of cooking, cleaning floors, resurfacing walls with plaster, and so on.14 All this is vaguely reminiscent of the Northwest Coast, where society was a collection of great houses, except that the inhabitants of these Neolithic houses show no sign of being divided into ranks.",ch6-n14,Hodder and Cessford 2004.,,
M0151,S028,Çatalhöyük,Çatalhöyük,L2124,2124,2124,Chapter 6: Gardens of Adonis,chapter,6,"The residents of Çatalhöyük seem to have placed great value on routine. We see this most clearly in the fastidious reproduction of domestic layouts over time. Individual houses were typically in use for between fifty and 100 years, after which they were carefully dismantled and filled in to make foundations for superseding houses. Clay wall went up on clay wall, in the same location, for century after century, over periods reaching up to a full millennium. Still more astonishing, smaller features such as mud-built hearths, ovens, storage bins and platforms often follow the same repetitive patterns of construction, over similarly long periods. Even particular images and ritual installations come back, again and again, in different renderings but the same locations, often widely separated in time.",,,,
M0152,S028,Çatalhöyük,Çatalhöyük,L2126,2126,2126,Chapter 6: Gardens of Adonis,chapter,6,"Was Çatalhöyük, then, an ‘egalitarian society’? There is no sign of any self-conscious egalitarian ideal in the sense of, say, a concern with uniformity in the art, architecture or material culture; but neither are there many explicit signs of rank. Nonetheless, as individual houses built up histories, they also appear to have acquired a degree of cumulative prestige. This is reflected in a certain density of hunting trophies, burial platforms and obsidian – a dark volcanic glass, obtained from sources in the highlands of Cappadocia, some 125 miles north. The authority of long-lived houses seems consistent with the idea that elders, and perhaps elder women in particular, held positions of influence. But the more prestigious households are distributed among the less, and do not coalesce into elite neighbourhoods. In terms of gender relations, we can acknowledge a degree of symmetry, or at least complementarity. In pictorial art, masculine themes do not encompass the feminine, nor vice versa. If anything, the two domains seem to be kept apart, in different sectors of dwellings.",,,,
M0153,S028,Çatalhöyük,Çatalhöyük,L2128,2128,2128,Chapter 6: Gardens of Adonis,chapter,6,"What were the underlying realities of social life and labour at Çatalhöyük? Perhaps the most striking thing about all this art and ritual is that it makes almost no reference to agriculture. As we’ve noted, domestic cereals (wheat and barley) and livestock (sheep and goats) were far more important than wild resources in terms of nutrition. We know this because of organic remains recovered in quantity from every house. Yet for 1,000 years the cultural life of the community remained stubbornly oriented around the worlds of hunting and foraging. At this point, one has to ask how complete our picture of life at Çatalhöyük really is and where the largest gaps may lie.",,,,
M0154,S028,Çatalhöyük,Çatalhöyük,L2133,2133,2133,Chapter 6: Gardens of Adonis,chapter,6,"Only something like 5 per cent of Neolithic Çatalhöyük has been excavated.15 Soundings and surveys offer no particular reason to believe that other parts of the town were substantially different, but it’s a reminder of how little we really know, and that we also have to think about what is missing from the archaeological record. For instance, it is clear that house floors were regularly swept clean, so the distribution of artefacts around them is far from a straightforward representation of past activities, which can only be reliably tracked through tiny fragments and residue embedded in the plaster.16 Traces have also been found of reed mats that covered living surfaces and furnishings, further disturbing the picture. We don’t necessarily know everything that was happening in the houses, or perhaps even half of it – or, indeed, how much time was actually spent living in these cramped and peculiar structures at all.",ch6-n15 | ch6-n16,"Çatalhöyük actually comprises two main archaeological mounds. Everything we’ve been talking about so far applies to the early ‘East Mound’, while the ‘West Mound’ relates mainly to later periods of prehistory, beyond the scope of our discussion here. | Matthews 2005.",Matthews 2005,"Matthews, Wendy. 2005. ‘Micromorphological and microstratigraphic traces of uses and concepts of space.’ In Ian Hodder (ed.), Inhabiting Çatalhöyük: Reports from the 1995–1999 Seasons. Cambridge: McDonald Institute for Archaeological Research, British Institute of Archaeology at Ankara, pp. 355–98."
M0155,S028,Çatalhöyük,Çatalhöyük,L2135,2135,2135,Chapter 6: Gardens of Adonis,chapter,6,"In considering this, it’s worth taking a broader look at the site of Çatalhöyük in relation to its ancient surroundings, which archaeological science allows us to reconstruct, at least in outline. Çatalhöyük was situated in an area of wetlands (whence all the mud and clay) seasonally flooded by the Çarşamba River, which split its course as it entered the Konya Plain. Swamps would have surrounded the site for much of the year, interspersed with raised areas of dry land. Winters were cold and damp, summers oppressively hot. From spring to autumn, sheep and goats would have been moved between areas of pasture within the plain, and sometimes further into the highlands. Arable crops were most likely sown late in the spring on the receding floodplain of the Çarşamba, where they could ripen in as little as three months, with harvesting and processing in the late summer: fast-growing grains, in the season of Adonis.17",ch6-n17,See Fairbairn et al. 2006.,Fairbairn 2006,"Fairbairn, Andrew et al. 2006. ‘Seasonality (Çatalhöyük East).’ In Ian Hodder (ed.), Çatalhöyük Perspectives: Themes from the 1995–9 Seasons. Cambridge: McDonald Institute Monographs, British Institute of Archaeology at Ankara, pp. 93–108."
M0156,S028,Çatalhöyük,Çatalhöyük,L2137,2137,2137,Chapter 6: Gardens of Adonis,chapter,6,"While all these tasks may have taken place quite close to the town, they will inevitably have involved a periodic dispersal and reconfiguration of working arrangements and of general social affairs. And, as the rites of Adonis remind us, another kind of social life altogether may have existed on the rooftops. It is in fact quite likely that what we are seeing in the surviving remains of Çatalhöyük’s built environment are largely the social arrangements prevalent in winter, with their intense and distinctive ceremonialism focused upon hunting and the veneration of the dead. At that time of year, with the harvest in, the organization required for agricultural labour would have given way to a different type of social reality as the community’s life shrank back towards its houses, just as its herds of sheep and goats shrank back into the confines of their pens.",,,,
M0157,S028,Çatalhöyük,Çatalhöyük,L2139,2139,2139,Chapter 6: Gardens of Adonis,chapter,6,"Seasonal variations of social structure18 were alive and well at Çatalhöyük, and these carefully balanced alternations seem central to understanding why the town endured. An impressive degree of material equality prevailed in the everyday exchanges of family life, within and between houses. Yet at the same time, hierarchy developed to slower rhythms, played out in rituals that joined the living to the dead. Shepherding and cultivation surely involved a strict division of labour, to safeguard the annual crop and protect the herds – but if so it found little space in the ceremonial life of the household, which drew its energy from older sources, more Adonis than Demeter.",ch6-n18,Of the kind we discussed in Chapter Three.,,
M0158,S028,Çatalhöyük,Çatalhöyük,L2141,2141,2141,Chapter 6: Gardens of Adonis,chapter,6,"A certain controversy has arisen, however, concerning just where the people of Çatalhöyük planted their crops. At first, microscopic studies of cereal remains suggested a dry-land location. Given the known extent of ancient swamps in the Konya basin, this would imply that arable fields were located at least eight miles from the town, which hardly seems plausible in the absence of donkeys or ox carts (remember, cattle were not yet domesticated in this region, let alone harnessed to anything). Subsequent analyses support a more local setting, on the alluvial soils of the Çarşamba floodplain.19 The distinction is important for a variety of reasons, not just ecological but also historical, even political, because how we picture its practical realities has direct implications for how we view the social consequences of Neolithic farming.",ch6-n19,"Bogaard et al. 2014, with further references.",Bogaard 2014,"Bogaard, Amy et al. 2014. ‘Locating land use at Neolithic Çatalhöyük, Turkey: the implications of 87SR/86SR signatures in plants and sheep tooth sequences.’ Archaeometry 56 (5): 860–77."
M0159,S028,Çatalhöyük,Çatalhöyük,L2148,2148,2148,Chapter 6: Gardens of Adonis,chapter,6,"When Çatalhöyük was first investigated, in the 1960s, the striking discovery of houses lined with cattle skulls led many to assume, quite reasonably, that the plain of Konya was an early cradle of animal domestication. These days it is known that cattle (and boar) were first domesticated 1,000 years before Çatalhöyük was founded, and in another location altogether: around the upper reaches of the Tigris and Euphrates valleys, which lie further east into Asia, within the area known as the Fertile Crescent. It was from that general direction that the founders of Çatalhöyük obtained the basis of their farming economy, including domestic cereals, pulses, sheep and goats. But they didn’t adopt domestic cattle or pigs. Why not?",,,,
M0160,S028,Çatalhöyük,Çatalhöyük,L2150,2150,2150,Chapter 6: Gardens of Adonis,chapter,6,"Since no environmental obstacles were present, one has to assume an element of cultural refusal here. The best contender for an explanation is also the most obvious. As Çatalhöyük’s art and ritual suggests, wild cattle and boar were highly valued as prey, and probably had been for as long as anyone could remember. In terms of prestige, there was much to be lost, perhaps especially for men, by the prospect of surrounding these dangerous animals with more docile, domestic varieties. Allowing cattle to remain exclusively in their ancient wild form – a big beast, but also lean, fast and highly impressive – also meant keeping intact a certain sort of human society. Accordingly, cattle remained wild and glamorous until around 6000 bc.20",ch6-n20,Arbuckle 2013; Arbuckle and Makarewicz 2009.,Arbuckle 2013,"Arbuckle, Benjamin S. 2013. ‘The late adoption of cattle and pig husbandry in Neolithic Central Turkey.’ Journal of Archaeological Science 40: 1805–15."
M0161,S028,Çatalhöyük,Çatalhöyük,L2220,2220,2220,Chapter 6: Gardens of Adonis,chapter,6,"This balancing act involved a special kind of cultivation, which brings us back full circle to Çatalhöyük and its wetland location. Called ‘flood retreat’, ‘flood recession’ or décrue farming, it takes place on the margins of seasonally flooding lakes or rivers. Flood-retreat farming is a distinctly lackadaisical way to raise crops. The work of soil preparation is given over mostly to nature. Seasonal flooding does the work of tillage, annually sifting and refreshing the soil. As the waters recede they leave behind a fertile bed of alluvial earth, where seed can be broadcast. This was garden cultivation on a small scale with no need for deforestation, weeding or irrigation, except perhaps the construction of small stone or earthen barriers (‘bunds’) to nudge the distribution of water this way or that. Areas of high groundwater, such as the edges of artesian springs, could also be exploited in this way.40",ch6-n40,The significance of flood-recession cultivation for the origins of farming was first pointed out in a seminal (1980) article by Andrew Sherratt; republished and updated in Sherratt 1997.,Sherratt 1997,"Sherratt, Andrew. 1997. Economy and Society in Prehistoric Europe. Changing Perspectives. Edinburgh: Edinburgh University Press."
M0162,S028,Çatalhöyük,Çatalhöyük,L2318,2318,2318,Chapter 6: Gardens of Adonis,chapter,6,"Perhaps the most recognizable – and definitely the most macabre – objects found in Early Neolithic villages of the Levantine Corridor (Israel, Palestine, Jordan, Lebanon and the Syrian Euphrates) are ‘skull portraits’. These are heads that were removed from burials of women, men and occasionally children in a secondary process, after the corpse had decomposed. Once separated from the body, they were cleaned and carefully modelled over with clay, then coated with layers of plaster to become something altogether different. Shells were often fixed into the eye sockets, just as clay and plaster filled in for the flesh and skin. Red and white paint added further life. Skull portraits appear to have been treasured heirlooms, carefully stored and repaired over generations. They reached their height of popularity in the eighth millennium bc, as Göbekli Tepe fell into decline, when the practice spread as far as Çatalhöyük; there, one such modelled head was found in an intimate situation, clutched to the chest of a female burial.63",ch6-n63,Kuijt 1996; Croucher 2012; Slon et al. 2014.,Kuijt 1996 | Croucher 2012 | Slon 2014,"Kuijt, Ian. 1996. ‘Negotiating equality through ritual: a consideration of Late Natufian and Prepottery Neolithic A period mortuary practices.’ Journal of Anthropological Archaeology 15: 313–36. | Croucher, Karina. 2012. Death and Dying in the Neolithic Near East. Oxford: Oxford University Press. | Slon, Viviane et al. 2014. ‘The plastered skulls from the Pre-Pottery Neolithic B Site of Yiftahel (Israel) – a computed tomography-cased analysis.’ PLoS ONE 9 (2): e89242."
M0163,S028,Çatalhöyük,Çatalhöyük,L3717,3717,3717,Chapter 10: Why the State Has No Origin,chapter,10,"This, however, raises the interesting question of where and when such technologies did first arise, and for what reason. Here there’s some surprising new evidence too. Our emerging archaeological understanding suggests that the first systems of specialized administrative control actually emerged in very small communities. The earliest clear evidence of this appears in a series of tiny prehistoric settlements in the Middle East, dating over 1,000 years after the Neolithic site of Çatalhöyük was founded (at around 7400 bc), but still more than 2,000 years before the appearance of anything even vaguely resembling a city.",,,,
M0164,S028,Çatalhöyük,Çatalhöyük,L3869,3869,3869,Chapter 10: Why the State Has No Origin,chapter,10,"It’s also important to recall the very uneven nature of the evidence we’ve been dealing with. What would we be saying about Minoan Crete, or Teotihuacan, or Çatalhöyük for that matter, were it not for the fact that their elaborate wall paintings happen to have been preserved? More than almost any other form of human activity, painting on walls is something people in virtually any cultural setting seem inclined to do. This has been true almost since the beginnings of humanity itself. We can hardly doubt that similar images were produced, on skins and fabrics as well as directly on walls, in any number of so-called ‘early states’ from which only bare stone building blocks or mud-brick enclosures now survive.",,,,
M0165,S028,Çatalhöyük,Çatalhöyük,L4313,4313,4313,Chapter 12: Conclusion,chapter,12,"For most of history, then, the zone of ritual play constituted both a scientific laboratory and, for any given society, a repertory of knowledge and techniques which might or might not be applied to pragmatic problems. Recall, for example, the ‘Little Old Men’ of the Osage and how they combined research and speculation on the principles of nature with the management and periodic reform of their constitutional order; how they saw these as ultimately the same project and kept careful (oral) records of their deliberations. Did the Neolithic town of Çatalhöyük or the Tripolye mega-sites host similar colleges of ‘Little Old Women’? We cannot know for certain, but it strikes us as quite likely, given the shared rhythms of social and technical innovation that we observe in each case and the attention to female themes in their art and ritual. If we are trying to frame more interesting questions to ask of history, this might be one: is there a positive correlation between what is usually called ‘gender equality’ (which might better be termed, simply, ‘women’s freedom’) and the degree of innovation in a given society?",,,,
M0166,S028,Çatalhöyük,Çatalhöyük,L5120,5120,5120,Notes to Chapter 6: Gardens of Adonis,notes,6,"15. Çatalhöyük actually comprises two main archaeological mounds. Everything we’ve been talking about so far applies to the early ‘East Mound’, while the ‘West Mound’ relates mainly to later periods of prehistory, beyond the scope of our discussion here.",ch6-n15,"Çatalhöyük actually comprises two main archaeological mounds. Everything we’ve been talking about so far applies to the early ‘East Mound’, while the ‘West Mound’ relates mainly to later periods of prehistory, beyond the scope of our discussion here.",,
M0167,S028,Çatalhöyük,Çatalhöyük,L5386,5386,5386,Notes to Chapter 8: Imaginary Cities,notes,8,"25. To get a sense of relative scale, consider that just this vacant centre of a mega-site alone could have contained a large Neolithic town such as Çatalhöyük more than twice over.",ch8-n25,"To get a sense of relative scale, consider that just this vacant centre of a mega-site alone could have contained a large Neolithic town such as Çatalhöyük more than twice over.",,
M0168,S029,Nevalı Çori,Nevalı Çori,L2288,2288,2288,Chapter 6: Gardens of Adonis,chapter,6,"What are these images telling us? Could the taking of trophy heads among upland populations of the steppe-forest zone be part of the picture? At the settlement of Nevalı Çori – also in Urfa province, and with similar monuments to Göbekli Tepe – burials with detached skulls were found, including one of a young woman with a flint dagger still lodged under her jaw; while from Jerf el-Ahmar – on the Upper Euphrates, where the lowland crescent approaches the uplands – comes the startling find of a splayed skeleton (again, a young woman) still lying inside a burnt-down building, prone and missing her head.55 At Göbekli Tepe itself, the chopping of human heads was mimicked in statuary: anthropomorphic sculptures were made, only to have their tops smashed off and the stone heads buried adjacent to pillars within the shrines.56 For all this, archaeologists remain rightly cautious about linking such practices to conflict or predation; so far, there is only limited evidence for interpersonal violence, let alone warfare at this time.57",ch6-n55 | ch6-n56 | ch6-n57,"Schmidt 1998; Stordeur 2000, fig. 6.1, 2. | O. Dietrich et al. 2019. | Which is not to say that such evidence for violent conflict is entirely lacking either. The largest preserved sample of human remains from any Early Holocene site in the Middle East comes from the site of Körtik Tepe, which lies northeast of Göbekli Tepe on a bank of the Upper Tigris, twelve miles from the modern town of Batman, firmly within the upland sector of the Fertile Crescent. Remains of more than 800 individuals have been recovered from the site, of which the 446 individuals so far analysed reveal high rates of skeletal trauma (of 269 skulls, some 34.2 per cent showed signs of cranial injury, including two female skulls with penetrative depressed fractures; post-cranial injuries were found on over 20 per cent of the individuals studied, including three cases of healed parry fractures to the forearm). Given the absence of other signs of warfare, this evidence has been explained – perhaps not altogether persuasively – in terms of interpersonal violence within a community of settled hunter-fisher-gatherers living in a region of abundant wild resources. A significant number of the human remains recovered from Körtik Tepe were subject to post-mortem modification, including the presence of cut marks on human crania, although none of these can be definitively linked to scalping or the taking of trophy heads (as reported by Erdal 2015).",Schmidt 1998 | Stordeur 2000 | Dietrich 2019 | Erdal 2015,"Schmidt, Klaus. 1998. ‘Frühneolithische Silexdolche.’ In Güven Arsebük et al. (eds), Light on Top of the Black Hill. Studies Presented to Halet Çambel. Istanbul: Yeni, pp. 681–92. | Stordeur, Danielle. 2000. ‘Jerf el Ahmar et l’émergence du Néolithique au Proche-Orient.’ In Jean Guilaine (ed.), Premiers paysans du monde: Naissances des agricultures, Séminaire du Collège de France. Paris: Errance, pp. 33–60. | Dietrich, Laura et al. 2019. ‘Cereal processing at Early Neolithic Göbekli Tepe, southeastern Turkey.’ PLoS ONE 14 (5): e0215214. | Erdal, Yilmaz. 2015. ‘Bone or flesh: defleshing and post-depositional treatments at Körtik Tepe (Southeastern Anatolia, PPNA Period).’ European Journal of Archaeology 18 (1): 4–32."
M0169,S030,Jerf el-Ahmar,Jerf el-Ahmar,L2168,2168,2168,Chapter 6: Gardens of Adonis,chapter,6,"At higher altitudes, in the upland crescent, we find some of the earliest evidence for the management of livestock (sheep and goats in western Iran, cattle too in eastern Anatolia), incorporated into seasonal rounds of hunting and foraging.28 Cereal cultivation began in a similar way, as a fairly minor supplement to economies based mainly on wild resources: nuts, berries, legumes and other readily accessible foodstuffs. Cultivation, however, is rarely just about calories. Cereal production also brought people together in new ways to perform communal tasks, mostly repetitive, labour-intensive and no doubt freighted with symbolic meaning; and the resulting foods were incorporated into their ceremonial lives. At the site of Jerf el-Ahmar, on the banks of the Syrian Euphrates – where upland and lowland sectors of the Fertile Crescent converge – the storage and processing of grain was associated less with ordinary dwellings than with subterranean lodges, entered from an opening in the roof and suffused with ritual associations.29",ch6-n28 | ch6-n29,"For western Iran and Iraqi Kurdistan see Zeder and Hesse 2000; and for eastern Anatolia see Peters et al. 2017. | Asouti and Fuller 2013: 314–23, 326–8.",Peters 2017,"Peters, Joris et al. 2017. ‘The emergence of livestock husbandry in Early Neolithic Anatolia.’ In U. Albarella et al. (eds), The Oxford Handbook of Zooarchaeology. Oxford: Oxford University Press, pp. 247–65."
M0170,S030,Jerf el-Ahmar,Jerf el-Ahmar,L2224,2224,2224,Chapter 6: Gardens of Adonis,chapter,6,"Flood-retreat farming was an especially important feature of Early Neolithic economies in the more arid, lowland sectors of the Fertile Crescent, and particularly the Levantine Corridor, where important sites often developed on the margins of springs or lakes (e.g. Jericho, Tell Aswad) or on riverbanks (e.g. Abu Hureyra, Jerf el-Ahmar). Because the densest stands of wild grain crops actually lay in upland areas with higher rainfall, the inhabitants of such lowland sites had opportunities to isolate cultivated from wild stock, setting in motion a process of divergence and domestication by gathering grains from the highlands and broadcasting them in lowland, flood-retreat areas. This makes the extremely long timescale of cereal domestication more striking still. Early cultivators, it seems, were doing the minimum amount of subsistence work needed to stay in their given locations, which they occupied for reasons other than farming: hunting, foraging, fishing, trading and more.",,,,
M0171,S030,Jerf el-Ahmar,Jerf el-Ahmar,L2288,2288,2288,Chapter 6: Gardens of Adonis,chapter,6,"What are these images telling us? Could the taking of trophy heads among upland populations of the steppe-forest zone be part of the picture? At the settlement of Nevalı Çori – also in Urfa province, and with similar monuments to Göbekli Tepe – burials with detached skulls were found, including one of a young woman with a flint dagger still lodged under her jaw; while from Jerf el-Ahmar – on the Upper Euphrates, where the lowland crescent approaches the uplands – comes the startling find of a splayed skeleton (again, a young woman) still lying inside a burnt-down building, prone and missing her head.55 At Göbekli Tepe itself, the chopping of human heads was mimicked in statuary: anthropomorphic sculptures were made, only to have their tops smashed off and the stone heads buried adjacent to pillars within the shrines.56 For all this, archaeologists remain rightly cautious about linking such practices to conflict or predation; so far, there is only limited evidence for interpersonal violence, let alone warfare at this time.57",ch6-n55 | ch6-n56 | ch6-n57,"Schmidt 1998; Stordeur 2000, fig. 6.1, 2. | O. Dietrich et al. 2019. | Which is not to say that such evidence for violent conflict is entirely lacking either. The largest preserved sample of human remains from any Early Holocene site in the Middle East comes from the site of Körtik Tepe, which lies northeast of Göbekli Tepe on a bank of the Upper Tigris, twelve miles from the modern town of Batman, firmly within the upland sector of the Fertile Crescent. Remains of more than 800 individuals have been recovered from the site, of which the 446 individuals so far analysed reveal high rates of skeletal trauma (of 269 skulls, some 34.2 per cent showed signs of cranial injury, including two female skulls with penetrative depressed fractures; post-cranial injuries were found on over 20 per cent of the individuals studied, including three cases of healed parry fractures to the forearm). Given the absence of other signs of warfare, this evidence has been explained – perhaps not altogether persuasively – in terms of interpersonal violence within a community of settled hunter-fisher-gatherers living in a region of abundant wild resources. A significant number of the human remains recovered from Körtik Tepe were subject to post-mortem modification, including the presence of cut marks on human crania, although none of these can be definitively linked to scalping or the taking of trophy heads (as reported by Erdal 2015).",Schmidt 1998 | Stordeur 2000 | Dietrich 2019 | Erdal 2015,"Schmidt, Klaus. 1998. ‘Frühneolithische Silexdolche.’ In Güven Arsebük et al. (eds), Light on Top of the Black Hill. Studies Presented to Halet Çambel. Istanbul: Yeni, pp. 681–92. | Stordeur, Danielle. 2000. ‘Jerf el Ahmar et l’émergence du Néolithique au Proche-Orient.’ In Jean Guilaine (ed.), Premiers paysans du monde: Naissances des agricultures, Séminaire du Collège de France. Paris: Errance, pp. 33–60. | Dietrich, Laura et al. 2019. ‘Cereal processing at Early Neolithic Göbekli Tepe, southeastern Turkey.’ PLoS ONE 14 (5): e0215214. | Erdal, Yilmaz. 2015. ‘Bone or flesh: defleshing and post-depositional treatments at Körtik Tepe (Southeastern Anatolia, PPNA Period).’ European Journal of Archaeology 18 (1): 4–32."
M0172,S031,Jericho,Jericho,L2160,2160,2160,Chapter 6: Gardens of Adonis,chapter,6,"The routes of this prehistoric trade circuit contracted as they progressed southwards into less evenly populated areas, starting at the Syrian bend of the Euphrates, winding through the Damascus basin and down into the Jordan valley. This route formed the so-called ‘Levantine Corridor’. And the lowlanders who lived here were devoted craft specialists and traders. Each hamlet seems to have developed its own expertise (stone-grinding, bead-carving, shell-processing and so on), and industries were often associated with special ‘cult buildings’ or seasonal lodges, pointing to the control of such skills by guilds or secret societies. By the ninth millennium bc, larger settlements had developed along the principal trade routes. Lowland foragers occupied fertile pockets of land among the drainages of the Jordan valley, using trade wealth to support increasingly large, settled populations. Sites of impressive scale sprang up in such propitious locations, some, such as Jericho and Basta, approaching ten hectares in size.25",ch6-n25,"For craft specialization in Early Neolithic communities see Wright et al. 2008; and, in general, Asouti and Fuller 2013.",Wright 2008,"Wright, Katherine I. et al. 2008. ‘Stone bead technologies and early craft specialization: insights from two Neolithic Sites in eastern Jordan.’ Levant 40 (2): 131–65."
M0173,S031,Jericho,Jericho,L2224,2224,2224,Chapter 6: Gardens of Adonis,chapter,6,"Flood-retreat farming was an especially important feature of Early Neolithic economies in the more arid, lowland sectors of the Fertile Crescent, and particularly the Levantine Corridor, where important sites often developed on the margins of springs or lakes (e.g. Jericho, Tell Aswad) or on riverbanks (e.g. Abu Hureyra, Jerf el-Ahmar). Because the densest stands of wild grain crops actually lay in upland areas with higher rainfall, the inhabitants of such lowland sites had opportunities to isolate cultivated from wild stock, setting in motion a process of divergence and domestication by gathering grains from the highlands and broadcasting them in lowland, flood-retreat areas. This makes the extremely long timescale of cereal domestication more striking still. Early cultivators, it seems, were doing the minimum amount of subsistence work needed to stay in their given locations, which they occupied for reasons other than farming: hunting, foraging, fishing, trading and more.",,,,
M0174,S031,Jericho,Jericho,L2320,2320,2320,Chapter 6: Gardens of Adonis,chapter,6,"Ever since these intriguing objects first came to light at Jericho in the early twentieth century, archaeologists have puzzled over their meaning. Many scholars see them as expressions of care and reverence for ancestors. But there are literally countless ways one might show respect or grief for ancestors without systematically removing crania from their places of rest and modelling life into them by adding layers of clay, plaster, shell, fibre and pigment. Even in the lowland parts of the Fertile Crescent, this treatment was reserved for a minority of individuals. More often, human crania removed from burials were left bare, while others had complex histories as ritual objects, such as a group of skulls from Tell Qarassa in southern Syria, found to have been deliberately mutilated around the face in what appears to have been an act of post-mortem desecration.64",ch6-n64,Santana 2012.,Santana 2012,"Santana, Jonathan et al. 2012. ‘Crania with mutilated facial skeletons: a new ritual treatment in an early Pre-Pottery Neolithic B cranial cache at Tell Qarassa North (South Syria).’ American Journal of Physical Anthropology 149: 205–16."
M0175,S032,Karahan Tepe,Karahan Tepe,L2158,2158,2158,Chapter 6: Gardens of Adonis,chapter,6,"In the uplands, there was a striking turn towards hierarchy among settled hunter-foragers, most dramatically attested at the megalithic centre of Göbekli Tepe and at nearby sites like that recently discovered at Karahan Tepe. In the lowlands of the Euphrates and Jordan valleys, by contrast, such megalithic monuments are absent, and Neolithic societies followed a distinct but equally precocious path of change, which we will shortly describe. What’s more, these two adjacent families of societies – let’s call them ‘lowlanders’ and ‘uplanders’ – were well acquainted. We know this because they traded durable materials with each other over long distances, among them the same materials, in fact, that we found circulating as valuables on the West Coast of North America: obsidian and minerals from the mountains, and mollusc shells from the coasts. Obsidian from the Turkish highlands flowed south, and shells (perhaps used as currency) flowed north from the shores of the Red Sea, ensuring that uplanders and lowlanders stayed in touch.24",ch6-n24,"Prehistorians have experimented with all kinds of different ways of classifying the Fertile Crescent into ‘culture areas’ or ‘interaction spheres’ corresponding to the main distinctions of the Late and Epi-Palaeolithic era, and the Early (or Pre-Pottery) Neolithic. The history of these various classifications is reviewed and evaluated by Asouti (2006). Here we follow the distinctions outlined by Sherratt (2007), which are based on the correlation of broad ecological and cultural patterns rather than isolated (and fairly arbitrary) categories of archaeological data, such as different ways of manufacturing stone tools and weapons. Sherratt’s classification also has the advantage of avoiding teleological tendencies found in some other studies, which assume all evidence of cultural complexity (such as substantial settlements and architecture) must be in some way related to the development of food production; in other words, he allows for such developments within foraging societies that had no strong investment in the domestication of plants and animals.",Asouti 2006 | Sherratt 2007,"Asouti, Eleni. 2006. ‘Beyond the Pre-Pottery Neolithic-B interaction sphere.’ Journal of World Prehistory 20: 87–126. | Sherratt, Andrew. 2007. ‘Diverse origins: regional contributions to the genesis of farming.’ In Colledge and Conolly (eds), pp. 1–20."
M0176,S033,Körtik Tepe,Körtik Tepe,L5204,5204,5204,Notes to Chapter 6: Gardens of Adonis,notes,6,"57. Which is not to say that such evidence for violent conflict is entirely lacking either. The largest preserved sample of human remains from any Early Holocene site in the Middle East comes from the site of Körtik Tepe, which lies northeast of Göbekli Tepe on a bank of the Upper Tigris, twelve miles from the modern town of Batman, firmly within the upland sector of the Fertile Crescent. Remains of more than 800 individuals have been recovered from the site, of which the 446 individuals so far analysed reveal high rates of skeletal trauma (of 269 skulls, some 34.2 per cent showed signs of cranial injury, including two female skulls with penetrative depressed fractures; post-cranial injuries were found on over 20 per cent of the individuals studied, including three cases of healed parry fractures to the forearm). Given the absence of other signs of warfare, this evidence has been explained – perhaps not altogether persuasively – in terms of interpersonal violence within a community of settled hunter-fisher-gatherers living in a region of abundant wild resources. A significant number of the human remains recovered from Körtik Tepe were subject to post-mortem modification, including the presence of cut marks on human crania, although none of these can be definitively linked to scalping or the taking of trophy heads (as reported by Erdal 2015).",ch6-n57,"Which is not to say that such evidence for violent conflict is entirely lacking either. The largest preserved sample of human remains from any Early Holocene site in the Middle East comes from the site of Körtik Tepe, which lies northeast of Göbekli Tepe on a bank of the Upper Tigris, twelve miles from the modern town of Batman, firmly within the upland sector of the Fertile Crescent. Remains of more than 800 individuals have been recovered from the site, of which the 446 individuals so far analysed reveal high rates of skeletal trauma (of 269 skulls, some 34.2 per cent showed signs of cranial injury, including two female skulls with penetrative depressed fractures; post-cranial injuries were found on over 20 per cent of the individuals studied, including three cases of healed parry fractures to the forearm). Given the absence of other signs of warfare, this evidence has been explained – perhaps not altogether persuasively – in terms of interpersonal violence within a community of settled hunter-fisher-gatherers living in a region of abundant wild resources. A significant number of the human remains recovered from Körtik Tepe were subject to post-mortem modification, including the presence of cut marks on human crania, although none of these can be definitively linked to scalping or the taking of trophy heads (as reported by Erdal 2015).",Erdal 2015,"Erdal, Yilmaz. 2015. ‘Bone or flesh: defleshing and post-depositional treatments at Körtik Tepe (Southeastern Anatolia, PPNA Period).’ European Journal of Archaeology 18 (1): 4–32."
M0177,S034,Çayönü Tepesi,Çayönü Tepesi | Çayönü,L2290,2290,2290,Chapter 6: Gardens of Adonis,chapter,6,"Here we might also consider evidence from Çayönü Tepesi, in the Ergani plain. This was the site of a large prehistoric settlement comprising substantial houses built on stone foundations, as well as public buildings. It lay on a tributary of the Tigris in the hill country of Diyarbakır, not far north of Göbekli Tepe, and was established around the same time by a community of hunter-foragers and sometime herders.58 Near the centre of the settlement stood a long-lived structure that archaeologists call the ‘House of Skulls’, for the simple reason that it was found to hold the remains of over 450 people, including headless corpses and over ninety crania, all crammed into small compartments. Cervical vertebrae were attached to some skulls, indicating they were severed from fleshed (but not necessarily living) bodies. Most of the heads were taken from young adults or adolescents, individuals in the prime of life, and ten from children. If any of these were trophy skulls, claimed from victims or enemies, then they were chosen for their vitality. The skulls were left bare, with no trace of decoration.59",ch6-n58 | ch6-n59,"Faunal and botanical remains from Çayönü Tepesi reveal a flexible economy which underwent numerous changes over a period of some 3,000 years. In the earlier phases of the site, which concern us here, its inhabitants made extensive use of wild pulses and nuts, as well as peas, lentil and bitter vetch, with smaller amounts of wild cereals. Cultivation of at least some of these crops is likely, but there is no clear evidence of plant domestication until the later phases of the site. Animal remains suggest its inhabitants pursued mixed herding and hunting strategies which varied over many centuries, including at times a strong reliance on pigs and wild boar, as well as sheep, cattle, gazelle and red deer, and also smaller game such as hares (see Pearson et al. 2013, with further references). | For the House of Skulls and the analysis of associated human remains at Çayönü Tepesi see Özbek 1988; 1992; Schirmer 1990; Wood 1992; also Kornienko’s (2015) broader review of evidence for ritual violence in the northern part of the Fertile Crescent. Isotopic analysis of human remains indicates that the individuals whose remains came to be stored in the Skull Building had significantly different diets to those buried elsewhere on the site, which might indicate local differences of status (Pearson et al. 2013), or conceivably the incorporation of outsiders into local mortuary rituals.",Pearson 2013 | Schirmer 1990 | Wood 1992,"Pearson, Jessica et al. 2013. ‘Food and social complexity at Çayönü Tepesi, southeastern Anatolia: stable isotope evidence of differentiation in diet according to burial practice and sex in the early Neolithic.’ Journal of Anthropological Archaeology 32 (2): 180–89. | Schirmer, Wulf. 1990. ‘Some aspects of building at the “aceramic-neolithic” settlement of Çayönü Tepesi.’ World Archaeology 21 (3): 363–87. | Wood, Andrée. R. 1992. ‘The detection, removal, storage, and species identification of prehistoric blood residues from Çayönü.’ American Journal of Archaeology 96 (2): 374."
M0178,S034,Çayönü Tepesi,Çayönü,L2292,2292,2292,Chapter 6: Gardens of Adonis,chapter,6,"Human remains in the House of Skulls were stored together with those of large prey animals, and a wild cattle skull was mounted on an outside wall. In its later stages of use, the building was furnished with a polished stone table, erected near the entrance in an open plaza that could have hosted large gatherings. Studies of blood residues from the surface, and from associated objects, led researchers to identify this as an altar on which public sacrifice and processing of bodies took place, the victims both animal and human. Whether or not the detail of this reconstruction is correct, the association of vanquished animals and human remains is suggestive. The House of Skulls met its end in a violent conflagration, after which the people of Çayönü covered the whole complex under a deep blanket of pebbles and soil.",,,,
M0179,S034,Çayönü Tepesi,Çayönü,L2539,2539,2539,Chapter 7: The Ecology of Freedom,chapter,7,"In both parts of China, long after their domestication pigs still came second to wild boar and deer in terms of dietary significance. This was also the case in the wooded uplands of the Fertile Crescent, where Çayönü with its House of Skulls is located, and where human–pig relations long remained more a matter of flirtation than full domestication.52 So while it’s tempting to hold Amazonia up as a ‘New World’ alternative to the ‘Old World Neolithic’, the truth is that Holocene developments in both hemispheres are starting to look increasingly similar, at least in terms of the overall pace of change. And in both cases, they look increasingly un-revolutionary. In the beginning, many of the world’s farming societies were Amazonian in spirit. They hovered at the threshold of agriculture while remaining wedded to the cultural values of hunting and foraging. The ‘smiling fields’ of Rousseau’s Discourse still lay far off in the future.",ch7-n52,"Redding 1998. Such ‘flirtations’ probably took the form of selective herd management with husbandry limited to females, allowing the males to roam wild.",Redding 1998,"Redding, Richard W. 1998. ‘Ancestoral pigs: a New (Guinea) model for pig domestication in the Middle East.’ MASCA Research Papers in Science and Archaeology 15: 65–76."
M0180,S034,Çayönü Tepesi,Çayönü Tepesi | Çayönü,L5206,5206,5206,Notes to Chapter 6: Gardens of Adonis,notes,6,"58. Faunal and botanical remains from Çayönü Tepesi reveal a flexible economy which underwent numerous changes over a period of some 3,000 years. In the earlier phases of the site, which concern us here, its inhabitants made extensive use of wild pulses and nuts, as well as peas, lentil and bitter vetch, with smaller amounts of wild cereals. Cultivation of at least some of these crops is likely, but there is no clear evidence of plant domestication until the later phases of the site. Animal remains suggest its inhabitants pursued mixed herding and hunting strategies which varied over many centuries, including at times a strong reliance on pigs and wild boar, as well as sheep, cattle, gazelle and red deer, and also smaller game such as hares (see Pearson et al. 2013, with further references).",ch6-n58,"Faunal and botanical remains from Çayönü Tepesi reveal a flexible economy which underwent numerous changes over a period of some 3,000 years. In the earlier phases of the site, which concern us here, its inhabitants made extensive use of wild pulses and nuts, as well as peas, lentil and bitter vetch, with smaller amounts of wild cereals. Cultivation of at least some of these crops is likely, but there is no clear evidence of plant domestication until the later phases of the site. Animal remains suggest its inhabitants pursued mixed herding and hunting strategies which varied over many centuries, including at times a strong reliance on pigs and wild boar, as well as sheep, cattle, gazelle and red deer, and also smaller game such as hares (see Pearson et al. 2013, with further references).",Pearson 2013,"Pearson, Jessica et al. 2013. ‘Food and social complexity at Çayönü Tepesi, southeastern Anatolia: stable isotope evidence of differentiation in diet according to burial practice and sex in the early Neolithic.’ Journal of Anthropological Archaeology 32 (2): 180–89."
M0181,S034,Çayönü Tepesi,Çayönü Tepesi | Çayönü,L5208,5208,5208,Notes to Chapter 6: Gardens of Adonis,notes,6,"59. For the House of Skulls and the analysis of associated human remains at Çayönü Tepesi see Özbek 1988; 1992; Schirmer 1990; Wood 1992; also Kornienko’s (2015) broader review of evidence for ritual violence in the northern part of the Fertile Crescent. Isotopic analysis of human remains indicates that the individuals whose remains came to be stored in the Skull Building had significantly different diets to those buried elsewhere on the site, which might indicate local differences of status (Pearson et al. 2013), or conceivably the incorporation of outsiders into local mortuary rituals.",ch6-n59,"For the House of Skulls and the analysis of associated human remains at Çayönü Tepesi see Özbek 1988; 1992; Schirmer 1990; Wood 1992; also Kornienko’s (2015) broader review of evidence for ritual violence in the northern part of the Fertile Crescent. Isotopic analysis of human remains indicates that the individuals whose remains came to be stored in the Skull Building had significantly different diets to those buried elsewhere on the site, which might indicate local differences of status (Pearson et al. 2013), or conceivably the incorporation of outsiders into local mortuary rituals.",Schirmer 1990 | Wood 1992 | Pearson 2013,"Schirmer, Wulf. 1990. ‘Some aspects of building at the “aceramic-neolithic” settlement of Çayönü Tepesi.’ World Archaeology 21 (3): 363–87. | Wood, Andrée. R. 1992. ‘The detection, removal, storage, and species identification of prehistoric blood residues from Çayönü.’ American Journal of Archaeology 96 (2): 374. | Pearson, Jessica et al. 2013. ‘Food and social complexity at Çayönü Tepesi, southeastern Anatolia: stable isotope evidence of differentiation in diet according to burial practice and sex in the early Neolithic.’ Journal of Anthropological Archaeology 32 (2): 180–89."
M0182,S035,Tell Brak,Tell Brak,L5418,5418,5418,Notes to Chapter 8: Imaginary Cities,notes,8,"41. Oates et al. 2007. Key evidence is in Syria, where military conflict has interrupted archaeological work at sites like Tell Brak, on the Khabur River (a major tributary of the Euphrates). Archaeologists call these grasslands in northern Mesopotamia the ‘dry-farming’ zone, because agriculture based on rainfall was possible there. The contrast is with southern Mesopotamia, an arid zone, where irrigation from the major rivers was mandatory for cereal-farming.",ch8-n41,"Oates et al. 2007. Key evidence is in Syria, where military conflict has interrupted archaeological work at sites like Tell Brak, on the Khabur River (a major tributary of the Euphrates). Archaeologists call these grasslands in northern Mesopotamia the ‘dry-farming’ zone, because agriculture based on rainfall was possible there. The contrast is with southern Mesopotamia, an arid zone, where irrigation from the major rivers was mandatory for cereal-farming.",Oates 2007,"Oates, Joan et al. 2007. ‘Early Mesopotamian urbanism: a new view from the north.’ Antiquity 81 (313): 585–600."
M0183,S036,Tell Sabi Abyad,Tell Sabi Abyad,L3727,3727,3727,Chapter 10: Why the State Has No Origin,chapter,10,"The best example of such a site is Tell Sabi Abyad, investigated by a team of Dutch archaeologists working in Syria’s Balikh valley in the province of Raqqa. Around 8,000 years ago (c.6200 bc), in what was prehistoric Mesopotamia, a one-hectare village was destroyed there by fire, baking its mud walls and many of their clay contents, thus preserving them. While obviously a very bad bit of luck for the inhabitants, it was a stroke of brilliant luck for future researchers, since it has left us a unique insight into the organization of a Late Neolithic community, comprising perhaps around 150 individuals.117 What the excavators discovered is that not only did the inhabitants of this village erect central storage facilities, including granaries and warehouses; they also employed administrative devices of some complexity to keep track of what was in them. These devices included economic archives, which were miniature precursors to the temple archives at Uruk and other later Mesopotamian cities.",ch10-n117,Akkermans (ed.) 1996.,,
M0184,S036,Tell Sabi Abyad,Tell Sabi Abyad,L3729,3729,3729,Chapter 10: Why the State Has No Origin,chapter,10,"These were not written archives: writing, as such, would not appear for another 3,000 years. What did exist were geometric tokens made of clay, of a sort that appear to have been used in many similar Neolithic villages, most likely to keep track of the allocation of particular resources.118 At Tell Sabi Abyad, miniature seals bearing engraved designs were used alongside them to stamp and mark the clay stoppers of household vessels with identifying signs.119 Perhaps most remarkably, the stoppers themselves, once removed from the vessels, were kept and archived in a special building – an office or bureau of sorts – near the centre of the village for later reference.120 Ever since these discoveries were reported in the 1990s, archaeologists have been debating in whose interests and for what purpose such ‘village bureaucracies’ functioned.",ch10-n118 | ch10-n119 | ch10-n120,"See Schmandt-Besserat 1992. | Oddly, very few such seals have been found at Tell Sabi Abyad itself, perhaps because they were made of materials that have not survived such as wood; miniature stamp seals made of stone, and of the kind we are referring to here, are quite ubiquitous on other northern Mesopotamian sites of the same (‘Late Neolithic’ or ‘Halaf’) period. | Akkermans and Verhoeven 1995; Wengrow 1996.",Schmandt-Besserat 1992,"Schmandt-Besserat, Denise. 1992. Before Writing. Austin: University of Texas Press."
M0185,S036,Tell Sabi Abyad,Tell Sabi Abyad,L3731,3731,3731,Chapter 10: Why the State Has No Origin,chapter,10,"In trying to answer this question, it’s important to note that the central bureau and depot of Tell Sabi Abyad is not associated with any kind of unusually large residence, rich burials or other signs of personal status. If anything, what’s striking about the remains of this community is their uniformity: the surrounding dwellings, for instance, are all roughly equal in size, quality and surviving contents. The contents themselves suggest small family units which maintained a complex division of labour, often including tasks that would have required the co-operation of multiple households. Flocks had to be pastured, a variety of cereal crops sown, harvested and threshed, as well as flax for weaving, which was practised alongside other household crafts such as potting, bead-making, stone-carving and simple forms of metalworking. And of course there were children to raise, old people to care for, houses to build and maintain, marriages and funerals to co-ordinate, and so on.",,,,
M0186,S036,Tell Sabi Abyad,Tell Sabi Abyad,L3735,3735,3735,Chapter 10: Why the State Has No Origin,chapter,10,"Whatever the reason, the effect of introducing such techniques seems to have been profound for villages in prehistoric Mesopotamia and the surrounding hill country. Recall that 2,000 years separate Tell Sabi Abyad from the earliest cities, and during that long span of time village life in the Middle East underwent a series of remarkable changes. In some ways, people living in small-scale communities began to act as if they were already living in mass societies of a certain kind, even though nobody had ever seen a city. It sounds counter-intuitive – but it is what we see in the intervening centuries in the evidence of villages scattered across a large region, from southwestern Iran through much of Iraq and all the way over to the Turkish highlands. In many ways this phenomenon was another version of the kind of ‘culture areas’ or hospitality zones that we discussed in earlier chapters, but there was a different element: affinities between distant households and families seem to have been increasingly based on a principle of cultural uniformity. In a sense, then, this was the first era of the ‘global village’.122",ch10-n122,See Wengrow 2010a: Chapter Four.,Wengrow 2010a,"Wengrow, David. 2010a. What Makes Civilization? The Ancient Near East and the Future of the West. Oxford: Oxford University Press."
M0187,S036,Tell Sabi Abyad,Tell Sabi Abyad,L3755,3755,3755,Chapter 10: Why the State Has No Origin,chapter,10,"What’s important here is the fact that this equality could be viewed as making people (as well as things) interchangeable, which in turn allowed rulers, or their henchmen, to make impersonal demands that took no consideration of their subjects’ unique situations. This is of course what gives the word ‘bureaucracy’ such distasteful associations almost everywhere today. The very term evokes mechanical stupidity. But there’s no reason to believe that impersonal systems were originally, or are necessarily, stupid. If the calculations of a Bolivian ayllu or Basque council – or presumably a Neolithic village administration like that of Tell Sabi Abyad, and its urban successors in Mesopotamia – produced an obviously impossible or unreasonable result, matters could always be adjusted. As anyone knows who has spent time in a rural community, or serving on a municipal or parish council of a large city, resolving such inequities might require many hours, possibly days of tedious discussion, but almost always a solution will be arrived at that no one finds entirely unfair. It’s the addition of sovereign power, and the resulting ability of the local enforcer to say, ‘Rules are rules; I don’t want to hear about it’ that allows bureaucratic mechanisms to become genuinely monstrous.",,,,
M0188,S036,Tell Sabi Abyad,Tell Sabi Abyad,L5938,5938,5938,Notes to Chapter 10: Why the State Has No Origin,notes,10,"119. Oddly, very few such seals have been found at Tell Sabi Abyad itself, perhaps because they were made of materials that have not survived such as wood; miniature stamp seals made of stone, and of the kind we are referring to here, are quite ubiquitous on other northern Mesopotamian sites of the same (‘Late Neolithic’ or ‘Halaf’) period.",ch10-n119,"Oddly, very few such seals have been found at Tell Sabi Abyad itself, perhaps because they were made of materials that have not survived such as wood; miniature stamp seals made of stone, and of the kind we are referring to here, are quite ubiquitous on other northern Mesopotamian sites of the same (‘Late Neolithic’ or ‘Halaf’) period.",,
M0189,S037,Kilianstädten,Kilianstädten,L2437,2437,2437,Chapter 7: The Ecology of Freedom,chapter,7,"Kilianstädten, Talheim, Schletz and Herxheim are all names of Early Neolithic sites on the loess plains of Austria and Germany. Collectively, they tell a very unfamiliar story of early agriculture.",,,,
M0190,S037,Kilianstädten,Kilianstädten,L2439,2439,2439,Chapter 7: The Ecology of Freedom,chapter,7,"In these places, starting around 5500 bc, villages of a similar cultural outlook – known as the ‘Linear Pottery’ tradition – were established. They are among the villages of central Europe’s first farmers. But, unlike most other early farming settlements, each ended its life in a period of turmoil, marked by the digging and filling of mass graves. The contents of these graves attest to the annihilation, or attempted annihilation, of an entire community: crudely dug trenches or reused ditches containing chaotic jumbles of human remains, including adults and children of both sexes, disposed of like so much refuse. Their bones show the telltale marks of torture, mutilation and violent death – the breaking of limbs, taking of scalps, butchering for cannibalism. At Kilianstädten and Asparn, younger women were missing from the assemblage, suggesting their appropriation as captives.20",ch7-n20,Wild et al. 2004; Schulting and Fibiger (eds) 2012; Meyer et al. 2015; see also Teschler-Nicola et al. 1996.,Wild 2004 | Teschler-Nicola 1996,"Wild, Eva. M. et al. 2004. ‘Neolithic massacres: local skirmishes or general warfare in Europe?’ Radiocarbon 46: 377–85. | Teschler-Nicola, M. et al. 1996. ‘Anthropologische Spurensicherung – Die traumatischen und postmortalen Veränderungen an den linearbandkeramischen Skelettresten von Asparn/Schletz.’ In H. Windl (ed.), Rätsel um Gewalt und Tod vor 7.000 Jahren. Eine Spurensicherung. Asparn: Katalog des Niederösterreichischen Landesmuseum, pp. 47–64."
M0191,S038,Talheim,Talheim,L2437,2437,2437,Chapter 7: The Ecology of Freedom,chapter,7,"Kilianstädten, Talheim, Schletz and Herxheim are all names of Early Neolithic sites on the loess plains of Austria and Germany. Collectively, they tell a very unfamiliar story of early agriculture.",,,,
M0192,S039,Asparn-Schletz,Schletz,L2437,2437,2437,Chapter 7: The Ecology of Freedom,chapter,7,"Kilianstädten, Talheim, Schletz and Herxheim are all names of Early Neolithic sites on the loess plains of Austria and Germany. Collectively, they tell a very unfamiliar story of early agriculture.",,,,
M0193,S039,Asparn-Schletz,Asparn,L2439,2439,2439,Chapter 7: The Ecology of Freedom,chapter,7,"In these places, starting around 5500 bc, villages of a similar cultural outlook – known as the ‘Linear Pottery’ tradition – were established. They are among the villages of central Europe’s first farmers. But, unlike most other early farming settlements, each ended its life in a period of turmoil, marked by the digging and filling of mass graves. The contents of these graves attest to the annihilation, or attempted annihilation, of an entire community: crudely dug trenches or reused ditches containing chaotic jumbles of human remains, including adults and children of both sexes, disposed of like so much refuse. Their bones show the telltale marks of torture, mutilation and violent death – the breaking of limbs, taking of scalps, butchering for cannibalism. At Kilianstädten and Asparn, younger women were missing from the assemblage, suggesting their appropriation as captives.20",ch7-n20,Wild et al. 2004; Schulting and Fibiger (eds) 2012; Meyer et al. 2015; see also Teschler-Nicola et al. 1996.,Wild 2004 | Teschler-Nicola 1996,"Wild, Eva. M. et al. 2004. ‘Neolithic massacres: local skirmishes or general warfare in Europe?’ Radiocarbon 46: 377–85. | Teschler-Nicola, M. et al. 1996. ‘Anthropologische Spurensicherung – Die traumatischen und postmortalen Veränderungen an den linearbandkeramischen Skelettresten von Asparn/Schletz.’ In H. Windl (ed.), Rätsel um Gewalt und Tod vor 7.000 Jahren. Eine Spurensicherung. Asparn: Katalog des Niederösterreichischen Landesmuseum, pp. 47–64."
M0194,S040,Herxheim,Herxheim,L2437,2437,2437,Chapter 7: The Ecology of Freedom,chapter,7,"Kilianstädten, Talheim, Schletz and Herxheim are all names of Early Neolithic sites on the loess plains of Austria and Germany. Collectively, they tell a very unfamiliar story of early agriculture.",,,,
M0195,S041,Lapita type-site,Lapita,L2482,2482,2482,Chapter 7: The Ecology of Freedom,chapter,7,"Known as the ‘Lapita horizon’ (after the site in New Caledonia where its decorated pottery was first identified), this precocious expansion – which called into being the world’s first deep-ocean outrigger canoes – is often connected to the spread of Austronesian languages. Rice and millet, poorly suited to tropical climates, were jettisoned in its early stages of dispersal. But as the Lapita horizon advanced, their place was taken by a rich admixture of tubers and fruit crops encountered along the way, together with a growing menagerie of animal domesticates (pigs, joined by dogs and chickens; rats too hitched along for the ride). These species travelled with Lapita colonists to previously uninhabited islands – among them Fiji, Tonga and Samoa – where they put down roots (quite literally, in the case of taro and other tubers).31",ch7-n31,See Spriggs 1997; Sheppard 2011.,Spriggs 1997 | Sheppard 2011,"Spriggs, Matthew. 1997. The Island Melanesians. Oxford: Blackwell. | Sheppard, Peter J. 2011. ‘Lapita colonization across the Near/Remote Oceania boundary.’ Current Anthropology 52 (6): 799–840."
M0196,S041,Lapita type-site,Lapita,L2484,2484,2484,Chapter 7: The Ecology of Freedom,chapter,7,"Like the Linear Pottery farmers of central Europe, Lapita groups seem to have avoided established centres of population. They gave a wide berth to the forager stronghold of Australia, and skirted largely clear of Papua New Guinea, where a local form of farming was already well established in the uplands around the Wahgi valley.32 On virgin islands and beside vacant lagoons they founded their villages, comprising houses perched on stilts. With stone adzes, a mainstay of their travelling toolkit, they cleared patches of forest to make gardens for their crops – taroes, yams and bananas – which they supplemented with animal domesticates and a rich diet of fish, shellfish and marine turtles, wild birds and fruit bats.33",ch7-n32 | ch7-n33,"Denham et al. 2003; Golson et al. (eds) 2017; see also Yen 1995. | See Spriggs 1995; the Lapita habit of leapfrogging established populations into empty spaces may be partially confirmed by the findings of ancient DNA, for which: Skoglund et al. 2016.",Denham 2003 | Yen 1995 | Spriggs 1995 | Skoglund 2016,"Denham, Timothy et al. 2003. ‘Origins of agriculture at Kuk Swamp in the highlands of New Guinea.’ Science 301 (5630): 189–93. | Yen, Douglas. E. 1995. ‘The development of Sahul agriculture with Australia as bystander.’ Antiquity 69 (265): 831–47. | Spriggs, Matthew. 1995. ‘The Lapita culture and Austronesian prehistory in Oceania.’ In Peter Bellwood et al. (eds), The Austronesians: Historical and Comparative Perspectives. Canberra: ANU Press, pp. 112–33. | Skoglund, Pontus et al. 2016. ‘Genomic insights into the peopling of the Southwest Pacific.’ Nature 538 (7626): 510–13."
M0197,S041,Lapita type-site,Lapita,L2486,2486,2486,Chapter 7: The Ecology of Freedom,chapter,7,"Unlike Europe’s first farmers, the carriers of the Lapita horizon diversified their economy continuously as they spread. And this was not just true of their crops and animals. Voyaging eastwards, Lapita peoples left a trail of distinctive pottery, their most consistent signal in the archaeological record. Along the way they also encountered many new materials. The most valued, such as particular types of shell, were crafted into multi-media ornaments – arm rings, necklaces, pendants – which left a trace on Melanesian and Polynesian island culture that was still visible many centuries later, when Captain Cook (unwittingly retracing the steps of Lapita) caught sight of New Caledonia in 1774 and wrote that it reminded him of Scotland.",,,,
M0198,S041,Lapita type-site,Lapita,L2488,2488,2488,Chapter 7: The Ecology of Freedom,chapter,7,"Lapita prestige items also included bird-feather headdresses (depicted on the pottery), fine pandanus leaf mats and obsidian. Obsidian blades, circulating thousands of miles away from their sources in the Bismarck Archipelago, were used in tattooing and scarification to apply pigment and plant matter to the skin. While the tattoos themselves do not survive, the impressed decoration of Lapita pots gives some hint of their underlying schema, transferred from skin to ceramic. More recent traditions of Polynesian tattooing and body art – ‘wrapping the body in images’, as a famous anthropological study puts it – remind us how little we really know of the vibrant conceptual worlds of earlier times, and those who first carried such practices across remote Pacific island-scapes.34",ch7-n34,"Kirch 1990; Kononenko et al. 2016. Gell (1993) provides a systematic, comparative study of regional traditions of body art and tattooing in more recent Polynesian societies, and their social and conceptual permutations.",Kirch 1990 | Kononenko 2016 | Gell 1993,"Kirch, Patrick V. 1990. ‘Specialization and exchange in the Lapita Complex of Oceania (1600–500 B.C.).’ Asian Perspectives 29 (2): 117–33. | Kononenko, Nina et al. 2016. ‘Detecting early tattooing in the Pacific region through experimental usewear and residue analyses of obsidian tools.’ Journal of Archaeological Science, Reports 8: 147–63. | Gell, Alfred. 1993. Wrapping in Images: Tattooing in Polynesia. Oxford: Clarendon Press."
M0199,S041,Lapita type-site,Lapita,L2493,2493,2493,Chapter 7: The Ecology of Freedom,chapter,7,"On first inspection, these three variations on ‘the Neolithic’ – European, African, Oceanic – might seem to have almost nothing in common. However, all share two important features. First, each involved a serious commitment to farming. Of the three, the Linear Pottery culture of Europe enmeshed itself most deeply in the raising of cereals and livestock. The Nile valley was fully wedded to its herds, as was the Lapita to its pigs and yams. In every case, the species in question was fully domesticated, reliant on human intervention for its survival, and was no longer able to reproduce unassisted in the wild. For their part, the people in question had oriented their lives around the needs of certain plants and animals; enclosing, protecting and breeding those species was a perennial feature of their existence and a cornerstone of their diets. All of them had become ‘serious’ farmers.",,,,
M0200,S041,Lapita type-site,Lapita,L2495,2495,2495,Chapter 7: The Ecology of Freedom,chapter,7,"Second, all three cases involved a targeted spread of farming to lands largely uninhabited by existing populations. The highly mobile Neolithic of the Nile valley extended seasonally into the adjacent steppe-desert, but avoided regions that were already densely settled, such as the Nile delta, the Sudanese gezira and the major oases (including the Fayum, where lakeside fisher-foragers prevailed, adopting and abandoning farming practices largely as it suited them).35 Similarly, the Linear Pottery culture of Europe took root in niches left open by Mesolithic foragers, such as patches of loess soil and unused river levees. The Lapita horizon, too, was a relatively closed system, interacting with others when necessary, but otherwise enfolding new resources into its own pattern of life. Serious farmers tended to form societies with hard boundaries, ethnic and, in some cases, also linguistic.36",ch7-n35 | ch7-n36,"Holdaway and Wendrich (eds) 2017. | As we noted, Lapita is associated with the dispersal of Austronesian languages. Correlations between the spread of farming and language also seem likely for Nilotic cultures (and the much later Bantu expansion from western to southern Africa). For a general consideration of these and other cases of language-farming dispersal see Bellwood 2005; Bellwood and Renfrew (eds) 2002. An association between Indo-European and the spread of Early Neolithic farming in Europe is now considered unlikely (see Haak et al. 2015, with further references).",Bellwood 2005 | Haak 2015,"Bellwood, Peter. 2005. First Farmers: The Origins of Agricultural Societies. Malden, MA and Oxford: Blackwell. | Haak, Wolfgang et al. 2015. ‘Massive migration from the steppe was a source for Indo-European languages in Europe.’ Nature 522: 207–11."
M0201,S041,Lapita type-site,Lapita,L5290,5290,5290,Notes to Chapter 7: The Ecology of Freedom,notes,7,"33. See Spriggs 1995; the Lapita habit of leapfrogging established populations into empty spaces may be partially confirmed by the findings of ancient DNA, for which: Skoglund et al. 2016.",ch7-n33,"See Spriggs 1995; the Lapita habit of leapfrogging established populations into empty spaces may be partially confirmed by the findings of ancient DNA, for which: Skoglund et al. 2016.",Spriggs 1995 | Skoglund 2016,"Spriggs, Matthew. 1995. ‘The Lapita culture and Austronesian prehistory in Oceania.’ In Peter Bellwood et al. (eds), The Austronesians: Historical and Comparative Perspectives. Canberra: ANU Press, pp. 112–33. | Skoglund, Pontus et al. 2016. ‘Genomic insights into the peopling of the Southwest Pacific.’ Nature 538 (7626): 510–13."
M0202,S041,Lapita type-site,Lapita,L5296,5296,5296,Notes to Chapter 7: The Ecology of Freedom,notes,7,"36. As we noted, Lapita is associated with the dispersal of Austronesian languages. Correlations between the spread of farming and language also seem likely for Nilotic cultures (and the much later Bantu expansion from western to southern Africa). For a general consideration of these and other cases of language-farming dispersal see Bellwood 2005; Bellwood and Renfrew (eds) 2002. An association between Indo-European and the spread of Early Neolithic farming in Europe is now considered unlikely (see Haak et al. 2015, with further references).",ch7-n36,"As we noted, Lapita is associated with the dispersal of Austronesian languages. Correlations between the spread of farming and language also seem likely for Nilotic cultures (and the much later Bantu expansion from western to southern Africa). For a general consideration of these and other cases of language-farming dispersal see Bellwood 2005; Bellwood and Renfrew (eds) 2002. An association between Indo-European and the spread of Early Neolithic farming in Europe is now considered unlikely (see Haak et al. 2015, with further references).",Bellwood 2005 | Haak 2015,"Bellwood, Peter. 2005. First Farmers: The Origins of Agricultural Societies. Malden, MA and Oxford: Blackwell. | Haak, Wolfgang et al. 2015. ‘Massive migration from the steppe was a source for Indo-European languages in Europe.’ Nature 522: 207–11."
M0203,S042,Caral,Caral,L2693,2693,2693,Chapter 8: Imaginary Cities,chapter,8,"We now know, for instance, that in China’s Shandong province, on the lower reaches of the Yellow River, settlements of 300 hectares or more – such as Liangchengzhen and Yaowangcheng – were present by no later than 2500 bc, which is over 1,000 years before the earliest royal dynasties developed on the Central Chinese plains. On the other side of the Pacific, around the same time, ceremonial centres of great magnitude developed in the valley of Peru’s Rio Supe, notably at the site of Caral, where archaeologists have uncovered sunken plazas and monumental platforms four millennia older than the Inca Empire.19 The extent of human habitation around these great centres is still to be determined.",ch8-n19,"For China see Underhill et al. 2008; for Peru see Shady Solis, Haas and Creamer 2001.",Underhill 2008,"Underhill, Anne P. et al. 2008. ‘Changes in regional settlement patterns and the development of complex societies in southeastern Shandong, China.’ Journal of Anthropological Archaeology 27 (1): 1–29."
M0204,S043,Liangchengzhen,Liangchengzhen,L2693,2693,2693,Chapter 8: Imaginary Cities,chapter,8,"We now know, for instance, that in China’s Shandong province, on the lower reaches of the Yellow River, settlements of 300 hectares or more – such as Liangchengzhen and Yaowangcheng – were present by no later than 2500 bc, which is over 1,000 years before the earliest royal dynasties developed on the Central Chinese plains. On the other side of the Pacific, around the same time, ceremonial centres of great magnitude developed in the valley of Peru’s Rio Supe, notably at the site of Caral, where archaeologists have uncovered sunken plazas and monumental platforms four millennia older than the Inca Empire.19 The extent of human habitation around these great centres is still to be determined.",ch8-n19,"For China see Underhill et al. 2008; for Peru see Shady Solis, Haas and Creamer 2001.",Underhill 2008,"Underhill, Anne P. et al. 2008. ‘Changes in regional settlement patterns and the development of complex societies in southeastern Shandong, China.’ Journal of Anthropological Archaeology 27 (1): 1–29."
M0205,S044,Yaowangcheng,Yaowangcheng,L2693,2693,2693,Chapter 8: Imaginary Cities,chapter,8,"We now know, for instance, that in China’s Shandong province, on the lower reaches of the Yellow River, settlements of 300 hectares or more – such as Liangchengzhen and Yaowangcheng – were present by no later than 2500 bc, which is over 1,000 years before the earliest royal dynasties developed on the Central Chinese plains. On the other side of the Pacific, around the same time, ceremonial centres of great magnitude developed in the valley of Peru’s Rio Supe, notably at the site of Caral, where archaeologists have uncovered sunken plazas and monumental platforms four millennia older than the Inca Empire.19 The extent of human habitation around these great centres is still to be determined.",ch8-n19,"For China see Underhill et al. 2008; for Peru see Shady Solis, Haas and Creamer 2001.",Underhill 2008,"Underhill, Anne P. et al. 2008. ‘Changes in regional settlement patterns and the development of complex societies in southeastern Shandong, China.’ Journal of Anthropological Archaeology 27 (1): 1–29."
M0206,S045,Taljanky,Taljanky,L2704,2704,2704,Chapter 8: Imaginary Cities,chapter,8,"But it turns out this wasn’t the whole story. In fact, magnificent warrior tombs might not even be the most interesting aspect of the region’s prehistory. There were also cities. Archaeologists in Ukraine and Moldova got their first inkling of them in the 1970s, when they began to detect the existence of human settlements older and much larger than anything they had previously encountered.22 Further research showed that these settlements, often referred to as ‘mega-sites’ – with their modern names of Taljanky, Maidenetske, Nebelivka and so on – dated to the early and middle centuries of the fourth millennium bc, which meant that some existed even before the earliest known cities in Mesopotamia. They were also larger in area.",ch8-n22,"Much of this research (published exclusively in Russian) was cutting-edge by the standards of the time, including aerial photography, subsurface prospection and careful excavation. For summaries and descriptions in English see Videiko 1996; Menotti and Korvin-Piotrovskiy 2012.",Videiko 1996,"Videiko, Mikhail. 1996. ‘Die Grossiedlungen der Tripol’e-Kultur in der Ukraine.’ Eurasia Antiqua 1: 45–80."
M0207,S045,Taljanky,Taljanky,L2706,2706,2706,Chapter 8: Imaginary Cities,chapter,8,"Yet, even now, in scholarly discussions about the origins of urbanism, these Ukrainian sites almost never come up. Indeed, the very use of the term ‘mega-site’ is a kind of euphemism, signalling to a wider audience that these should not be thought of as proper cities but as something more like villages that for some reason had expanded inordinately in size. Some archaeologists even refer to them outright as ‘overgrown villages’. How do we account for this reluctance to welcome the Ukrainian mega-sites into the charmed circle of urban origins? Why has anyone with even a passing interest in the origin of cities heard of Uruk or Mohenjo-daro, but almost no one of Taljanky?",,,,
M0208,S045,Taljanky,Taljanky,L2720,2720,2720,Chapter 8: Imaginary Cities,chapter,8,"So the Ukrainian and Moldovan mega-sites did not come out of thin air. They were the physical realization of an extended community that already existed long before its constituent units coalesced into large settlements. Some tens of these settlements have now been documented. The biggest currently known – Taljanky – extends over an area of 300 hectares, outspanning the earliest phases of the city of Uruk in southern Mesopotamia. It presents no evidence of central administration or communal storage facilities. Nor have any government buildings, fortifications or monumental architecture been found. There is no acropolis or civic centre; no equivalent to Uruk’s raised public district called Eanna (‘House of Heaven’) or the Great Bath of Mohenjo-daro.",,,,
M0209,S045,Taljanky,Taljanky,L2722,2722,2722,Chapter 8: Imaginary Cities,chapter,8,"What we do find are houses; well over 1,000 in the case of Taljanky. Rectangular houses, sixteen or so feet wide and twice as long, built of wattle and daub on timber frames, with stone foundations. With their attached gardens, these houses form such neat circular patterns that from a bird’s-eye view, any mega-site resembles the inside of a tree trunk: great rings, with concentric spaces between. The innermost ring frames a big gap in the middle of the settlement, where early excavators at first expected to find something dramatic, whether magnificent buildings or grand burials. But in every known case, the central area is simply empty; guesses for its function range from popular assemblies to ceremonies or the seasonal penning of animals – or possibly all three.25 In consequence, the standard archaeological plan of a Ukrainian mega-site is all flesh, no core.",ch8-n25,"To get a sense of relative scale, consider that just this vacant centre of a mega-site alone could have contained a large Neolithic town such as Çatalhöyük more than twice over.",,
M0210,S045,Taljanky,Taljanky,L5400,5400,5400,Notes to Chapter 8: Imaginary Cities,notes,8,"32. One should also allow for different answers, varying from one mega-site to another. For example, some of them, such as Maidenetske and Nebelivka, mobilized their populations to dig perimeter ditches, marking out a garden space between the outer circuit of houses and the edge of the settlement. Others, such as Taljanky, did not. It is worth stressing that these ditches cannot possibly have functioned as fortifications or defences of any kind – they were shallow, with frequent gaps so that people could come and go. It’s worth stressing this, because earlier scholarship often viewed the mega-sites as ‘refuge towns’ formed for the defence of a local population, a view that has now been largely abandoned in the absence of any clear evidence for warfare or other forms of conflict (see Chapman 2010; Chapman, Gaydarska and Hale 2016).",ch8-n32,"One should also allow for different answers, varying from one mega-site to another. For example, some of them, such as Maidenetske and Nebelivka, mobilized their populations to dig perimeter ditches, marking out a garden space between the outer circuit of houses and the edge of the settlement. Others, such as Taljanky, did not. It is worth stressing that these ditches cannot possibly have functioned as fortifications or defences of any kind – they were shallow, with frequent gaps so that people could come and go. It’s worth stressing this, because earlier scholarship often viewed the mega-sites as ‘refuge towns’ formed for the defence of a local population, a view that has now been largely abandoned in the absence of any clear evidence for warfare or other forms of conflict (see Chapman 2010; Chapman, Gaydarska and Hale 2016).",Chapman 2010,"Chapman, John. 2010. ‘Houses, households, villages, and proto-cities in Southeastern Europe.’ In Anthony (ed.), pp. 74–89."
M0211,S046,Maidenetske,Maidenetske,L2704,2704,2704,Chapter 8: Imaginary Cities,chapter,8,"But it turns out this wasn’t the whole story. In fact, magnificent warrior tombs might not even be the most interesting aspect of the region’s prehistory. There were also cities. Archaeologists in Ukraine and Moldova got their first inkling of them in the 1970s, when they began to detect the existence of human settlements older and much larger than anything they had previously encountered.22 Further research showed that these settlements, often referred to as ‘mega-sites’ – with their modern names of Taljanky, Maidenetske, Nebelivka and so on – dated to the early and middle centuries of the fourth millennium bc, which meant that some existed even before the earliest known cities in Mesopotamia. They were also larger in area.",ch8-n22,"Much of this research (published exclusively in Russian) was cutting-edge by the standards of the time, including aerial photography, subsurface prospection and careful excavation. For summaries and descriptions in English see Videiko 1996; Menotti and Korvin-Piotrovskiy 2012.",Videiko 1996,"Videiko, Mikhail. 1996. ‘Die Grossiedlungen der Tripol’e-Kultur in der Ukraine.’ Eurasia Antiqua 1: 45–80."
M0212,S046,Maidenetske,Maidenetske,L2712,2712,2712,Chapter 8: Imaginary Cities,chapter,8,"Le Guin has a point. Obviously, we have no idea how relatively happy the inhabitants of Ukrainian mega-sites like Maidenetske or Nebelivka were, compared to the lords who constructed kurgan burials, or even the retainers ritually sacrificed at their funerals; or the bonded labourers who provided wheat and barley to the inhabitants of later Greek colonies along the Black Sea coast (though we can guess), and as anyone who has read the story knows, Omelas had some problems too. But the point remains: why do we assume that people who have figured out a way for a large population to govern and support itself without temples, palaces and military fortifications – that is, without overt displays of arrogance, self-abasement and cruelty – are somehow less complex than those who have not?",,,,
M0213,S046,Maidenetske,Maidenetske,L5400,5400,5400,Notes to Chapter 8: Imaginary Cities,notes,8,"32. One should also allow for different answers, varying from one mega-site to another. For example, some of them, such as Maidenetske and Nebelivka, mobilized their populations to dig perimeter ditches, marking out a garden space between the outer circuit of houses and the edge of the settlement. Others, such as Taljanky, did not. It is worth stressing that these ditches cannot possibly have functioned as fortifications or defences of any kind – they were shallow, with frequent gaps so that people could come and go. It’s worth stressing this, because earlier scholarship often viewed the mega-sites as ‘refuge towns’ formed for the defence of a local population, a view that has now been largely abandoned in the absence of any clear evidence for warfare or other forms of conflict (see Chapman 2010; Chapman, Gaydarska and Hale 2016).",ch8-n32,"One should also allow for different answers, varying from one mega-site to another. For example, some of them, such as Maidenetske and Nebelivka, mobilized their populations to dig perimeter ditches, marking out a garden space between the outer circuit of houses and the edge of the settlement. Others, such as Taljanky, did not. It is worth stressing that these ditches cannot possibly have functioned as fortifications or defences of any kind – they were shallow, with frequent gaps so that people could come and go. It’s worth stressing this, because earlier scholarship often viewed the mega-sites as ‘refuge towns’ formed for the defence of a local population, a view that has now been largely abandoned in the absence of any clear evidence for warfare or other forms of conflict (see Chapman 2010; Chapman, Gaydarska and Hale 2016).",Chapman 2010,"Chapman, John. 2010. ‘Houses, households, villages, and proto-cities in Southeastern Europe.’ In Anthony (ed.), pp. 74–89."
M0214,S047,Nebelivka,Nebelivka,L0151,151,151,Front matter: maps and figures,front-matter,,4 Nebelivka: a prehistoric ‘mega-site’ in the Ukrainian forest-steppe,,,,
M0215,S047,Nebelivka,Nebelivka,L2704,2704,2704,Chapter 8: Imaginary Cities,chapter,8,"But it turns out this wasn’t the whole story. In fact, magnificent warrior tombs might not even be the most interesting aspect of the region’s prehistory. There were also cities. Archaeologists in Ukraine and Moldova got their first inkling of them in the 1970s, when they began to detect the existence of human settlements older and much larger than anything they had previously encountered.22 Further research showed that these settlements, often referred to as ‘mega-sites’ – with their modern names of Taljanky, Maidenetske, Nebelivka and so on – dated to the early and middle centuries of the fourth millennium bc, which meant that some existed even before the earliest known cities in Mesopotamia. They were also larger in area.",ch8-n22,"Much of this research (published exclusively in Russian) was cutting-edge by the standards of the time, including aerial photography, subsurface prospection and careful excavation. For summaries and descriptions in English see Videiko 1996; Menotti and Korvin-Piotrovskiy 2012.",Videiko 1996,"Videiko, Mikhail. 1996. ‘Die Grossiedlungen der Tripol’e-Kultur in der Ukraine.’ Eurasia Antiqua 1: 45–80."
M0216,S047,Nebelivka,Nebelivka,L2712,2712,2712,Chapter 8: Imaginary Cities,chapter,8,"Le Guin has a point. Obviously, we have no idea how relatively happy the inhabitants of Ukrainian mega-sites like Maidenetske or Nebelivka were, compared to the lords who constructed kurgan burials, or even the retainers ritually sacrificed at their funerals; or the bonded labourers who provided wheat and barley to the inhabitants of later Greek colonies along the Black Sea coast (though we can guess), and as anyone who has read the story knows, Omelas had some problems too. But the point remains: why do we assume that people who have figured out a way for a large population to govern and support itself without temples, palaces and military fortifications – that is, without overt displays of arrogance, self-abasement and cruelty – are somehow less complex than those who have not?",,,,
M0217,S047,Nebelivka,Nebelivka,L2724,2724,2724,Chapter 8: Imaginary Cities,chapter,8,"Just as surprising as their scale is the distribution of these massive Nebelivka: a prehistoric ‘mega-site’ in the Ukrainian forest-steppe settlements, which are all quite close to each other, at most six to nine miles apart.26 Their total population – estimated in the many thousands per mega-site, and probably well over 10,000 in some cases – would therefore have had to draw resources from a common hinterland. Yet their ecological footprint appears to have been surprisingly light.27 There are a number of possible explanations. Some have suggested the mega-sites were only occupied part of the year, even for just a season,28 making them urban-scale versions of the kind of temporary aggregation sites we discussed in Chapter Three. This is difficult to reconcile with the substantial nature of their houses (consider the effort expended in felling trees, laying foundations, making good walls etc.). More probably, the mega-sites were much like most other cities, neither permanently inhabited nor strictly seasonal, but somewhere in between.29",ch8-n26 | ch8-n27 | ch8-n29,"Scientific dating shows that some of the largest known mega-sites were contemporaneous; Müller et al. 2016: 167–8. | Ohlrau et al. 2016; Shumilovskikh, Novenko and Giesecke 2017. | The people of the mega-sites had a tradition of deliberately burning their houses, which complicates matters for modern analysts, trying to ascertain how much of each site was in use simultaneously. It’s not known why this burning was done (for ritual purposes, or hygiene, or both?). Did it take place routinely within settlements, so part of the mega-site was living and growing, with the other part lingering on as a sort of ‘house-cemetery’? Ordinarily, careful modelling of high-precision radiocarbon dates would allow archaeologists to resolve such issues. Frustratingly, in this case, an anomaly in the calibration curve for the fourth millennium bc is preventing them from doing so.",Müller 2016 | Ohlrau 2016,"Müller, Johannes. 2016. ‘Human structure, social space: what we can learn from Trypyllia.’ In Müller et al. (eds), pp. 301–4. | Ohlrau, René et al. 2016. ‘Living on the edge? Carrying capacities of Trypillian settlements in the Buh-Dnipro Interfluve.’ In Müller et al. (eds), 2016, pp. 207–20."
M0218,S047,Nebelivka,Nebelivka,L5400,5400,5400,Notes to Chapter 8: Imaginary Cities,notes,8,"32. One should also allow for different answers, varying from one mega-site to another. For example, some of them, such as Maidenetske and Nebelivka, mobilized their populations to dig perimeter ditches, marking out a garden space between the outer circuit of houses and the edge of the settlement. Others, such as Taljanky, did not. It is worth stressing that these ditches cannot possibly have functioned as fortifications or defences of any kind – they were shallow, with frequent gaps so that people could come and go. It’s worth stressing this, because earlier scholarship often viewed the mega-sites as ‘refuge towns’ formed for the defence of a local population, a view that has now been largely abandoned in the absence of any clear evidence for warfare or other forms of conflict (see Chapman 2010; Chapman, Gaydarska and Hale 2016).",ch8-n32,"One should also allow for different answers, varying from one mega-site to another. For example, some of them, such as Maidenetske and Nebelivka, mobilized their populations to dig perimeter ditches, marking out a garden space between the outer circuit of houses and the edge of the settlement. Others, such as Taljanky, did not. It is worth stressing that these ditches cannot possibly have functioned as fortifications or defences of any kind – they were shallow, with frequent gaps so that people could come and go. It’s worth stressing this, because earlier scholarship often viewed the mega-sites as ‘refuge towns’ formed for the defence of a local population, a view that has now been largely abandoned in the absence of any clear evidence for warfare or other forms of conflict (see Chapman 2010; Chapman, Gaydarska and Hale 2016).",Chapman 2010,"Chapman, John. 2010. ‘Houses, households, villages, and proto-cities in Southeastern Europe.’ In Anthony (ed.), pp. 74–89."
M0219,S048,Uruk,Uruk,L1444,1444,1444,"Chapter 4: Free People, the Origin of Cultures, and the Advent of Private Property",chapter,4,"Archaeologists believe these structures at Poverty Point formed a monumental precinct that once extended over 200 hectares, flanked by two enormous earthen mounds (the so-called Motley and Lower Jackson Mounds) which lie respectively north and south. To clarify what this means, it’s worth noting that the first Eurasian cities – early centres of civic life like Uruk in southern Iraq, or Harappa in the Punjab – began as settlements of roughly 200 hectares in total. Which is to say that their entire layout could fit quite comfortably within the ceremonial precinct of Poverty Point. Like those early Eurasian cities, Poverty Point sprang from a great river, since transport by water, particularly of bulk goods, was in early times infinitely easier than transport by land. Like them, it formed the core of a much larger sphere of cultural interaction. People and resources came to Poverty Point from hundreds of miles away, as far north as the Great Lakes and from the Gulf of Mexico to the south.",,,,
M0220,S048,Uruk,Uruk,L1450,1450,1450,"Chapter 4: Free People, the Origin of Cultures, and the Advent of Private Property",chapter,4,"What we do know is that Poverty Point arrows and spearheads come in rich hues of red, black, yellow and even blue stone, and these are only the colours we discern. Ancient classifications were no doubt more refined. If stones were being selected with such care, we can only begin to imagine what was going on with cords, fibres, medicines and any living thing in the landscape treated as potential food or poison. Another thing we can be quite sure of is that ‘trade’ is not a useful way to describe whatever was going on here. For one thing, trade goes two ways, and Poverty Point presents no clear evidence for exports, or indeed commodities of any sort. The absence is strikingly obvious to anyone who’s studied the remains of early Eurasian cities like Uruk and Harappa, which do seem to have been engaged in lively trade relations: these sites are awash with industrial quantities of ceramic packaging, and the products of their urban crafts are found far and wide.",,,,
M0221,S048,Uruk,Uruk,L2706,2706,2706,Chapter 8: Imaginary Cities,chapter,8,"Yet, even now, in scholarly discussions about the origins of urbanism, these Ukrainian sites almost never come up. Indeed, the very use of the term ‘mega-site’ is a kind of euphemism, signalling to a wider audience that these should not be thought of as proper cities but as something more like villages that for some reason had expanded inordinately in size. Some archaeologists even refer to them outright as ‘overgrown villages’. How do we account for this reluctance to welcome the Ukrainian mega-sites into the charmed circle of urban origins? Why has anyone with even a passing interest in the origin of cities heard of Uruk or Mohenjo-daro, but almost no one of Taljanky?",,,,
M0222,S048,Uruk,Uruk,L2720,2720,2720,Chapter 8: Imaginary Cities,chapter,8,"So the Ukrainian and Moldovan mega-sites did not come out of thin air. They were the physical realization of an extended community that already existed long before its constituent units coalesced into large settlements. Some tens of these settlements have now been documented. The biggest currently known – Taljanky – extends over an area of 300 hectares, outspanning the earliest phases of the city of Uruk in southern Mesopotamia. It presents no evidence of central administration or communal storage facilities. Nor have any government buildings, fortifications or monumental architecture been found. There is no acropolis or civic centre; no equivalent to Uruk’s raised public district called Eanna (‘House of Heaven’) or the Great Bath of Mohenjo-daro.",,,,
M0223,S048,Uruk,Uruk,L2765,2765,2765,Chapter 8: Imaginary Cities,chapter,8,"Unlike the Ukrainian mega-sites, or the Bronze Age cities of the Indus valley to which we’ll turn shortly, Mesopotamia was already part of modern memory before any archaeologist put a spade into one of its ancient mounds.42 Anyone who had read the Bible knew about the kingdoms of Babylonia and Assyria; and in the Victorian era of high empire, biblical scholars and Orientalists began excavating sites with scriptural associations, like Nineveh and Nimrud, hoping to uncover cities ruled by figures of legend such as Nebuchadnezzar, Sennacherib or Tiglath-Pileser. They did find these; but in those places and elsewhere they discovered other things that were even more spectacular, like a basalt stela bearing the law code of Hammurabi, ruler of Babylon in the eighteenth century bc, unearthed at Susa in western Iran; clay tablets from Nineveh bearing copies of the Epic of Gilgamesh, fabled ruler of Uruk; and the Royal Tombs of Ur in southern Iraq, where kings and queens unknown to the Bible were interred with startling riches and the remains of sacrificed retainers around 2500 bc.",ch8-n42,"These mounds are the great material accretions of human life and death known by the Arabic word tell, built up through successive foundation and collapse of mud-brick architecture over tens or often hundreds of generations.",,
M0224,S048,Uruk,Uruk,L2821,2821,2821,Chapter 8: Imaginary Cities,chapter,8,"Some of the clearest evidence comes from between the ninth and seventh centuries bc. Assyrian emperors like Sennacherib and Ashurbanipal have been famous since biblical times for their brutality, creating monuments that boasted of the bloody vengeance they carried out against rebels. But when dealing with loyal subjects they were strikingly hands-off, often granting near-total autonomy to citizen bodies that made decisions collectively.55 We know this because governors stationed far from the Assyrian court, in southern Mesopotamia’s major cities – Babylon, Nippur, Uruk, Ur, and so on – sent letters to their overlords. Many of these were letters recovered by archaeologists during the excavation of royal archives at the ancient imperial capital of Nineveh. In them, city governors relay information to the Assyrian court about decisions made by civic councils. We learn the ‘will of the people’ on matters ranging from foreign policy to the election of governors; also, that citizen bodies sometimes took matters into their own hands, raising soldiers or taxes to support civic projects, and playing their overlords off against each other.",ch8-n55,Barjamovic 2004: 52.,,
M0225,S048,Uruk,Warka | Erech | Uruk,L2833,2833,2833,Chapter 8: Imaginary Cities,chapter,8,"So, far from needing rulers to manage urban life, it seems most Mesopotamian urbanites were organized into autonomous self-governing units, which might react to offensive overlords either by driving them out or by abandoning the city entirely. None of this necessarily answers the question, ‘what was the nature of government in Mesopotamian cities before the appearance of kingship?’ (though it’s certainly suggestive). Instead, the answers depend to a slightly alarming degree on discoveries from a single site: the city of Uruk – modern Warka, biblical Erech – whose later mythology inspired Jacobsen’s original search for ‘primitive democracy’.62",ch8-n62,"To reconstruct early urban political systems in Mesopotamia, Jacobsen relied especially on the story of ‘Gilgamesh and Agga’, a brief epic composition about the war between Uruk and Kish, which describes a city council divided into two chambers.",,
M0226,S048,Uruk,Uruk,L2838,2838,2838,Chapter 8: Imaginary Cities,chapter,8,"At 3300 bc, Uruk was a city of around 200 hectares, dwarfing her neighbours on the southern Mesopotamian floodplain. Estimates of Uruk’s population at this time range widely, between 20,000 and 50,000. The first residential quarters are built over by later urban settlement, which continued down to the time of Alexander the Great in the fourth century bc.63 Cuneiform script may well have been invented at Uruk, around 3300 bc, and we can see its early stages of development in numerical tablets and other forms of administrative notation. Bookkeeping in the city’s temples was writing’s main function at that point.64 Thousands of years later, it was also in the temples of Uruk that cuneiform script finally passed into obsolescence, by which time it had been elaborated to record, among other things, the world’s earliest written literature and law codes.",ch8-n63 | ch8-n64,"Hence population estimates for the fourth millennium bc city are based almost entirely on topographical surveys and distributions of surface finds (see Nissen 2002). | Nissen, Damerow and Englund 1993.",Nissen 2002,"Nissen, Hans. 2002. ‘Uruk: key site of the period and key site of the problem.’ In N. Postgate (ed.), Artefacts of Complexity: Tracking the Uruk in the Near East. London: British School of Archaeology in Iraq, pp. 1–16."
M0227,S048,Uruk,Uruk,L2840,2840,2840,Chapter 8: Imaginary Cities,chapter,8,"What do we know about the original city of Uruk? By the late fourth millennium bc it had a high acropolis, much of which was taken up by the raised public district called Eanna, ‘House of Heaven’, dedicated to the Goddess Inanna. On its summit stood nine monumental buildings, of which only the foundations of imported limestone survive, together with bits of stairwells and fragments of columned halls decorated with coloured mosaic. The roofs of these broad civic structures must originally have been constructed of exotic timbers, brought by river barge from the ‘Cedar Forest’ of Syria, which form the backdrop to the Mesopotamian Epic of Gilgamesh.",,,,
M0228,S048,Uruk,Uruk,L2842,2842,2842,Chapter 8: Imaginary Cities,chapter,8,"For the urban historian, Uruk remains something of a strange fruit. A bit like a Ukrainian mega-site in reverse, its oldest known architectural layout is all core with no surrounding flesh, since we know almost nothing of the residential districts beyond the Eanna precinct, which were ignored by early excavators at the site. In other words, we glimpse something of the city’s public sector, but as yet we have no private sector against which to define it. Still, let’s press on with what we do know.",,,,
M0229,S048,Uruk,Uruk,L2844,2844,2844,Chapter 8: Imaginary Cities,chapter,8,"Most of these public buildings seem to have been great communal assembly halls, clearly modelled on the plan of ordinary households, but constructed as houses of the gods.65 There was also a Great Court comprising an enormous sunken plaza, 165 feet across, entirely surrounded by two tiers of benches and equipped with water channels to feed trees and gardens, which offered much-needed shade for open-air gatherings. This sort of arrangement – a series of magnificent, open temples accompanied by a congenial space for public meetings – is exactly what one might expect were Uruk to have been governed by a popular assembly; and, as Jacobsen emphasized, the Gilgamesh epic (which begins in Predynastic Uruk) does speak of such assemblies, including one reserved for the young men of the city.",ch8-n65,"Englund 1998: 32–41; Nissen 2002. A significant number of the monumental structures on the Eanna complex are spectacularly enlarged versions of a common household type (the so-called ‘tripartite house’ form) which is ubiquitous in villages of the preceding ‘Ubaid period of the fifth millennium bc. Specialists debate whether some of these buildings might have been private palaces rather than temples, but in fact they don’t resemble later palaces or temples very much. In essence, they are up-scaled versions of traditional house forms, where meetings of large numbers of people probably took place in the idiom of an extended family under the patronage of a deity-in-residence (Wengrow 1998; Ur 2014). The first compelling examples of palace architecture in cities of the southern Mesopotamian alluvium come only centuries later, in the Early Dynastic period (Moorey 1964).",Englund 1998 | Nissen 2002 | Wengrow 1998 | Ur 2014 | Moorey 1964,"Englund, Robert K. 1998. ‘Texts from the Late Uruk period.’ In J. Bauer, R. K. Englund and M. Krebernik (eds), Mesopotamien. Späturuk-Zeit und Frühdynastische Zeit. Göttingen: Vandenhoeck and Ruprecht. | Nissen, Hans. 2002. ‘Uruk: key site of the period and key site of the problem.’ In N. Postgate (ed.), Artefacts of Complexity: Tracking the Uruk in the Near East. London: British School of Archaeology in Iraq, pp. 1–16. | Wengrow, David. 1998. ‘The changing face of clay: continuity and change in the transition from village to urban life in the Near East.’ Antiquity 72: 783–95. | Ur, Jason. 2014. ‘Households and the emergence of cities in Ancient Mesopotamia.’ Cambridge Archaeological Journal 24: 249–68. | Moorey, P. R. S. 1964. ‘The “Plano-Convex Building” at Kish and Early Mesopotamian Palaces.’ Iraq 26 (2): 83–98."
M0230,S048,Uruk,Uruk,L2846,2846,2846,Chapter 8: Imaginary Cities,chapter,8,"To draw an obvious parallel: the Athenian agora in the time of Pericles (the fifth century bc) was also full of public temples, but the actual democratic assemblies took place in an open space called the Pnyx, a low hill equipped with seating for the Council of Five Hundred citizens, appointed – by sortition, with rotating membership – to run the everyday affairs of the city (all other citizens were expected to stand). Meetings at the Pnyx could involve anywhere between 6,000 and 12,000 people, groups comprising free adult males drawn from perhaps 20 per cent of the city’s total population. The Great Court at Uruk is considerably larger, and while we have little idea what the total population of Uruk was in, say, 3500 bc, it’s hard to imagine it was anywhere near that of classical Athens. This suggests a wider range of participation, which would make sense if women were not entirely excluded and if early Uruk did not, like later Athens, define some 30 per cent of its population as resident aliens with no voting rights, and up to 40 per cent as slaves.",,,,
M0231,S048,Uruk,Uruk,L2848,2848,2848,Chapter 8: Imaginary Cities,chapter,8,"Much of this remains speculative, but what’s clear is that in later periods things change. Around 3200 bc the original public buildings of the Eanna sanctuary were razed and covered with debris, and its sacred landscape redesigned around a series of gated courts and ziggurats. By 2900 bc, we have evidence for local kings of rival city-states battling it out for supremacy over Uruk, in response to which a five-and-a-half-mile fortification wall (whose building was later attributed to Gilgamesh) went up around the city’s perimeter. Within a few centuries, city rulers were setting themselves up as neighbours of the goddesses and the gods, building their own palatial houses on the doorstep to the House of Heaven and stamping their names into its sacred brickwork.66",ch8-n66,"See Crüsemann et al. (eds) 2019 for a magnificent survey of Uruk’s architectural development over the ages; although we note that their interpretation plays down those aspects of urban planning we would see as clearly relating to civic participation (especially with regard to the early phases of the Eanna sanctuary they tend to assume, even in the absence of written evidence, that any sort of grand architectural project must necessarily have been intended to establish the exclusivity of a ruling elite).",,
M0232,S048,Uruk,Uruk,L2860,2860,2860,Chapter 8: Imaginary Cities,chapter,8,"What Uruk is really famous for is writing. It is the first city for which we have extensive written records, and some of these documents do date back to the period before royal rule. Unfortunately, while they can be read, they are also extremely difficult to interpret.",,,,
M0233,S048,Uruk,Uruk,L2874,2874,2874,Chapter 8: Imaginary Cities,chapter,8,"Of course, Uruk’s inhabitants didn’t have an explicit concept of ‘the economy’ – no one did until very recent times. For Sumerians, the ultimate purpose of all these factories and workshops was to provide the gods and goddesses of the city with an illustrious residence where they would receive offerings of food, fine clothing and care, which also meant servicing their cult and organizing their festivals. The latter activity was probably depicted on the Uruk Vase, one of the few surviving examples of narrative art from this early period, whose carved decoration shows a number of identical nude males parading behind one larger male figure to the temple precinct of the Goddess Inanna with their yield of field, orchard and flock.73",ch8-n73,"On the Uruk Vase the figure of the goddess, probably Inanna, is larger than the males who march towards her. The only exception is the figure who approaches her directly, at the head of the parade, which is mostly lost due to a break in the vessel but is most likely the same standard male figure that appears on cylinder seals and other monuments of the time with his characteristic beard, hair gathered into a chignon, and long woven garments. It is impossible to tell what status this male figure refers to, or if it was occupied on a hereditary or rotating basis. The goddess wears a long robe, which almost completely disguises the contours of her body, while the smaller male figures appear nude, and arguably sexualised (Wengrow 1998: 792; Bahrani 2002).",Wengrow 1998 | Bahrani 2002,"Wengrow, David. 1998. ‘The changing face of clay: continuity and change in the transition from village to urban life in the Near East.’ Antiquity 72: 783–95. | Bahrani, Zeinab. 2002. ‘Performativity and the image: narrative, representation and the Uruk vase.’ In E. Ehrenberg (ed.), Leaving No Stones Unturned: Essays on the Ancient Near East and Egypt in Honor of Donald P. Hansen. Winona Lake, Indiana: Eisenbrauns, pp. 15–22."
M0234,S048,Uruk,Uruk,L2876,2876,2876,Chapter 8: Imaginary Cities,chapter,8,"It’s not entirely clear who the larger, leading male figure – or ‘Uruk man’, as he’s sometimes called in the literature – is supposed to be. According to the much later story of Gilgamesh, which is set in Uruk, one of the leaders of the youth assembly did manage to catapult himself into the position of lugal, or king – but if anything like this happened it left no trace in the written records of the fourth millennium bc, since lists of Uruk office holders have been found, dating to that time, and lugal is not among them. (The term only shows up much later, around 2600 bc, at a time when there are also palaces and other clear signs of royalty.) There is no reason to think that monarchy – ceremonial or otherwise – played any significant role in the earliest cities of southern Mesopotamia. Quite the opposite, in fact.74",ch8-n74,See Yoffee 1995; Van de Mieroop 2013: 283–4.,Yoffee 1995 | Mieroop 2013,"Yoffee, Norman. 1995. ‘The political economy of early Mesopotamian states.’ Annual Review of Anthropology 24: 281–311. | Mieroop, Marc Van De. 2013. ‘Democracy and the rule of law, the assembly, and the first law code.’ In Crawford (ed.), pp. 277–89."
M0235,S048,Uruk,Uruk,L2878,2878,2878,Chapter 8: Imaginary Cities,chapter,8,"Yet it’s also clear that early inscriptions prise open only a very narrow window on urban life. We know something about the mass production of woollen garments and other commodities in temples; we can also infer that – somehow or other – these woollens and other temple manufactures were being traded for wood, metal and precious stone that were not available in the river valleys, but abounded in the surrounding high country. We know little about how this trade was organized in its earliest days, but we do know from archaeological evidence that Uruk was establishing colonies, tiny versions of itself, at many strategic points along the trade routes. Uruk colonies appear to have been both commercial outposts and religious centres, and traces of them are found as far north as the Taurus Mountains and as far east as the Iranian Zagros.75",ch8-n75,See Algaze 1993. There is no hint of these colonies in the administrative correspondence of the mother-city (and writing was hardly used in the colonies themselves).,Algaze 1993,"Algaze, Guillermo. 1993. The Uruk World System: The Dynamics of Expansion of Early Mesopotamian Civilization. Chicago: University of Chicago Press."
M0236,S048,Uruk,Uruk,L2880,2880,2880,Chapter 8: Imaginary Cities,chapter,8,"‘Uruk expansion’, as it is called in the archaeological literature, is puzzling. There’s no real evidence of violent conquest, no weapons or fortifications, yet at the same time there seems to have been an effort to transform – in effect, to colonize – the lives of nearby peoples, to disseminate the new habits of urban life. In this, the emissaries of Uruk seem to have proceeded with an almost missionary zeal. Temples were established, and with them new sorts of clothing, new dairy products, wines and woollens were disseminated to local populations. While these products might not have been entirely novel, what the temples introduced was the principle of standardization: urban temple-factories were literally outputting products in uniform packages, with the houses of the gods guaranteeing purity and quality control.76",ch8-n76,"In essence, these were the sacred origins of what we now call commodity branding; see Wengrow 2008.",Wengrow 2008,"Wengrow, David. 2008. ‘Prehistories of commodity branding.’ Current Anthropology 49 (1): 7–34."
M0237,S048,Uruk,Uruk,L2884,2884,2884,Chapter 8: Imaginary Cities,chapter,8,"Perhaps the most revealing site, in this respect, is called Arslantepe – the ‘Hill of the Lion’, in the Malatya Plain of eastern Turkey. Around the same time Uruk was becoming a large city, Arslantepe was coming into its own as a regional centre of some significance, where the upper reaches of the Euphrates arc towards the Anti-Taurus Mountains, with their rich sources of metal and timber. The site may have started life as some kind of seasonal trade fair; at nearly 3,300 feet above sea level, it was likely snowed in over the winter months. Even at its peak it was never larger than five hectares, and there were probably never more than a few hundred people actually living on the spot. Within those five hectares, however, archaeologists have unearthed evidence for a remarkable sequence of political developments.77",ch8-n77,See Frangipane 2012.,Frangipane 2012,"Frangipane, Marcella. 2012. ‘Fourth millennium Arslantepe: the development of a centralized society without urbanization.’ Origini 34: 19–40."
M0238,S048,Uruk,Uruk,L2886,2886,2886,Chapter 8: Imaginary Cities,chapter,8,"The story of Arslantepe begins around 3300 bc, when a temple was built on the site. This temple resembled those of Uruk and her colonies, with storage areas for food and carefully arranged archives of administrative seals, just as in any temple of the Mesopotamian floodplain. But within a few generations the temple was dismantled, and in its place was built a massive private structure enclosing a grand audience chamber and living quarters, as well as storage areas, including an armoury. An assemblage of swords and spearheads – finely crafted of arsenic-rich copper and quite unlike anything found in public buildings of the lowlands at this time – signals not only control over, but a celebration of the means to enact violence: a new aesthetics of personal combat and killing. The excavators have labelled this building the world’s ‘earliest known palace’.",,,,
M0239,S048,Uruk,Uruk,L2900,2900,2900,Chapter 8: Imaginary Cities,chapter,8,"It goes without saying that we cannot possibly hope to trace all these various tendencies back into periods for which no written testimony exists. But it is equally clear that, insofar as modern archaeology allows us to identify an ultimate origin for ‘heroic societies’ of this sort, it is to be found precisely on the spatial and cultural margins of the world’s first great urban expansion (indeed, some of the earliest aristocratic tombs in the Turkish highlands were dug directly into the ruins of abandoned Uruk colonies).82 Aristocracies, perhaps monarchy itself, first emerged in opposition to the egalitarian cities of the Mesopotamian plains, for which they likely had much the same mixed but ultimately hostile and murderous feelings as Alaric the Goth would later have towards Rome and everything it stood for, Genghis Khan towards Samarkand or Merv, or Timur towards Delhi.",ch8-n82,"Largely as predicted, in fact, by Andrew Sherratt (1996); and see also Wengrow 2011. Where urban and upland societies converged, a third element emerged which resembles neither the tribal aristocracies nor the more egalitarian cities. Archaeologists know this other element as the Kura-Araxes or Transcaucasian culture, but it has proved hard to define in terms of settlement types, which vary widely within it. For archaeologists, what identifies the Transcaucasian culture above all is its highly burnished pottery, which achieved a remarkable distribution extending south from the Caucasus as far as the Jordan valley. Over such considerable distances, methods for making pottery and other distinctive craft products stayed remarkably constant, suggesting to some the migration of artisans, and perhaps even whole communities, to settle in remote locations. Such diaspora groups seem to have been widely involved in the circulation and working of metals, especially copper. They carried with them certain other distinctive practices such as the use of portable cooking hobs, sometimes decorated with faces, which supported lidded pots used to prepare a cuisine based on stews and casseroles: a somewhat eccentric practice in regions where roasting and baking food in fixed ovens was an age-old practice going back to Neolithic times (see Wilkinson 2014, with further references).",Wengrow 2011 | Wilkinson 2014,"Wengrow, David. 2011. ‘Archival and sacrificial economies in Bronze Age Eurasia: an interactionist approach to the hoarding of metals.’ In T. Wilkinson, D. J. Bennet and S. Sherratt (eds), Interweaving Worlds. Oxford: Oxbow Books, pp. 135–44. | Wilkinson, Toby. 2014. ‘The Early Transcaucasian phenomenon in structural-systemic perspective: cuisine, craft and economy.’ Paléorient 40 (2): 203–29."
M0240,S048,Uruk,Uruk,L2905,2905,2905,Chapter 8: Imaginary Cities,chapter,8,"Fast-forward now 1,000 years from the Uruk expansion to around 2600 bc. On the banks of the Indus River, in what is today the Pakistani province of Sindh, a city was founded on virgin soil: Mohenjo-daro. It remained there for 700 years.83 The city is considered the greatest expression of a new form of society that flourished in the valley of the Indus at the time; a form of society which archaeologists have come to know simply as the ‘Indus’ or ‘Harappan’ civilization. It was South Asia’s first urban culture. Here we will find further evidence that Bronze Age cities – the world’s first large-scale, planned human settlements – could emerge in the absence of ruling classes and managerial elites; but those of the Indus valley also present some uniquely puzzling features, which archaeologists have debated for more than a century.84 Let’s introduce both the problem and its key locus – the site of Mohenjo-daro – in a little more detail.",ch8-n83 | ch8-n84,"Recent work attributes the eventual decline of the Indus civilization to changes in the flood regime of the major river systems, prompted by alterations in the monsoon cycle. This is most evident in the drying-up of the Ghaggar-Hakra, once a major course of the Indus, and a shift of human settlement to more easily watered areas where the Indus meets the rivers of Punjab, or to parts of the Indo-Gangetic plain which still fell within the catchment of the monsoon belt; Giosan et al. 2012. | For a review of the debates see Green (2020), who develops an argument that the Indus civilization was a case of egalitarian cities, but along rather different lines to our own.",Giosan 2012 | Green 2020,"Giosan, Liviu et al. 2012. ‘Fluvial landscapes of the Harappan civilization.’ PNAS: E1688–E1694. | Green, Adam S. 2020. ‘Killing the priest-king: addressing egalitarianism in the Indus civilization.’ Journal of Archaeological Research. https://doi.org/10.1007/s10814-020-09147-9"
M0241,S048,Uruk,Uruk,L2952,2952,2952,Chapter 8: Imaginary Cities,chapter,8,"So far in this chapter we’ve looked at what happened when cities first appeared in three distinct parts of Eurasia. In each case, we noted the absence of monarchs or any evidence of a warrior elite, and the corresponding likelihood that each had instead developed institutions of communal self-governance. Within those broad parameters, each regional tradition was very different. Contrasts between the expansion of Uruk and the Ukrainian mega-sites illustrate this point with particular clarity. Both appear to have developed an ethos of explicit egalitarianism – but it took strikingly different forms in each.",,,,
M0242,S048,Uruk,Uruk,L2958,2958,2958,Chapter 8: Imaginary Cities,chapter,8,"It’s important to stress that we are not arguing that the very first cities to appear in any region of the world were invariably founded on egalitarian principles (in fact, we will shortly see a perfect counter-example). What we are saying is that archaeological evidence shows this to have been a surprisingly common pattern, which goes against conventional evolutionary assumptions about the effects of scale on human society. In each of the cases we’ve considered so far – Ukrainian mega-sites, Uruk Mesopotamia, the Indus valley – a dramatic increase in the scale of organized human settlement took place with no resulting concentration of wealth or power in the hands of ruling elites. In short, archaeological research has shifted the burden of proof on to those theorists who claim causal connections between the origins of cities and the rise of stratified states, and whose claims now look increasingly hollow.",,,,
M0243,S048,Uruk,Uruk,L3025,3025,3025,Chapter 9: Hiding in Plain Sight,chapter,9,"We don’t actually know if Teotihuacan was, like Rome, the centre of a great empire, but even conservative estimates place its population at around 100,0006 (perhaps as much as five times the likely population of Mohenjo-daro, Uruk or any of the other early Eurasian cities we discussed in the last chapter). At its zenith, there were probably at least a million people distributed across the Valley of Mexico and surrounding lands, many of whom had only visited the great city once, or perhaps only knew someone who had, but nonetheless considered Teotihuacan the most important place in the entire world.",,,,
M0244,S048,Uruk,Uruk,L3029,3029,3029,Chapter 9: Hiding in Plain Sight,chapter,9,"At this point, the reader can probably guess what’s coming. All the evidence suggests that Teotihuacan had, at its height of its power, found a way to govern itself without overlords – as did the much earlier cities of prehistoric Ukraine, Uruk-period Mesopotamia and Bronze Age Pakistan. Yet it did so with a very different technological foundation, and on an even larger scale.",,,,
M0245,S048,Uruk,Uruk,L3265,3265,3265,Chapter 10: Why the State Has No Origin,chapter,10,"As we’ve already seen in Chapter Eight, these assumptions don’t hold up particularly well for the earliest cities. Early Uruk, for example, does not appear to have been a ‘state’ in any meaningful sense of the word; what’s more, when top-down rule does emerge in the region of ancient Mesopotamia, it’s not in the ‘complex’ metropolises of the lowland river valleys, but among the small, ‘heroic’ societies of the surrounding foothills, which were averse to the very principle of administration and, as a result, don’t seem to qualify as ‘states’ either. If there is a good ethnographic parallel for these latter groups it might be the societies of the Northwest Coast, since there too political leadership lay in the hands of a boastful and vainglorious warrior aristocracy, competing in extravagant contests over titles, treasures, the allegiance of commoners and the ownership of slaves. Recall, here, that Haida, Tlingit and the rest not only lacked anything that could be called a state apparatus; they lacked any kind of formal governmental institutions.1",ch10-n1,"Lévi-Strauss (1987) referred to Northwest Coast societies as ‘house’ societies, that is, ones where kinship was organized around noble households, which were precisely the holders of titles and heirloom treasures (as well as slaves, and the loyalty of retainers). This arrangement seems typical of heroic societies more generally; the palace at Arslantepe, which we described in Chapter Eight, is most likely just a more elaborate version of the same thing. There is a direct line from here to what Weber called ‘patrimonial’ and ‘prebendal’ forms of governance, where entire kingdoms or even empires are imagined as extensions of a single royal household.",Lévi-Strauss 1987,"Lévi-Strauss, Claude. 1987. Anthropology and Myth: Lectures 1951–1982. Oxford: Blackwell."
M0246,S048,Uruk,Uruk,L3408,3408,3408,Chapter 10: Why the State Has No Origin,chapter,10,"Even in the Maya case, to describe the entire period between ad 900 and 1520 as ‘Post-Classic’ is to suggest that the only really significant thing about it is the degree to which it can be seen as the waning of a Golden Age. In a similar way, terms like ‘Proto-palatial Crete’, ‘Predynastic Egypt’ or ‘Formative Peru’ convey a sense of impatience, as if Minoans, Egyptians or Andean peoples spent centuries doing little but laying the groundwork for such a Golden Age – and, it is implied, for strong, stable government – to come about.33 We’ve already seen how this played out in Uruk, where at least seven centuries of collective self-rule (also termed ‘Predynastic’ in earlier scholarship) comes to be written off as a mere prelude to the ‘real’ history of Mesopotamia – which is then presented as a history of conquerors, dynasts, lawgivers and kings.",ch10-n33,"In continental Europe, there’s an entire category of scholarship known as ‘proto-history’ which describes the study of peoples like the Scythians, Thracians or Celts, who briefly break into the light of history through the writings of Greek or Roman colonizers, only to fizzle back out again when the literate gaze turns elsewhere.",,
M0247,S048,Uruk,Uruk,L3462,3462,3462,Chapter 10: Why the State Has No Origin,chapter,10,"Monumental centres of some kind were already appearing in the Rio Supe region in the third millennium bc.47 Later, between 1000 and 200 bc, a single centre – at Chavín de Huántar, in the northern highlands of Peru – extended its influence over a much larger area.48 This ‘Chavín horizon’ gave way to three distinct regional cultures. In the central highlands arose a militarized polity known as Wari. In parallel, on the shores of Lake Titicaca, a metropolis called Tiwanaku – at 420 hectares, roughly twice the size of Uruk or Mohenjo-daro – took form, using an ingenious system of raised fields to grow its crops on the freezing heights of the Bolivian altiplano.49 On the north coast of Peru, a third culture, known as Moche, displays striking funerary evidence of female leadership: lavish tombs of warrior-priestesses and queens, drenched in gold and flanked by human sacrifices.50",ch10-n47 | ch10-n48 | ch10-n49 | ch10-n50,As we saw in Chapter Eight. | See Conklin and Quilter (eds) 2008. | See Isbell 2008. | See Quilter 2002; Castillo Butters 2005.,Isbell 2008 | Quilter 2002 | Butters 2005,"Isbell, William H. 2008. ‘Wari and Tiwanaku: international identities in the Central Andean Middle Horizon.’ In H. Silverman and W. H. Isbell (eds), The Handbook of South American Archaeology. New York: Springer, pp. 731–59. | Quilter, Jeffrey. 2002. ‘Moche politics, religion, and warfare.’ Journal of World Prehistory 16 (2): 145–95. | Castillo Butters, Luis Jaime. 2005. ‘Las Señoras de San José de Moro: Rituales funerarios de mujeres de élite en la costa norte del Perú.’ In Divina y humana. La mujer en los antiguos Perú y México. Lima: Ministerio de Educación, pp. 18–29."
M0248,S048,Uruk,Uruk,L3727,3727,3727,Chapter 10: Why the State Has No Origin,chapter,10,"The best example of such a site is Tell Sabi Abyad, investigated by a team of Dutch archaeologists working in Syria’s Balikh valley in the province of Raqqa. Around 8,000 years ago (c.6200 bc), in what was prehistoric Mesopotamia, a one-hectare village was destroyed there by fire, baking its mud walls and many of their clay contents, thus preserving them. While obviously a very bad bit of luck for the inhabitants, it was a stroke of brilliant luck for future researchers, since it has left us a unique insight into the organization of a Late Neolithic community, comprising perhaps around 150 individuals.117 What the excavators discovered is that not only did the inhabitants of this village erect central storage facilities, including granaries and warehouses; they also employed administrative devices of some complexity to keep track of what was in them. These devices included economic archives, which were miniature precursors to the temple archives at Uruk and other later Mesopotamian cities.",ch10-n117,Akkermans (ed.) 1996.,,
M0249,S048,Uruk,Uruk,L3753,3753,3753,Chapter 10: Why the State Has No Origin,chapter,10,"In the Middle East, very similar things appear to have happened in later periods of history. Most famously, perhaps, the books of the Prophets in the Hebrew Bible preserve memories of powerful protests that ensued as demands for tribute drove farmers into penury, forced them to pawn their flocks and vineyards, and ultimately surrender their children into debt peonage. Or wealthy merchants and administrators took advantage of crop failures, floods, natural disasters or neighbours’ simple bad luck to offer interest-bearing loans that led to the same results. Similar complaints are recorded in China and India as well. The first establishment of bureaucratic empires is almost always accompanied by some kind of system of equivalence run amok. This is not the place to outline a history of money and debt131 – only to note that it’s no coincidence that societies like those of Uruk-period Mesopotamia were, simultaneously, commercial and bureaucratic. Both money and administration are based on similar principles of impersonal equivalence. What we wish to emphasize at this point is how frequently the most violent inequalities seem to arise, in the first instance, from such fictions of legal equality. All citizens of a city, or all worshippers of its god, or all subjects of its king were considered ultimately the same – at least in that one specific way. The same laws, the same rights, the same responsibilities applied to all of them, whether as individuals or, in later and more patriarchal times, as families under the aegis of some paterfamilias.",ch10-n131,"For which see Debt: The First 5000 Years, by one of the authors of the present volume (Graeber 2011); and also Hudson 2018.",Graeber 2011 | Hudson 2018,"Graeber, David. 2011. Debt: The First 5,000 Years. New York: Melville House. | Hudson, Michael. 2018. And Forgive Them Their Debts: Lending, Foreclosure, and Redemption from Bronze Age Finance to the Jubilee Year. Dresden: ISLET-Verlag."
M0250,S048,Uruk,Uruk,L4413,4413,4413,Chapter 12: Conclusion,chapter,12,"In the course of writing this book, we have tried to strike a certain balance. It would be intuitive for an archaeologist and an anthropologist, immersed in our subject matter, to take on all the scholarly views about, say, Stonehenge, the ‘Uruk expansion’ or Iroquoian social organization and explain our preference for one interpretation over another, or venture a different one. This is how the search for truth is normally conducted in the academy. But had we tried to outline or refute every existing interpretation of the material we covered, this book would have been two or three times the size, and likely would have left the reader with a sense that the authors are engaged in a constant battle with demons who were in fact two inches tall. So instead we have tried to map out what we think really happened, and to point out the flaws in other scholars’ arguments only insofar as they seemed to reflect more widespread misconceptions.",,,,
M0251,S048,Uruk,Uruk,L4421,4421,4421,Chapter 12: Conclusion,chapter,12,"Not only do such views lack a sound basis in human psychology. They are also difficult to reconcile with archaeological evidence of how cities actually began in many parts of the world: as civic experiments on a grand scale, which frequently lacked the expected features of administrative hierarchy and authoritarian rule. We do not possess an adequate terminology for these early cities. To call them ‘egalitarian’, as we’ve seen, could mean quite a number of different things. It might imply an urban parliament and co-ordinated projects of social housing, as with some pre-Columbian centres in the Americas; or the self-organizing of autonomous households into neighbourhoods and citizens’ assemblies, as with prehistoric mega-sites north of the Black Sea; or, perhaps, the introduction of some explicit notion of equality based on principles of uniformity and sameness, as in Uruk-period Mesopotamia.",,,,
M0252,S048,Uruk,Uruk,L4427,4427,4427,Chapter 12: Conclusion,chapter,12,"Elsewhere, early cities followed the opposite trajectory, starting with neighbourhood councils and popular assemblies and ending up being ruled by warlike dynasts, who then had to maintain an uneasy coexistence with older institutions of urban governance. Something along these lines took place in Early Dynastic Mesopotamia, after the Uruk period: here again the convergence between systems of violence and systems of care seems critical. Sumerian temples had always organized their economic existence around the nurturing and feeding of the gods, embodied in their cult statues, which became surrounded by a whole industry and bureaucracy of welfare. Even more crucially, temples were charitable institutions. Widows, orphans, runaways, those exiled from their kin groups or other support networks would take refuge there: at Uruk, for example, in the Temple of Inanna, protective goddess of the city, overlooking the great courtyard of the city’s assembly.",,,,
M0253,S048,Uruk,Uruk,L5460,5460,5460,Notes to Chapter 8: Imaginary Cities,notes,8,"62. To reconstruct early urban political systems in Mesopotamia, Jacobsen relied especially on the story of ‘Gilgamesh and Agga’, a brief epic composition about the war between Uruk and Kish, which describes a city council divided into two chambers.",ch8-n62,"To reconstruct early urban political systems in Mesopotamia, Jacobsen relied especially on the story of ‘Gilgamesh and Agga’, a brief epic composition about the war between Uruk and Kish, which describes a city council divided into two chambers.",,
M0254,S048,Uruk,Uruk,L5468,5468,5468,Notes to Chapter 8: Imaginary Cities,notes,8,"66. See Crüsemann et al. (eds) 2019 for a magnificent survey of Uruk’s architectural development over the ages; although we note that their interpretation plays down those aspects of urban planning we would see as clearly relating to civic participation (especially with regard to the early phases of the Eanna sanctuary they tend to assume, even in the absence of written evidence, that any sort of grand architectural project must necessarily have been intended to establish the exclusivity of a ruling elite).",ch8-n66,"See Crüsemann et al. (eds) 2019 for a magnificent survey of Uruk’s architectural development over the ages; although we note that their interpretation plays down those aspects of urban planning we would see as clearly relating to civic participation (especially with regard to the early phases of the Eanna sanctuary they tend to assume, even in the absence of written evidence, that any sort of grand architectural project must necessarily have been intended to establish the exclusivity of a ruling elite).",,
M0255,S048,Uruk,Uruk,L5476,5476,5476,Notes to Chapter 8: Imaginary Cities,notes,8,"70. Bartash 2015. There is a possibility some were already slaves or war captives at this time (Englund 2009), and as we’ll see, this becomes much more commonplace later; indeed, it is possible that what was originally a charitable organization gradually transformed as captives were added to the mix. For the demographic composition of the temple workforce in the Uruk period see also Liverani 1998.",ch8-n70,"Bartash 2015. There is a possibility some were already slaves or war captives at this time (Englund 2009), and as we’ll see, this becomes much more commonplace later; indeed, it is possible that what was originally a charitable organization gradually transformed as captives were added to the mix. For the demographic composition of the temple workforce in the Uruk period see also Liverani 1998.",Bartash 2015 | Englund 2009 | Liverani 1998,"Bartash, Vitali. 2015. ‘Children in institutional households of Late Uruk period Mesopotamia.’ Zeitschrift für Assyriologie 105 (2): 131–8. | Englund, Robert K. 2009. ‘The smell of the cage.’ Cuneiform Digital Library 4. | Liverani, Mario (ed. and transl. Z. Bahrani and M. Van De Mieroop). 1998. Uruk. The First City. Sheffield: Equinox."
M0256,S048,Uruk,Uruk,L5482,5482,5482,Notes to Chapter 8: Imaginary Cities,notes,8,"73. On the Uruk Vase the figure of the goddess, probably Inanna, is larger than the males who march towards her. The only exception is the figure who approaches her directly, at the head of the parade, which is mostly lost due to a break in the vessel but is most likely the same standard male figure that appears on cylinder seals and other monuments of the time with his characteristic beard, hair gathered into a chignon, and long woven garments. It is impossible to tell what status this male figure refers to, or if it was occupied on a hereditary or rotating basis. The goddess wears a long robe, which almost completely disguises the contours of her body, while the smaller male figures appear nude, and arguably sexualised (Wengrow 1998: 792; Bahrani 2002).",ch8-n73,"On the Uruk Vase the figure of the goddess, probably Inanna, is larger than the males who march towards her. The only exception is the figure who approaches her directly, at the head of the parade, which is mostly lost due to a break in the vessel but is most likely the same standard male figure that appears on cylinder seals and other monuments of the time with his characteristic beard, hair gathered into a chignon, and long woven garments. It is impossible to tell what status this male figure refers to, or if it was occupied on a hereditary or rotating basis. The goddess wears a long robe, which almost completely disguises the contours of her body, while the smaller male figures appear nude, and arguably sexualised (Wengrow 1998: 792; Bahrani 2002).",Wengrow 1998 | Bahrani 2002,"Wengrow, David. 1998. ‘The changing face of clay: continuity and change in the transition from village to urban life in the Near East.’ Antiquity 72: 783–95. | Bahrani, Zeinab. 2002. ‘Performativity and the image: narrative, representation and the Uruk vase.’ In E. Ehrenberg (ed.), Leaving No Stones Unturned: Essays on the Ancient Near East and Egypt in Honor of Donald P. Hansen. Winona Lake, Indiana: Eisenbrauns, pp. 15–22."
M0257,S049,Harappa,Harappa,L1444,1444,1444,"Chapter 4: Free People, the Origin of Cultures, and the Advent of Private Property",chapter,4,"Archaeologists believe these structures at Poverty Point formed a monumental precinct that once extended over 200 hectares, flanked by two enormous earthen mounds (the so-called Motley and Lower Jackson Mounds) which lie respectively north and south. To clarify what this means, it’s worth noting that the first Eurasian cities – early centres of civic life like Uruk in southern Iraq, or Harappa in the Punjab – began as settlements of roughly 200 hectares in total. Which is to say that their entire layout could fit quite comfortably within the ceremonial precinct of Poverty Point. Like those early Eurasian cities, Poverty Point sprang from a great river, since transport by water, particularly of bulk goods, was in early times infinitely easier than transport by land. Like them, it formed the core of a much larger sphere of cultural interaction. People and resources came to Poverty Point from hundreds of miles away, as far north as the Great Lakes and from the Gulf of Mexico to the south.",,,,
M0258,S049,Harappa,Harappa,L1450,1450,1450,"Chapter 4: Free People, the Origin of Cultures, and the Advent of Private Property",chapter,4,"What we do know is that Poverty Point arrows and spearheads come in rich hues of red, black, yellow and even blue stone, and these are only the colours we discern. Ancient classifications were no doubt more refined. If stones were being selected with such care, we can only begin to imagine what was going on with cords, fibres, medicines and any living thing in the landscape treated as potential food or poison. Another thing we can be quite sure of is that ‘trade’ is not a useful way to describe whatever was going on here. For one thing, trade goes two ways, and Poverty Point presents no clear evidence for exports, or indeed commodities of any sort. The absence is strikingly obvious to anyone who’s studied the remains of early Eurasian cities like Uruk and Harappa, which do seem to have been engaged in lively trade relations: these sites are awash with industrial quantities of ceramic packaging, and the products of their urban crafts are found far and wide.",,,,
M0259,S049,Harappa,Harappa,L2677,2677,2677,Chapter 8: Imaginary Cities,chapter,8,"Where there is evidence to be had, we also find differences. People who lived in cities often came from far away. The great city of Teotihuacan in the Valley of Mexico was already attracting residents from such distant areas as Yucatán and the Gulf Coast in the third or fourth century ad; migrants settled there in their own neighbourhoods, including a possible Maya district. Immigrants from across the great floodplains of the Indus buried their loved ones in the cemeteries of Harappa. Typically, ancient cities divided themselves into quarters, which often developed enduring rivalries, and this seems to have been true of the very first cities. Marked out by walls, gates or ditches, consolidated neighbourhoods of this sort were probably not different in any fundamental respect from their modern counterparts.13",ch8-n13,"For direct evidence of in-migration to Teotihuacan, based on isotopic studies of human remains, see White et al. 2008; for similar evidence at Harappa see Valentine et al. 2015. For a general discussion of neighbourhoods and their role in the formation of early cities, Smith 2015.",White 2008 | Valentine 2015 | Smith 2015,"White, Christine D. et al. 2008. ‘The Teotihuacan dream: an isotopic study of economic organization and immigration.’ Ontario Archaeology 85–8: 279–97. | Valentine, B. et al. 2015. ‘Evidence for patterns of selective urban migration in the Greater Indus Valley (2600–1900 bc): a lead and strontium isotope mortuary analysis.’ PLoS ONE 10 (4): e0123103. | Smith, Michael E. 2015. ‘Neighborhood formation in semi-urban settlements.’ Journal of Urbanism 8 (2): 173–98."
M0260,S049,Harappa,Harappa,L2909,2909,2909,Chapter 8: Imaginary Cities,chapter,8,"In the wider ambit of Indus civilization, there is only one rival to Mohenjo-daro: the site of Harappa (whence the alternative term ‘Harappan civilization’). Of similar magnitude, it lies about 370 miles upstream on the Ravi River, a tributary of the Indus. Many other sites of the same date and cultural family exist, ranging from large towns to hamlets. They extend over most of the area of modern-day Pakistan, and well beyond the floodplain of the Indus, into northern India. For instance, perched on an island amid the salt flats of the Great Rann of Kutch lie the striking remains of Dholavira, a town equipped with over fifteen brick-built reservoirs to capture rainwater and runoff from local streams. The Indus civilization had colonial outposts as far as the Oxus River in northern Afghanistan, where the site of Shortugai presents a miniature replica of its urban mother-culture: ideally placed to tap the rich mineral sources of the Central Asian highlands (lapis, tin and other gemstones and metals). Such materials were prized by lowland artisans and their commercial partners as far away as Iran, Arabia and Mesopotamia. At Lothal, on Gujarat’s Gulf of Khambhat, lie remains of a well-appointed port town facing the Arabian Sea, presumably built by Indus engineers to service maritime trade.86",ch8-n86,For an overview of the Indus valley’s far-flung commercial and cultural contacts in the Bronze Age see Ratnagar 2004; Wright 2010.,Ratnagar 2004 | Wright 2010,"Ratnagar, Shereen. 2004. Trading Encounters: From the Euphrates to the Indus in the Bronze Age. New Delhi: Oxford University Press. | Wright, Rita P. 2010. The Ancient Indus: Urbanism, Economy, and Society. New York: Cambridge University Press."
M0261,S049,Harappa,Harappa,L2913,2913,2913,Chapter 8: Imaginary Cities,chapter,8,"Aside from our inability to make sense of the Indus script, there are many puzzling aspects of Harappa and Mohenjo-daro. Both were excavated in the early twentieth century, when archaeology was a large-scale and broad-brush affair, with sometimes thousands of workers digging simultaneously. Rapid work on this scale produced striking spatial exposures of street plans, residential neighbourhoods and entire ceremonial precincts. But it largely neglected to chart the site’s development over time, a process that can only be disentangled with more careful methods. For instance, early excavators recorded just the baked-brick foundations of buildings. The superstructures were of softer mud-brick, often missed or unwittingly destroyed in the course of rapid digging; while the upper storeys of large civic structures were originally of fine timber, rotted or removed for reuse in antiquity. What seems in plan to be a single phase of urban construction is, in reality, a false composite made up of different elements from various periods of the city’s history – a city inhabited for over 500 years.88",ch8-n88,See Jansen 1993.,Jansen 1993,"Jansen, Michael. 1993. ‘Mohenjo-daro, type site of the earliest urbanization process in South Asia; ten years of research at Mohenjo-daro Pakistan and an attempt at a synopsis.’ In A. Parpola and P. Koskikallio (eds), South Asian Archaeology. Helsinki: Suomalainen Tiedeakatemia, pp. 263–80."
M0262,S049,Harappa,Harappa,L2931,2931,2931,Chapter 8: Imaginary Cities,chapter,8,"Clearly, we can’t just project the social world evoked in Sanskrit literature indiscriminately on to the much earlier Indus civilization. If the first South Asian cities were indeed organized on caste-like principles, then we would immediately have to acknowledge a major difference from the system of ranks described over a millennium later in Sanskrit texts, where second-highest status (just below brahmins) is reserved for the warrior caste known as kshatriyas. In the Bronze Age Indus valley there is no evidence of anything like a kshatriya class of warrior-nobles, nor of the kind of aggrandizing behaviour associated with such groups in later epic tales such as the Mahabharata or Ramayana. Even the largest cities, like Harappa and Mohenjo-daro, yield no evidence of spectacular sacrifices or feasts, no pictorial narratives of military prowess or celebrations of famous deeds, no sign of tournaments in which anyone vied over titles and treasures, no aristocratic burials. And if such things were going on in the Indus cities at the time, there would be ways to know.",,,,
M0263,S049,Harappa,Harappa,L5362,5362,5362,Notes to Chapter 8: Imaginary Cities,notes,8,"13. For direct evidence of in-migration to Teotihuacan, based on isotopic studies of human remains, see White et al. 2008; for similar evidence at Harappa see Valentine et al. 2015. For a general discussion of neighbourhoods and their role in the formation of early cities, Smith 2015.",ch8-n13,"For direct evidence of in-migration to Teotihuacan, based on isotopic studies of human remains, see White et al. 2008; for similar evidence at Harappa see Valentine et al. 2015. For a general discussion of neighbourhoods and their role in the formation of early cities, Smith 2015.",White 2008 | Valentine 2015 | Smith 2015,"White, Christine D. et al. 2008. ‘The Teotihuacan dream: an isotopic study of economic organization and immigration.’ Ontario Archaeology 85–8: 279–97. | Valentine, B. et al. 2015. ‘Evidence for patterns of selective urban migration in the Greater Indus Valley (2600–1900 bc): a lead and strontium isotope mortuary analysis.’ PLoS ONE 10 (4): e0123103. | Smith, Michael E. 2015. ‘Neighborhood formation in semi-urban settlements.’ Journal of Urbanism 8 (2): 173–98."
M0264,S050,Mohenjo-daro,Mohenjo-daro,L2706,2706,2706,Chapter 8: Imaginary Cities,chapter,8,"Yet, even now, in scholarly discussions about the origins of urbanism, these Ukrainian sites almost never come up. Indeed, the very use of the term ‘mega-site’ is a kind of euphemism, signalling to a wider audience that these should not be thought of as proper cities but as something more like villages that for some reason had expanded inordinately in size. Some archaeologists even refer to them outright as ‘overgrown villages’. How do we account for this reluctance to welcome the Ukrainian mega-sites into the charmed circle of urban origins? Why has anyone with even a passing interest in the origin of cities heard of Uruk or Mohenjo-daro, but almost no one of Taljanky?",,,,
M0265,S050,Mohenjo-daro,Mohenjo-daro,L2720,2720,2720,Chapter 8: Imaginary Cities,chapter,8,"So the Ukrainian and Moldovan mega-sites did not come out of thin air. They were the physical realization of an extended community that already existed long before its constituent units coalesced into large settlements. Some tens of these settlements have now been documented. The biggest currently known – Taljanky – extends over an area of 300 hectares, outspanning the earliest phases of the city of Uruk in southern Mesopotamia. It presents no evidence of central administration or communal storage facilities. Nor have any government buildings, fortifications or monumental architecture been found. There is no acropolis or civic centre; no equivalent to Uruk’s raised public district called Eanna (‘House of Heaven’) or the Great Bath of Mohenjo-daro.",,,,
M0266,S050,Mohenjo-daro,Mohenjo-daro,L2905,2905,2905,Chapter 8: Imaginary Cities,chapter,8,"Fast-forward now 1,000 years from the Uruk expansion to around 2600 bc. On the banks of the Indus River, in what is today the Pakistani province of Sindh, a city was founded on virgin soil: Mohenjo-daro. It remained there for 700 years.83 The city is considered the greatest expression of a new form of society that flourished in the valley of the Indus at the time; a form of society which archaeologists have come to know simply as the ‘Indus’ or ‘Harappan’ civilization. It was South Asia’s first urban culture. Here we will find further evidence that Bronze Age cities – the world’s first large-scale, planned human settlements – could emerge in the absence of ruling classes and managerial elites; but those of the Indus valley also present some uniquely puzzling features, which archaeologists have debated for more than a century.84 Let’s introduce both the problem and its key locus – the site of Mohenjo-daro – in a little more detail.",ch8-n83 | ch8-n84,"Recent work attributes the eventual decline of the Indus civilization to changes in the flood regime of the major river systems, prompted by alterations in the monsoon cycle. This is most evident in the drying-up of the Ghaggar-Hakra, once a major course of the Indus, and a shift of human settlement to more easily watered areas where the Indus meets the rivers of Punjab, or to parts of the Indo-Gangetic plain which still fell within the catchment of the monsoon belt; Giosan et al. 2012. | For a review of the debates see Green (2020), who develops an argument that the Indus civilization was a case of egalitarian cities, but along rather different lines to our own.",Giosan 2012 | Green 2020,"Giosan, Liviu et al. 2012. ‘Fluvial landscapes of the Harappan civilization.’ PNAS: E1688–E1694. | Green, Adam S. 2020. ‘Killing the priest-king: addressing egalitarianism in the Indus civilization.’ Journal of Archaeological Research. https://doi.org/10.1007/s10814-020-09147-9"
M0267,S050,Mohenjo-daro,Mohenjo-daro,L2907,2907,2907,Chapter 8: Imaginary Cities,chapter,8,"On first inspection, Mohenjo-daro bears out its reputation as the most completely preserved city of the Bronze Age world. There’s something staggering about it all: a brazen modernity, which was not lost on the first excavators of the site, who didn’t hesitate to designate certain areas ‘high streets’, ‘police barracks’ and so on (though much of this initial interpretation, as it turned out, was fantasy). Most of the city consists of the brick-built houses of the Lower Town, with its grid-like arrangement of streets, long boulevards and sophisticated drainage and sanitation systems (terracotta sewage pipes, private and public toilets and bathrooms were ubiquitous). Above these surprisingly comfortable arrangements loomed the Upper Citadel, a raised civic centre, also known (for reasons we’ll explain) as the Mound of the Great Bath. Though both parts of the city stood on massive artificial foundations of heaped earth, lifting them above the floodplain, the Upper Citadel was also encased in a wall of baked bricks made to standard dimensions which extended all the way round it, affording further protection when the Indus broke its banks.85",ch8-n85,"For general overviews of the Indus civilization, and further description of the major sites, see Kenoyer 1998; Possehl 2002; Ratnagar 2016.",Kenoyer 1998 | Possehl 2002 | Ratnagar 2016,"Kenoyer, J. M. 1998. Ancient Cities of the Indus Valley. Karachi: Oxford University Press. | Possehl, G. L. 2002. The Indus Civilization: A Contemporary Perspective. Walnut Creek, CA: AltaMira Press. | Ratnagar, Shereen. 2016. Harappan Archaeology: Early State Perspectives. Delhi: Primus Books."
M0268,S050,Mohenjo-daro,Mohenjo-daro,L2909,2909,2909,Chapter 8: Imaginary Cities,chapter,8,"In the wider ambit of Indus civilization, there is only one rival to Mohenjo-daro: the site of Harappa (whence the alternative term ‘Harappan civilization’). Of similar magnitude, it lies about 370 miles upstream on the Ravi River, a tributary of the Indus. Many other sites of the same date and cultural family exist, ranging from large towns to hamlets. They extend over most of the area of modern-day Pakistan, and well beyond the floodplain of the Indus, into northern India. For instance, perched on an island amid the salt flats of the Great Rann of Kutch lie the striking remains of Dholavira, a town equipped with over fifteen brick-built reservoirs to capture rainwater and runoff from local streams. The Indus civilization had colonial outposts as far as the Oxus River in northern Afghanistan, where the site of Shortugai presents a miniature replica of its urban mother-culture: ideally placed to tap the rich mineral sources of the Central Asian highlands (lapis, tin and other gemstones and metals). Such materials were prized by lowland artisans and their commercial partners as far away as Iran, Arabia and Mesopotamia. At Lothal, on Gujarat’s Gulf of Khambhat, lie remains of a well-appointed port town facing the Arabian Sea, presumably built by Indus engineers to service maritime trade.86",ch8-n86,For an overview of the Indus valley’s far-flung commercial and cultural contacts in the Bronze Age see Ratnagar 2004; Wright 2010.,Ratnagar 2004 | Wright 2010,"Ratnagar, Shereen. 2004. Trading Encounters: From the Euphrates to the Indus in the Bronze Age. New Delhi: Oxford University Press. | Wright, Rita P. 2010. The Ancient Indus: Urbanism, Economy, and Society. New York: Cambridge University Press."
M0269,S050,Mohenjo-daro,Mohenjo-daro,L2913,2913,2913,Chapter 8: Imaginary Cities,chapter,8,"Aside from our inability to make sense of the Indus script, there are many puzzling aspects of Harappa and Mohenjo-daro. Both were excavated in the early twentieth century, when archaeology was a large-scale and broad-brush affair, with sometimes thousands of workers digging simultaneously. Rapid work on this scale produced striking spatial exposures of street plans, residential neighbourhoods and entire ceremonial precincts. But it largely neglected to chart the site’s development over time, a process that can only be disentangled with more careful methods. For instance, early excavators recorded just the baked-brick foundations of buildings. The superstructures were of softer mud-brick, often missed or unwittingly destroyed in the course of rapid digging; while the upper storeys of large civic structures were originally of fine timber, rotted or removed for reuse in antiquity. What seems in plan to be a single phase of urban construction is, in reality, a false composite made up of different elements from various periods of the city’s history – a city inhabited for over 500 years.88",ch8-n88,See Jansen 1993.,Jansen 1993,"Jansen, Michael. 1993. ‘Mohenjo-daro, type site of the earliest urbanization process in South Asia; ten years of research at Mohenjo-daro Pakistan and an attempt at a synopsis.’ In A. Parpola and P. Koskikallio (eds), South Asian Archaeology. Helsinki: Suomalainen Tiedeakatemia, pp. 263–80."
M0270,S050,Mohenjo-daro,Mohenjo-daro,L2917,2917,2917,Chapter 8: Imaginary Cities,chapter,8,"But it’s this last point that leads us in more promising directions. Despite all its problems, Mohenjo-daro and its sister sites in the Punjab do offer some insights into the nature of civic life in the first cities of South Asia, and into the wider question that we posed at the start of this chapter: is there a causal relationship between scale and inequality in human societies?",,,,
M0271,S050,Mohenjo-daro,Mohenjo-daro,L2919,2919,2919,Chapter 8: Imaginary Cities,chapter,8,"Let’s consider, for a moment, what archaeology tells us about wealth distribution at Mohenjo-daro. Contrary to what we might expect, there is no concentration of material wealth on the Upper Citadel. Quite the opposite, in fact. Metals, gemstones and worked shell – for example – were widely available to households of the Lower Town; archaeologists have recovered such goods from caches beneath house floors, and bundles of them are scattered over every quarter of the site.90 The same goes for little terracotta figures of people wearing bangles, diadems and other flashy personal adornment. Not so the Upper Citadel.",ch8-n90,See Rissman 1988.,Rissman 1988,"Rissman, Paul. 1988. ‘Public displays and private values: a guide to buried wealth in Harappan archaeology.’ World Archaeology 20: 209–28."
M0272,S050,Mohenjo-daro,Mohenjo-daro,L2923,2923,2923,Chapter 8: Imaginary Cities,chapter,8,"Because of its lack of royal sculpture, or indeed other forms of monumental depiction, the Indus valley has been termed a ‘faceless civilization’.92 At Mohenjo-daro, it seems, the focus of civic life was not a palace or cenotaph, but a public facility for purifying the body. Brick-made bathing floors and platforms also were a standard fixture in most dwellings of the Lower Town. Citizens seem to have been familiar with very specific notions of cleanliness, with daily ablutions apparently forming part of their domestic routine. The Great Bath was, at one level, an outsized version of these residential washing facilities. On another level, though, life on the Upper Citadel seems to negate that of the Lower Town.",ch8-n92,"‘The Indus Civilization is something of a faceless sociocultural system. Individuals, even prominent ones, do not readily emerge from the archaeological record, as they do in Mesopotamia and Dynastic Egypt, for example. There are no clear signs of kingship in the form of sculpture or palaces. There is no evidence for a state bureaucracy or the other trappings of “stateness”.’ (Possehl 2002: 6)",Possehl 2002,"Possehl, G. L. 2002. The Indus Civilization: A Contemporary Perspective. Walnut Creek, CA: AltaMira Press."
M0273,S050,Mohenjo-daro,Mohenjo-daro,L2929,2929,2929,Chapter 8: Imaginary Cities,chapter,8,"The varna system is about as ‘unequal’ as any social system can possibly be, yet where one ranks within it has less to do with how many material goods one can pile up or lay claim to than with one’s relation to certain (polluting) substances – physical dirt and waste, but also bodily matter linked to birth, death and menstruation – and the people who handle them. All this creates serious problems for any contemporary scholar seeking to apply Gini coefficients or any other property-based measure of ‘inequality’ to the society in question. On the other hand, and despite the great gaps in time between our sources, it might allow us to make sense of some of Mohenjo-daro’s otherwise puzzling features, such as the fact that those residential buildings most closely resembling palaces are not located on the Upper Citadel but crammed into the streets of the Lower Town – that bit closer to the mud, sewage pipes and paddy fields, where such jostling for worldly status seems to have properly belonged.95",ch8-n95,On this point see Vidale’s important (2010) reassessment of Mohenjodaro and its archaeological record.,,
M0274,S050,Mohenjo-daro,Mohenjo-daro,L2931,2931,2931,Chapter 8: Imaginary Cities,chapter,8,"Clearly, we can’t just project the social world evoked in Sanskrit literature indiscriminately on to the much earlier Indus civilization. If the first South Asian cities were indeed organized on caste-like principles, then we would immediately have to acknowledge a major difference from the system of ranks described over a millennium later in Sanskrit texts, where second-highest status (just below brahmins) is reserved for the warrior caste known as kshatriyas. In the Bronze Age Indus valley there is no evidence of anything like a kshatriya class of warrior-nobles, nor of the kind of aggrandizing behaviour associated with such groups in later epic tales such as the Mahabharata or Ramayana. Even the largest cities, like Harappa and Mohenjo-daro, yield no evidence of spectacular sacrifices or feasts, no pictorial narratives of military prowess or celebrations of famous deeds, no sign of tournaments in which anyone vied over titles and treasures, no aristocratic burials. And if such things were going on in the Indus cities at the time, there would be ways to know.",,,,
M0275,S050,Mohenjo-daro,Mohenjo-daro,L2933,2933,2933,Chapter 8: Imaginary Cities,chapter,8,"Indus civilization wasn’t some kind of commercial or spiritual arcadia; nor was it an entirely peaceful society.96 But neither does it contain any evidence for charismatic authority figures: war leaders, lawgivers and the like. A small, cloaked sculpture made of yellow limestone from Mohenjo-daro, known in the literature as the ‘priest-king’, is often presented as such. But, in fact, there’s no particular reason to believe the figure really is a priest-king or an authority figure of any sort. It’s simply a limestone image of an urbane Bronze Age man with a beard. The fact that past generations of scholars have insisted on referring to him as ‘priest-king’ is testimony more to their own assumptions about what they think must have been happening in early Asian cities than anything the evidence implies.",ch8-n96,"The general scarcity of weapons from Harappan sites remains striking; but as Corke (2005) points out, in other Bronze Age civilizations (e.g. Egypt, China, Mesopotamia) weaponry tends to be found in burials rather than settlements; so – he reasons – the visibility of weapons and warfare in the Indus valley may be greatly reduced by an overall lack of funerary remains. As he also points out, though, there is no evidence that weapons were used as symbols of authority (by contrast with Mesopotamia, for instance) or in any way formed ‘a significant part of elite identity’ in the Indus civilization. What is definitely absent is the glorification of weapons and the kind of people who employ them.",,
M0276,S050,Mohenjo-daro,Mohenjo-daro,L2935,2935,2935,Chapter 8: Imaginary Cities,chapter,8,"Over time, experts have largely come to agree that there’s no evidence for priest-kings, warrior nobility, or anything like what we would recognize as a ‘state’ in the urban civilization of the Indus valley. Can we speak, then, of ‘egalitarian cities’ here as well, and if so, in what sense? If the Upper Citadel at Mohenjo-daro really was dominated by some sort of ascetic order, literally ‘higher’ than everyone else, and the area around the citadel by wealthy merchants, then there was a clear hierarchy between groups. Yet this doesn’t necessarily mean that the groups themselves were hierarchical in their internal organization, or that ascetics and merchants had a greater say than anyone else when it came to matters of day-to-day governance.",,,,
M0277,S050,Mohenjo-daro,Mohenjo-daro,L2968,2968,2968,Chapter 8: Imaginary Cities,chapter,8,"So far we’ve been providing what are effectively a series of snapshot views of cities that, in most cases, were occupied for centuries. It seems unlikely that they did not have their own share of upheavals, transformations and constitutional crises. In some cases we can be certain they did. At Mohenjo-daro, for instance, we know that roughly 200 years before the city’s demise, the Great Bath had already fallen into disrepair. Industrial facilities and ordinary residences crept beyond the Lower Town, on to the Upper Citadel, and even the site of the Bath itself. Within the Lower Town, we now find buildings of truly palatial dimensions with attached craft workshops.103 This ‘other’ Mohenjo-daro existed for generations, and seems to represent a self-conscious project of transforming the city’s (by then centuries-old) hierarchy into something else – though archaeologists have yet to fathom quite what that other thing was supposed to be.",ch8-n103,Possehl 2002: passim; Vidale 2010.,Possehl 2002 | Vidale 2010,"Possehl, G. L. 2002. The Indus Civilization: A Contemporary Perspective. Walnut Creek, CA: AltaMira Press. | Vidale, Massimo. 2010. ‘Aspects of palace life at Mohenjo-Daro.’ South Asian Studies 26 (1): 59–76."
M0278,S050,Mohenjo-daro,Mohenjo-daro,L3025,3025,3025,Chapter 9: Hiding in Plain Sight,chapter,9,"We don’t actually know if Teotihuacan was, like Rome, the centre of a great empire, but even conservative estimates place its population at around 100,0006 (perhaps as much as five times the likely population of Mohenjo-daro, Uruk or any of the other early Eurasian cities we discussed in the last chapter). At its zenith, there were probably at least a million people distributed across the Valley of Mexico and surrounding lands, many of whom had only visited the great city once, or perhaps only knew someone who had, but nonetheless considered Teotihuacan the most important place in the entire world.",,,,
M0279,S050,Mohenjo-daro,Mohenjo-daro,L3090,3090,3090,Chapter 9: Hiding in Plain Sight,chapter,9,"Let’s look at a central portion of the standard architectural plan of Teotihuacan, pieced together from the most exhaustive survey of an urban landscape ever undertaken by archaeologists.20 Having gone to the lengths of recording a built environment on that scale – all eight square miles of it – archaeologists naturally want to see it all at once, in a single gasp. Modern archaeology often presents to us something like the chronologically collapsed plan of Mohenjo-daro and other ‘first cities’ with centuries or even millennia of urban history folded into a single map. It’s visually stunning, but actually quite flat and artificial. In the case of Teotihuacan, it gives an effect at once harmonious and misleading.",ch9-n20,Millon 1964.,Millon 1964,"Millon, René. 1964. ‘The Teotihuacan mapping project.’ American Antiquity 29 (3): 345–52."
M0280,S050,Mohenjo-daro,Mohenjo-daro,L3462,3462,3462,Chapter 10: Why the State Has No Origin,chapter,10,"Monumental centres of some kind were already appearing in the Rio Supe region in the third millennium bc.47 Later, between 1000 and 200 bc, a single centre – at Chavín de Huántar, in the northern highlands of Peru – extended its influence over a much larger area.48 This ‘Chavín horizon’ gave way to three distinct regional cultures. In the central highlands arose a militarized polity known as Wari. In parallel, on the shores of Lake Titicaca, a metropolis called Tiwanaku – at 420 hectares, roughly twice the size of Uruk or Mohenjo-daro – took form, using an ingenious system of raised fields to grow its crops on the freezing heights of the Bolivian altiplano.49 On the north coast of Peru, a third culture, known as Moche, displays striking funerary evidence of female leadership: lavish tombs of warrior-priestesses and queens, drenched in gold and flanked by human sacrifices.50",ch10-n47 | ch10-n48 | ch10-n49 | ch10-n50,As we saw in Chapter Eight. | See Conklin and Quilter (eds) 2008. | See Isbell 2008. | See Quilter 2002; Castillo Butters 2005.,Isbell 2008 | Quilter 2002 | Butters 2005,"Isbell, William H. 2008. ‘Wari and Tiwanaku: international identities in the Central Andean Middle Horizon.’ In H. Silverman and W. H. Isbell (eds), The Handbook of South American Archaeology. New York: Springer, pp. 731–59. | Quilter, Jeffrey. 2002. ‘Moche politics, religion, and warfare.’ Journal of World Prehistory 16 (2): 145–95. | Castillo Butters, Luis Jaime. 2005. ‘Las Señoras de San José de Moro: Rituales funerarios de mujeres de élite en la costa norte del Perú.’ In Divina y humana. La mujer en los antiguos Perú y México. Lima: Ministerio de Educación, pp. 18–29."
M0281,S050,Mohenjo-daro,Mohenjo-daro,L4305,4305,4305,Chapter 12: Conclusion,chapter,12,"Now, we are hardly about to deny that technologies play an important role in shaping society. Obviously, technologies are important: each new invention opens up social possibilities that had not existed before. At the same time, it’s very easy to overstate the importance of new technologies in setting the overall direction of social change. To take an obvious example, the fact that Teotihuacanos or Tlaxcalteca employed stone tools to build and maintain their cities, while the inhabitants of Mohenjo-daro or Knossos used metal, seems to have made surprisingly little difference to those cities’ internal organization or even size. Nor does our evidence support the notion that major innovations always occur in sudden, revolutionary bursts, transforming everything in their wake. (This, as you’ll recall, was one of the main points to emerge from the two chapters we devoted to the origins of farming.)",,,,
M0282,S050,Mohenjo-daro,Mohenjo-daro,L5992,5992,5992,Notes to Chapter 10: Why the State Has No Origin,notes,10,"146. We should perhaps mention here Arthur Evans’s notorious identification of a ‘priest-king’ among the painted figures he uncovered at Knossos at the turn of the twentieth century (for which see S. Sherratt 2000). In fact, the various bits of decorated wall relief Evans used to piece this image together came from different archaeological strata, and probably never belonged to a single figure (he himself thought this to begin with, but changed his mind). Even the gender of the priest-king is now questioned by art historians. But the more basic question is why anybody would want to seize on a single, possibly male figure with an impressive plumed hat as evidence for kingship, when the overwhelming majority of Minoan pictorial art is pointing us in another direction altogether. We will follow it in a moment. But in short, the priest-king of Knossos is no better contender for a throne than his similarly named and similarly isolated counterpart at the earlier Bronze Age city of Mohenjo-daro in the Indus valley, whom we encountered in Chapter Eight.",ch10-n146,"We should perhaps mention here Arthur Evans’s notorious identification of a ‘priest-king’ among the painted figures he uncovered at Knossos at the turn of the twentieth century (for which see S. Sherratt 2000). In fact, the various bits of decorated wall relief Evans used to piece this image together came from different archaeological strata, and probably never belonged to a single figure (he himself thought this to begin with, but changed his mind). Even the gender of the priest-king is now questioned by art historians. But the more basic question is why anybody would want to seize on a single, possibly male figure with an impressive plumed hat as evidence for kingship, when the overwhelming majority of Minoan pictorial art is pointing us in another direction altogether. We will follow it in a moment. But in short, the priest-king of Knossos is no better contender for a throne than his similarly named and similarly isolated counterpart at the earlier Bronze Age city of Mohenjo-daro in the Indus valley, whom we encountered in Chapter Eight.",Sherratt 2000,"Sherratt, Susan. 2000. Arthur Evans, Knossos, and the Priest-King. Oxford: Ashmolean Museum."
M0283,S051,Lothal,Lothal,L2909,2909,2909,Chapter 8: Imaginary Cities,chapter,8,"In the wider ambit of Indus civilization, there is only one rival to Mohenjo-daro: the site of Harappa (whence the alternative term ‘Harappan civilization’). Of similar magnitude, it lies about 370 miles upstream on the Ravi River, a tributary of the Indus. Many other sites of the same date and cultural family exist, ranging from large towns to hamlets. They extend over most of the area of modern-day Pakistan, and well beyond the floodplain of the Indus, into northern India. For instance, perched on an island amid the salt flats of the Great Rann of Kutch lie the striking remains of Dholavira, a town equipped with over fifteen brick-built reservoirs to capture rainwater and runoff from local streams. The Indus civilization had colonial outposts as far as the Oxus River in northern Afghanistan, where the site of Shortugai presents a miniature replica of its urban mother-culture: ideally placed to tap the rich mineral sources of the Central Asian highlands (lapis, tin and other gemstones and metals). Such materials were prized by lowland artisans and their commercial partners as far away as Iran, Arabia and Mesopotamia. At Lothal, on Gujarat’s Gulf of Khambhat, lie remains of a well-appointed port town facing the Arabian Sea, presumably built by Indus engineers to service maritime trade.86",ch8-n86,For an overview of the Indus valley’s far-flung commercial and cultural contacts in the Bronze Age see Ratnagar 2004; Wright 2010.,Ratnagar 2004 | Wright 2010,"Ratnagar, Shereen. 2004. Trading Encounters: From the Euphrates to the Indus in the Bronze Age. New Delhi: Oxford University Press. | Wright, Rita P. 2010. The Ancient Indus: Urbanism, Economy, and Society. New York: Cambridge University Press."
M0284,S052,Shortugai,Shortugai,L2909,2909,2909,Chapter 8: Imaginary Cities,chapter,8,"In the wider ambit of Indus civilization, there is only one rival to Mohenjo-daro: the site of Harappa (whence the alternative term ‘Harappan civilization’). Of similar magnitude, it lies about 370 miles upstream on the Ravi River, a tributary of the Indus. Many other sites of the same date and cultural family exist, ranging from large towns to hamlets. They extend over most of the area of modern-day Pakistan, and well beyond the floodplain of the Indus, into northern India. For instance, perched on an island amid the salt flats of the Great Rann of Kutch lie the striking remains of Dholavira, a town equipped with over fifteen brick-built reservoirs to capture rainwater and runoff from local streams. The Indus civilization had colonial outposts as far as the Oxus River in northern Afghanistan, where the site of Shortugai presents a miniature replica of its urban mother-culture: ideally placed to tap the rich mineral sources of the Central Asian highlands (lapis, tin and other gemstones and metals). Such materials were prized by lowland artisans and their commercial partners as far away as Iran, Arabia and Mesopotamia. At Lothal, on Gujarat’s Gulf of Khambhat, lie remains of a well-appointed port town facing the Arabian Sea, presumably built by Indus engineers to service maritime trade.86",ch8-n86,For an overview of the Indus valley’s far-flung commercial and cultural contacts in the Bronze Age see Ratnagar 2004; Wright 2010.,Ratnagar 2004 | Wright 2010,"Ratnagar, Shereen. 2004. Trading Encounters: From the Euphrates to the Indus in the Bronze Age. New Delhi: Oxford University Press. | Wright, Rita P. 2010. The Ancient Indus: Urbanism, Economy, and Society. New York: Cambridge University Press."
M0285,S053,Nineveh,Nineveh,L2765,2765,2765,Chapter 8: Imaginary Cities,chapter,8,"Unlike the Ukrainian mega-sites, or the Bronze Age cities of the Indus valley to which we’ll turn shortly, Mesopotamia was already part of modern memory before any archaeologist put a spade into one of its ancient mounds.42 Anyone who had read the Bible knew about the kingdoms of Babylonia and Assyria; and in the Victorian era of high empire, biblical scholars and Orientalists began excavating sites with scriptural associations, like Nineveh and Nimrud, hoping to uncover cities ruled by figures of legend such as Nebuchadnezzar, Sennacherib or Tiglath-Pileser. They did find these; but in those places and elsewhere they discovered other things that were even more spectacular, like a basalt stela bearing the law code of Hammurabi, ruler of Babylon in the eighteenth century bc, unearthed at Susa in western Iran; clay tablets from Nineveh bearing copies of the Epic of Gilgamesh, fabled ruler of Uruk; and the Royal Tombs of Ur in southern Iraq, where kings and queens unknown to the Bible were interred with startling riches and the remains of sacrificed retainers around 2500 bc.",ch8-n42,"These mounds are the great material accretions of human life and death known by the Arabic word tell, built up through successive foundation and collapse of mud-brick architecture over tens or often hundreds of generations.",,
M0286,S053,Nineveh,Nineveh,L2821,2821,2821,Chapter 8: Imaginary Cities,chapter,8,"Some of the clearest evidence comes from between the ninth and seventh centuries bc. Assyrian emperors like Sennacherib and Ashurbanipal have been famous since biblical times for their brutality, creating monuments that boasted of the bloody vengeance they carried out against rebels. But when dealing with loyal subjects they were strikingly hands-off, often granting near-total autonomy to citizen bodies that made decisions collectively.55 We know this because governors stationed far from the Assyrian court, in southern Mesopotamia’s major cities – Babylon, Nippur, Uruk, Ur, and so on – sent letters to their overlords. Many of these were letters recovered by archaeologists during the excavation of royal archives at the ancient imperial capital of Nineveh. In them, city governors relay information to the Assyrian court about decisions made by civic councils. We learn the ‘will of the people’ on matters ranging from foreign policy to the election of governors; also, that citizen bodies sometimes took matters into their own hands, raising soldiers or taxes to support civic projects, and playing their overlords off against each other.",ch8-n55,Barjamovic 2004: 52.,,
M0287,S054,Nimrud,Nimrud,L2765,2765,2765,Chapter 8: Imaginary Cities,chapter,8,"Unlike the Ukrainian mega-sites, or the Bronze Age cities of the Indus valley to which we’ll turn shortly, Mesopotamia was already part of modern memory before any archaeologist put a spade into one of its ancient mounds.42 Anyone who had read the Bible knew about the kingdoms of Babylonia and Assyria; and in the Victorian era of high empire, biblical scholars and Orientalists began excavating sites with scriptural associations, like Nineveh and Nimrud, hoping to uncover cities ruled by figures of legend such as Nebuchadnezzar, Sennacherib or Tiglath-Pileser. They did find these; but in those places and elsewhere they discovered other things that were even more spectacular, like a basalt stela bearing the law code of Hammurabi, ruler of Babylon in the eighteenth century bc, unearthed at Susa in western Iran; clay tablets from Nineveh bearing copies of the Epic of Gilgamesh, fabled ruler of Uruk; and the Royal Tombs of Ur in southern Iraq, where kings and queens unknown to the Bible were interred with startling riches and the remains of sacrificed retainers around 2500 bc.",ch8-n42,"These mounds are the great material accretions of human life and death known by the Arabic word tell, built up through successive foundation and collapse of mud-brick architecture over tens or often hundreds of generations.",,
M0288,S055,Babylon,Babylon,L2648,2648,2648,Chapter 8: Imaginary Cities,chapter,8,"All this applies in equal measure to ancient cities. Aristotle, for example, insisted that Babylon was so large that, two or three days after it had been captured by a foreign army, some parts of the city still hadn’t heard the news. In other words, from the perspective of someone living in an ancient city, the city itself was not so entirely different from earlier landscapes of clans or moieties that extended across hundreds of miles. It was a structure raised primarily in the human imagination, which allowed for the possibility of amicable relations with people they had never met.",,,,
M0289,S055,Babylon,Babylon,L2765,2765,2765,Chapter 8: Imaginary Cities,chapter,8,"Unlike the Ukrainian mega-sites, or the Bronze Age cities of the Indus valley to which we’ll turn shortly, Mesopotamia was already part of modern memory before any archaeologist put a spade into one of its ancient mounds.42 Anyone who had read the Bible knew about the kingdoms of Babylonia and Assyria; and in the Victorian era of high empire, biblical scholars and Orientalists began excavating sites with scriptural associations, like Nineveh and Nimrud, hoping to uncover cities ruled by figures of legend such as Nebuchadnezzar, Sennacherib or Tiglath-Pileser. They did find these; but in those places and elsewhere they discovered other things that were even more spectacular, like a basalt stela bearing the law code of Hammurabi, ruler of Babylon in the eighteenth century bc, unearthed at Susa in western Iran; clay tablets from Nineveh bearing copies of the Epic of Gilgamesh, fabled ruler of Uruk; and the Royal Tombs of Ur in southern Iraq, where kings and queens unknown to the Bible were interred with startling riches and the remains of sacrificed retainers around 2500 bc.",ch8-n42,"These mounds are the great material accretions of human life and death known by the Arabic word tell, built up through successive foundation and collapse of mud-brick architecture over tens or often hundreds of generations.",,
M0290,S055,Babylon,Babylon,L2821,2821,2821,Chapter 8: Imaginary Cities,chapter,8,"Some of the clearest evidence comes from between the ninth and seventh centuries bc. Assyrian emperors like Sennacherib and Ashurbanipal have been famous since biblical times for their brutality, creating monuments that boasted of the bloody vengeance they carried out against rebels. But when dealing with loyal subjects they were strikingly hands-off, often granting near-total autonomy to citizen bodies that made decisions collectively.55 We know this because governors stationed far from the Assyrian court, in southern Mesopotamia’s major cities – Babylon, Nippur, Uruk, Ur, and so on – sent letters to their overlords. Many of these were letters recovered by archaeologists during the excavation of royal archives at the ancient imperial capital of Nineveh. In them, city governors relay information to the Assyrian court about decisions made by civic councils. We learn the ‘will of the people’ on matters ranging from foreign policy to the election of governors; also, that citizen bodies sometimes took matters into their own hands, raising soldiers or taxes to support civic projects, and playing their overlords off against each other.",ch8-n55,Barjamovic 2004: 52.,,
M0291,S055,Babylon,Babylon,L2829,2829,2829,Chapter 8: Imaginary Cities,chapter,8,"Things could work the other way round. Sometimes, the arrival of an authoritarian ruler from outside the city sent urban life into reverse. Such was the case with the Amorite Dynasty of the Lims – Yaggid-Lim, Yahudun-Lim and Zimri-Lim – which conquered much of the Syrian Euphrates around the same time Mashkan-shapir was thriving far to the south. The Lims decided to set up their centre of operations in the ancient city called Mari (modern Tell Hariri, on the Syrian Euphrates), and occupied government buildings in its heart. Their arrival seems to have precipitated a mass exodus of Mari’s urban population, who left to join up with smaller townships or tent-dwelling herders scattered across the Syrian steppe. Before the sack of Mari by Hammurabi of Babylon in 1761 bc, the last ‘city’ of the Amorite kings comprised little more than the royal residence, harem, attached temples and a handful of other official buildings.60",ch8-n60,Fleming 2009: 1–2.,,
M0292,S055,Babylon,Babylon,L3259,3259,3259,Chapter 10: Why the State Has No Origin,chapter,10,"Von Ihering’s definition worked fairly well for modern states. However, it soon became clear that for most of human history, rulers either didn’t make such grandiose claims – or, if they did, their claims to a monopoly on coercive force held about the same status as their claims to control the tides or the weather. To retain von Ihering and Weber’s definition one would either have to conclude that, say, Hammurabi’s Babylon, Socrates’ Athens or England under William the Conqueror weren’t states at all – or come up with a more flexible or nuanced definition. Marxists offered one: they suggested that states make their first appearance in history to protect the power of an emerging ruling class. As soon as one has a group of people living routinely off the labour of another, the argument ran, they will necessarily create an apparatus of rule, officially to protect their property rights, in reality to preserve their advantage (a line of thinking very much in the tradition of Rousseau). This definition brought Babylon, Athens and medieval England back into the fold, but also introduced new conceptual problems, such as how to define exploitation. And it was unpalatable to liberals, ruling out any possibility that the state could ever become a benevolent institution.",,,,
M0293,S056,Susa,Susa,L2765,2765,2765,Chapter 8: Imaginary Cities,chapter,8,"Unlike the Ukrainian mega-sites, or the Bronze Age cities of the Indus valley to which we’ll turn shortly, Mesopotamia was already part of modern memory before any archaeologist put a spade into one of its ancient mounds.42 Anyone who had read the Bible knew about the kingdoms of Babylonia and Assyria; and in the Victorian era of high empire, biblical scholars and Orientalists began excavating sites with scriptural associations, like Nineveh and Nimrud, hoping to uncover cities ruled by figures of legend such as Nebuchadnezzar, Sennacherib or Tiglath-Pileser. They did find these; but in those places and elsewhere they discovered other things that were even more spectacular, like a basalt stela bearing the law code of Hammurabi, ruler of Babylon in the eighteenth century bc, unearthed at Susa in western Iran; clay tablets from Nineveh bearing copies of the Epic of Gilgamesh, fabled ruler of Uruk; and the Royal Tombs of Ur in southern Iraq, where kings and queens unknown to the Bible were interred with startling riches and the remains of sacrificed retainers around 2500 bc.",ch8-n42,"These mounds are the great material accretions of human life and death known by the Arabic word tell, built up through successive foundation and collapse of mud-brick architecture over tens or often hundreds of generations.",,
M0294,S057,Ur,Ur,L2515,2515,2515,Chapter 7: The Ecology of Freedom,chapter,7,"Arawak-speaking groups were famed in recent centuries as master blenders of culture – traders and diplomats, forging diverse alliances, often for commercial advantage. Over 2,000 years ago, a similar process of strategic cultural mixing (quite unlike the avoidance strategies of more ‘serious’ farmers) seems to have brought about the convergence of the Amazon basin into a regional system. Arawak languages and their derivatives are spoken all along the várzea (alluvial terraces), from the mouths of the Orinoco and Amazon to their Peruvian headwaters. But their users have little in the way of shared genetic ancestry. The various dialects are structurally closer to those of their non-Arawak neighbours than to each other, or to any putative Ur-language.",,,,
M0295,S057,Ur,Ur,L2765,2765,2765,Chapter 8: Imaginary Cities,chapter,8,"Unlike the Ukrainian mega-sites, or the Bronze Age cities of the Indus valley to which we’ll turn shortly, Mesopotamia was already part of modern memory before any archaeologist put a spade into one of its ancient mounds.42 Anyone who had read the Bible knew about the kingdoms of Babylonia and Assyria; and in the Victorian era of high empire, biblical scholars and Orientalists began excavating sites with scriptural associations, like Nineveh and Nimrud, hoping to uncover cities ruled by figures of legend such as Nebuchadnezzar, Sennacherib or Tiglath-Pileser. They did find these; but in those places and elsewhere they discovered other things that were even more spectacular, like a basalt stela bearing the law code of Hammurabi, ruler of Babylon in the eighteenth century bc, unearthed at Susa in western Iran; clay tablets from Nineveh bearing copies of the Epic of Gilgamesh, fabled ruler of Uruk; and the Royal Tombs of Ur in southern Iraq, where kings and queens unknown to the Bible were interred with startling riches and the remains of sacrificed retainers around 2500 bc.",ch8-n42,"These mounds are the great material accretions of human life and death known by the Arabic word tell, built up through successive foundation and collapse of mud-brick architecture over tens or often hundreds of generations.",,
M0296,S057,Ur,Ur,L2767,2767,2767,Chapter 8: Imaginary Cities,chapter,8,"There were even bigger surprises. The oldest remains of cities and kingdoms – including the Royal Tombs of Ur – belonged to a culture previously unknown, and not mentioned in scripture: the Sumerians, who used a language unrelated to the Semitic family from which Hebrew and Arabic derive.43 (In fact, as in the case of Basque, there’s no consensus on what language family Sumerian does belong to.) But in general, the first decades of archaeological work in the region, from the late nineteenth to the early twentieth century, confirmed an expected association of ancient Mesopotamia with empire and monarchy. The Sumerians, at least on first sighting, seemed no exception.44 In fact, they set the tone. Such was public interest in the findings from Ur that in the 1920s the Illustrated London News (England’s ‘window on the world’) devoted no less than thirty feature articles to Leonard Woolley’s excavation of the Royal Tombs.",ch8-n43 | ch8-n44,For a survey of ‘the Sumerian world’ see Crawford (ed.) 2013. | This also fitted rather well with British colonial concerns in the modern region they called ‘Mesopotamia’ which were based on a policy of elevating (and occasionally creating) local monarchies favourable to their own interests (see Cannadine 2001).,Cannadine 2001,"Cannadine, David. 2001. Ornamentalism: How the British Saw their Empire. London: Penguin."
M0297,S057,Ur,Ur,L2769,2769,2769,Chapter 8: Imaginary Cities,chapter,8,"All this reinforced a popular picture of Mesopotamia as a civilization of cities, monarchy and aristocracy, all tinged with the excitement of uncovering the ‘truth’ behind biblical scripture (‘Ur of the Chaldees,’ as well as being a Sumerian city, appears in the Hebrew Bible as the birthplace of the patriarch Abraham). But one of the major accomplishments of modern archaeology and epigraphy has been to redraw this picture entirely: to show that Mesopotamia was never, in fact, an eternal ‘land of kings’. The real story is far more complicated.",,,,
M0298,S057,Ur,Ur,L2783,2783,2783,Chapter 8: Imaginary Cities,chapter,8,"Everyone had to do corvée. Even the most powerful Mesopotamian rulers of later periods had to heave a basket of clay to the construction site of an important temple. The Sumerian word for corvée (dubsig) refers to this basket of earth, written with a pictogram showing a person lifting it on to their head, like kings do on monuments such as the Plaque of Ur-Nanshe, carved around 2500 bc. Free citizens performed dubsig for weeks or even months. When they did, high-ranking clerics and administrators worked alongside artisans, shepherds and cereal farmers. Later kings could grant exemptions, allowing the rich to pay tax in lieu, or employ others to do the work for them. Still, all contributed in some way.46",ch8-n46,"Wengrow 2010: 131–6; Steinkeller 2015. Scribes sometimes used another word (bala) – meaning ‘term’ or ‘cycle’ – to refer to corvée labour and also the succession of royal dynasties, but this is a later development. It is interesting to compare the whole phenomenon with the Malagasy fanompoana or ‘service’, a theoretically unlimited labour duty owed to the monarchy; in this case the monarch’s own family was exempt, but there are similar accounts of the absolute equality of everyone who came together to dig earth on royal projects and the cheerful enthusiasm with which they did so (Graeber 2007a: 265–7).",Steinkeller 2015 | Graeber 2007a,"Steinkeller, Piotr. 2015. ‘The employment of labour on national building projects in the Ur III period.’ In Steinkeller and Hudson (eds), pp. 137–236. | Graeber, David. 2007a. Possibilities: Essays on Hierarchy, Rebellion, and Desire. Oakland, CA: AK Press."
M0299,S057,Ur,Ur,L2821,2821,2821,Chapter 8: Imaginary Cities,chapter,8,"Some of the clearest evidence comes from between the ninth and seventh centuries bc. Assyrian emperors like Sennacherib and Ashurbanipal have been famous since biblical times for their brutality, creating monuments that boasted of the bloody vengeance they carried out against rebels. But when dealing with loyal subjects they were strikingly hands-off, often granting near-total autonomy to citizen bodies that made decisions collectively.55 We know this because governors stationed far from the Assyrian court, in southern Mesopotamia’s major cities – Babylon, Nippur, Uruk, Ur, and so on – sent letters to their overlords. Many of these were letters recovered by archaeologists during the excavation of royal archives at the ancient imperial capital of Nineveh. In them, city governors relay information to the Assyrian court about decisions made by civic councils. We learn the ‘will of the people’ on matters ranging from foreign policy to the election of governors; also, that citizen bodies sometimes took matters into their own hands, raising soldiers or taxes to support civic projects, and playing their overlords off against each other.",ch8-n55,Barjamovic 2004: 52.,,
M0300,S057,Ur,Ur,L3572,3572,3572,Chapter 10: Why the State Has No Origin,chapter,10,"For some readers, the idea of a dead monarch sent off to the afterlife amid the corpses of his retainers might evoke images of early pharaohs. Some of Egypt’s earliest known kings, those of the First Dynasty around 3000 bc (who, in fact, were not yet referred to as ‘pharaoh’), were indeed buried in this way.70 But Egypt is not alone in this respect. Burials of kings surrounded by dozens, hundreds, on some occasions even thousands of human victims killed specially for the occasion can be found in almost every part of the world where monarchies did eventually establish themselves, from the early dynastic city-state of Ur in Mesopotamia to the Kerma polity in Nubia to Shang China. There are also credible literary descriptions from Korea, Tibet, Japan and the Russian steppes. Something similar seems to have occurred as well in the Moche and Wari societies of South America, and the Mississippian city of Cahokia.71",ch10-n70 | ch10-n71,"Egyptologists refer to the First and Second Dynasties as Egypt’s ‘Early Dynastic’ period while the ‘Old Kingdom’ – somewhat confusingly – begins only in the Third Dynasty. | See Dickson 2006; Morris 2007; Campbell (ed.) 2014; Graeber and Sahlins 2017: 443–4, with further references.",Dickson 2006 | Morris 2007 | Sahlins 2017,"Dickson, D. Bruce. 2006. ‘Public transcripts expressed in theatres of cruelty: the Royal Graves at Ur in Mesopotamia.’ Cambridge Archaeological Journal 16 (2): 123–44. | Morris, Ellen. 2007. ‘Sacrifice for the state: First Dynasty royal funerals and the rites at Macramallah’s triangle.’ In Nicola Laneri (ed.), Performing Death: Social Analysis of Funerary Traditions in the Ancient Near East and Mediterranean. Chicago: Oriental Institute of Chicago, pp. 15–38. | Sahlins, Marshall. 2017. ‘The stranger-kingship of the Mexica.’ In Graeber and Sahlins, pp. 223–48."
M0301,S057,Ur,Ur,L3576,3576,3576,Chapter 10: Why the State Has No Origin,chapter,10,"Often, in that moment, close members of the royal family, high-ranking military officers and government officials are counted among the victims. Of course, if looking at a burial without written records, it’s often hard to tell when we’re dealing with the bodies of royal wives, viziers or court musicians, as opposed to those of war captives, slaves or commoners seized randomly on the road (as we know was sometimes done in Buganda or Benin) – or even entire military units (as was sometimes the case in China). Perhaps, indeed, the individuals named as kings and queens in the famous Royal Tombs of Ur were not really that at all, but just hapless victims, substitute figures or maybe high-ranking priests and priestesses dressed up as royalty.72",ch10-n72,"For the latter possibility, and a review of earlier interpretations, see Moorey (1977); but for an alternative view, which sees them as true royal burials, see Marchesi 2004.",Moorey 1977 | Marchesi 2004,"Moorey, P. R. S. 1977. ‘What do we know about the people buried in the royal cemetery?’ Expedition 20 (1): 24–40. | Marchesi, Gianni. 2004. ‘Who was buried in the royal tombs of Ur? The epigraphic and textual data.’ Orientalia 73 (2): 153–97."
M0302,S057,Ur,Ur,L5466,5466,5466,Notes to Chapter 8: Imaginary Cities,notes,8,"65. Englund 1998: 32–41; Nissen 2002. A significant number of the monumental structures on the Eanna complex are spectacularly enlarged versions of a common household type (the so-called ‘tripartite house’ form) which is ubiquitous in villages of the preceding ‘Ubaid period of the fifth millennium bc. Specialists debate whether some of these buildings might have been private palaces rather than temples, but in fact they don’t resemble later palaces or temples very much. In essence, they are up-scaled versions of traditional house forms, where meetings of large numbers of people probably took place in the idiom of an extended family under the patronage of a deity-in-residence (Wengrow 1998; Ur 2014). The first compelling examples of palace architecture in cities of the southern Mesopotamian alluvium come only centuries later, in the Early Dynastic period (Moorey 1964).",ch8-n65,"Englund 1998: 32–41; Nissen 2002. A significant number of the monumental structures on the Eanna complex are spectacularly enlarged versions of a common household type (the so-called ‘tripartite house’ form) which is ubiquitous in villages of the preceding ‘Ubaid period of the fifth millennium bc. Specialists debate whether some of these buildings might have been private palaces rather than temples, but in fact they don’t resemble later palaces or temples very much. In essence, they are up-scaled versions of traditional house forms, where meetings of large numbers of people probably took place in the idiom of an extended family under the patronage of a deity-in-residence (Wengrow 1998; Ur 2014). The first compelling examples of palace architecture in cities of the southern Mesopotamian alluvium come only centuries later, in the Early Dynastic period (Moorey 1964).",Englund 1998 | Nissen 2002 | Wengrow 1998 | Ur 2014 | Moorey 1964,"Englund, Robert K. 1998. ‘Texts from the Late Uruk period.’ In J. Bauer, R. K. Englund and M. Krebernik (eds), Mesopotamien. Späturuk-Zeit und Frühdynastische Zeit. Göttingen: Vandenhoeck and Ruprecht. | Nissen, Hans. 2002. ‘Uruk: key site of the period and key site of the problem.’ In N. Postgate (ed.), Artefacts of Complexity: Tracking the Uruk in the Near East. London: British School of Archaeology in Iraq, pp. 1–16. | Wengrow, David. 1998. ‘The changing face of clay: continuity and change in the transition from village to urban life in the Near East.’ Antiquity 72: 783–95. | Ur, Jason. 2014. ‘Households and the emergence of cities in Ancient Mesopotamia.’ Cambridge Archaeological Journal 24: 249–68. | Moorey, P. R. S. 1964. ‘The “Plano-Convex Building” at Kish and Early Mesopotamian Palaces.’ Iraq 26 (2): 83–98."
M0303,S058,Lagash,Lagash,L2785,2785,2785,Chapter 8: Imaginary Cities,chapter,8,"Royal hymns describe the ‘happy faces’ and ‘joyous hearts’ of corvée workers. No doubt there’s an element of propaganda here, but it’s clear that, even in periods of monarchy and empire, these seasonal projects were undertaken in a festive spirit, labourers receiving copious rewards of bread, beer, dates, cheese and meat. There was also something of the carnival about them. They were occasions when the moral order of the city spun on its axis, and distinctions between citizens dissolved away. The ‘Hymns of Gudea’ – the governor (ensi) of the city-state of Lagash – convey something of the atmosphere in which they took place. Dating from around the end of the third millennium bc, they eulogize the restoration of a temple called Eninnu, the House of Ningirsu, patron deity of the city:",,,,
M0304,S058,Lagash,Lagash,L2811,2811,2811,Chapter 8: Imaginary Cities,chapter,8,"More lasting benefits for the citizenry at large included debt cancellation by the governor.48 Times of labour mobilization were thus seen as moments of absolute equality before the gods – when even slaves might be placed on an equal footing to their masters – as well as times when the imaginary city became real, as its inhabitants shed their day-to-day identities as bakers or tavern keepers or inhabitants of such and such a neighbourhood, or later generals or slaves, and briefly assembled to become ‘the people’ of Lagash, or Kish, Eridu, or Larsa as they built or rebuilt some part of the city or the network of irrigation canals that sustained it.",ch8-n48,"Written evidence from various periods of Mesopotamian history shows that rulers quite routinely proclaimed debt amnesties on jubilees and other festive occasions, wiping the slate clean for their subjects and allowing them to resume a productive civic life. Redemption of accrued debts, either by royal proclamation or in ‘years of forgiveness’, made good fiscal sense. It was a mechanism for restoring balance to the economy of Mesopotamian cities, and by releasing debtors and their kin from servitude it allowed them to continue living productive civic lives (see Graeber 2011; Hudson 2018).",Graeber 2011 | Hudson 2018,"Graeber, David. 2011. Debt: The First 5,000 Years. New York: Melville House. | Hudson, Michael. 2018. And Forgive Them Their Debts: Lending, Foreclosure, and Redemption from Bronze Age Finance to the Jubilee Year. Dresden: ISLET-Verlag."
M0305,S058,Lagash,Lagash,L5434,5434,5434,Notes to Chapter 8: Imaginary Cities,notes,8,"49. Women were citizens and owned land. Some of the earliest stone monuments from anywhere in Mesopotamia record transactions between male and female owners, who appear as legal parties on an equal footing. Women also held high rank in temples, and female royals trained as scribes. If their husbands fell into debt they could become acting heads of households. Women also formed the backbone of Mesopotamia’s prolific textile industry, which financed its foreign trade ventures. They worked in temples or other large institutions, often under the supervision of other women, who received land allotments in similar proportions to men. Some women were independent financial operators, issuing credit to other women; see, in general, Zagarell 1986; van de Mieroop 1989; Wright 2007; Asher-Greve 2012. Some of the earliest documentation on these matters comes from Girsu, in the city-state of Lagash, around the middle of the third millennium bc. It comprises some 1,800 cuneiform texts derived mostly from an institution named ‘the House of the Woman’ and later called ‘the House of the Goddess Baba’, for which see Karahashi 2016.",ch8-n49,"Women were citizens and owned land. Some of the earliest stone monuments from anywhere in Mesopotamia record transactions between male and female owners, who appear as legal parties on an equal footing. Women also held high rank in temples, and female royals trained as scribes. If their husbands fell into debt they could become acting heads of households. Women also formed the backbone of Mesopotamia’s prolific textile industry, which financed its foreign trade ventures. They worked in temples or other large institutions, often under the supervision of other women, who received land allotments in similar proportions to men. Some women were independent financial operators, issuing credit to other women; see, in general, Zagarell 1986; van de Mieroop 1989; Wright 2007; Asher-Greve 2012. Some of the earliest documentation on these matters comes from Girsu, in the city-state of Lagash, around the middle of the third millennium bc. It comprises some 1,800 cuneiform texts derived mostly from an institution named ‘the House of the Woman’ and later called ‘the House of the Goddess Baba’, for which see Karahashi 2016.",Zagarell 1986 | Mieroop 1989 | Wright 2007 | Karahashi 2016,"Zagarell, Allen. 1986. ‘Trade, women, class, and society in Ancient Western Asia.’ Current Anthropology 27 (5): 415–30. | Mieroop, Marc Van De. 1989. ‘Women in the economy of Sumer.’ In B. S. Lesko (ed.), Women’s Earliest Records: Western Asia and Egypt. Atlanta, GA: Scholars Press, pp. 53–66. | Wright, Katherine I. 2007. ‘Women and the emergence of urban society in Mesopotamia.’ In S. Hamilton and R. D. Whitehouse (eds), Archaeology and Women: Ancient and Modern Issues. Walnut Creek, CA: Left Coast Press, pp. 199–245. | Karahashi, Fumi. 2016. ‘Women and land in the Presargonic Lagaš Corpus.’ In B. Lyon and C. Michel (eds), The Role of Women in Work and Society in the Ancient Near East. Boston and Berlin: De Gruyter, pp. 57–70."
M0306,S059,Girsu,Girsu,L5434,5434,5434,Notes to Chapter 8: Imaginary Cities,notes,8,"49. Women were citizens and owned land. Some of the earliest stone monuments from anywhere in Mesopotamia record transactions between male and female owners, who appear as legal parties on an equal footing. Women also held high rank in temples, and female royals trained as scribes. If their husbands fell into debt they could become acting heads of households. Women also formed the backbone of Mesopotamia’s prolific textile industry, which financed its foreign trade ventures. They worked in temples or other large institutions, often under the supervision of other women, who received land allotments in similar proportions to men. Some women were independent financial operators, issuing credit to other women; see, in general, Zagarell 1986; van de Mieroop 1989; Wright 2007; Asher-Greve 2012. Some of the earliest documentation on these matters comes from Girsu, in the city-state of Lagash, around the middle of the third millennium bc. It comprises some 1,800 cuneiform texts derived mostly from an institution named ‘the House of the Woman’ and later called ‘the House of the Goddess Baba’, for which see Karahashi 2016.",ch8-n49,"Women were citizens and owned land. Some of the earliest stone monuments from anywhere in Mesopotamia record transactions between male and female owners, who appear as legal parties on an equal footing. Women also held high rank in temples, and female royals trained as scribes. If their husbands fell into debt they could become acting heads of households. Women also formed the backbone of Mesopotamia’s prolific textile industry, which financed its foreign trade ventures. They worked in temples or other large institutions, often under the supervision of other women, who received land allotments in similar proportions to men. Some women were independent financial operators, issuing credit to other women; see, in general, Zagarell 1986; van de Mieroop 1989; Wright 2007; Asher-Greve 2012. Some of the earliest documentation on these matters comes from Girsu, in the city-state of Lagash, around the middle of the third millennium bc. It comprises some 1,800 cuneiform texts derived mostly from an institution named ‘the House of the Woman’ and later called ‘the House of the Goddess Baba’, for which see Karahashi 2016.",Zagarell 1986 | Mieroop 1989 | Wright 2007 | Karahashi 2016,"Zagarell, Allen. 1986. ‘Trade, women, class, and society in Ancient Western Asia.’ Current Anthropology 27 (5): 415–30. | Mieroop, Marc Van De. 1989. ‘Women in the economy of Sumer.’ In B. S. Lesko (ed.), Women’s Earliest Records: Western Asia and Egypt. Atlanta, GA: Scholars Press, pp. 53–66. | Wright, Katherine I. 2007. ‘Women and the emergence of urban society in Mesopotamia.’ In S. Hamilton and R. D. Whitehouse (eds), Archaeology and Women: Ancient and Modern Issues. Walnut Creek, CA: Left Coast Press, pp. 199–245. | Karahashi, Fumi. 2016. ‘Women and land in the Presargonic Lagaš Corpus.’ In B. Lyon and C. Michel (eds), The Role of Women in Work and Society in the Ancient Near East. Boston and Berlin: De Gruyter, pp. 57–70."
M0307,S060,Nippur,Nippur,L2821,2821,2821,Chapter 8: Imaginary Cities,chapter,8,"Some of the clearest evidence comes from between the ninth and seventh centuries bc. Assyrian emperors like Sennacherib and Ashurbanipal have been famous since biblical times for their brutality, creating monuments that boasted of the bloody vengeance they carried out against rebels. But when dealing with loyal subjects they were strikingly hands-off, often granting near-total autonomy to citizen bodies that made decisions collectively.55 We know this because governors stationed far from the Assyrian court, in southern Mesopotamia’s major cities – Babylon, Nippur, Uruk, Ur, and so on – sent letters to their overlords. Many of these were letters recovered by archaeologists during the excavation of royal archives at the ancient imperial capital of Nineveh. In them, city governors relay information to the Assyrian court about decisions made by civic councils. We learn the ‘will of the people’ on matters ranging from foreign policy to the election of governors; also, that citizen bodies sometimes took matters into their own hands, raising soldiers or taxes to support civic projects, and playing their overlords off against each other.",ch8-n55,Barjamovic 2004: 52.,,
M0308,S060,Nippur,Nippur,L2823,2823,2823,Chapter 8: Imaginary Cities,chapter,8,"Neighbourhood wards (Akkadian: bābtum, after the word for ‘gate’) were active in local administration, and sometimes appear to have replicated certain aspects of village or tribal governance in an urban setting.56 Murder trials, divorce and property disputes seem to have been mostly in the hands of town councils. Texts found at Nippur give unusual details about the composition of one such assembly, summoned to act as a jury for a homicide case. Among those sitting we find one bird catcher, one potter, two gardeners and a soldier in the service of a temple. The Trinidadian intellectual C. L. R. James once said of fifth-century Athens that ‘every cook can govern’. In Mesopotamia, or at least in many parts of it, it seems this was literally true: being a manual labourer did not exclude one from direct participation in law and politics.57",ch8-n56 | ch8-n57,"One such ‘urban village’, as Nicholas Postgate (1992: 81–2) terms it, is documented in a tablet recovered from the city of Eshnunna in the Diyala valley, which lists Amorites ‘living in the city’ according to their wards, designated by the names of male family heads and their sons. | See e.g. Van de Mieroop 1999, especially p. 123.",Postgate 1992 | Mieroop 1999,"Postgate, Nicholas. 1992. Early Mesopotamia: Society and Economy at the Dawn of History. London: Routledge. | Mieroop, Marc Van De. 1999. ‘The government of an ancient Mesopotamian city: what we know and why we know so little.’ In K. Watanabe (ed.), Priests and Officials in the Ancient Near East. Heidelberg: Universitätsverlag C. Winter, pp. 139–61."
M0309,S061,Eridu,Eridu,L2811,2811,2811,Chapter 8: Imaginary Cities,chapter,8,"More lasting benefits for the citizenry at large included debt cancellation by the governor.48 Times of labour mobilization were thus seen as moments of absolute equality before the gods – when even slaves might be placed on an equal footing to their masters – as well as times when the imaginary city became real, as its inhabitants shed their day-to-day identities as bakers or tavern keepers or inhabitants of such and such a neighbourhood, or later generals or slaves, and briefly assembled to become ‘the people’ of Lagash, or Kish, Eridu, or Larsa as they built or rebuilt some part of the city or the network of irrigation canals that sustained it.",ch8-n48,"Written evidence from various periods of Mesopotamian history shows that rulers quite routinely proclaimed debt amnesties on jubilees and other festive occasions, wiping the slate clean for their subjects and allowing them to resume a productive civic life. Redemption of accrued debts, either by royal proclamation or in ‘years of forgiveness’, made good fiscal sense. It was a mechanism for restoring balance to the economy of Mesopotamian cities, and by releasing debtors and their kin from servitude it allowed them to continue living productive civic lives (see Graeber 2011; Hudson 2018).",Graeber 2011 | Hudson 2018,"Graeber, David. 2011. Debt: The First 5,000 Years. New York: Melville House. | Hudson, Michael. 2018. And Forgive Them Their Debts: Lending, Foreclosure, and Redemption from Bronze Age Finance to the Jubilee Year. Dresden: ISLET-Verlag."
M0310,S062,Kish,Kish,L2811,2811,2811,Chapter 8: Imaginary Cities,chapter,8,"More lasting benefits for the citizenry at large included debt cancellation by the governor.48 Times of labour mobilization were thus seen as moments of absolute equality before the gods – when even slaves might be placed on an equal footing to their masters – as well as times when the imaginary city became real, as its inhabitants shed their day-to-day identities as bakers or tavern keepers or inhabitants of such and such a neighbourhood, or later generals or slaves, and briefly assembled to become ‘the people’ of Lagash, or Kish, Eridu, or Larsa as they built or rebuilt some part of the city or the network of irrigation canals that sustained it.",ch8-n48,"Written evidence from various periods of Mesopotamian history shows that rulers quite routinely proclaimed debt amnesties on jubilees and other festive occasions, wiping the slate clean for their subjects and allowing them to resume a productive civic life. Redemption of accrued debts, either by royal proclamation or in ‘years of forgiveness’, made good fiscal sense. It was a mechanism for restoring balance to the economy of Mesopotamian cities, and by releasing debtors and their kin from servitude it allowed them to continue living productive civic lives (see Graeber 2011; Hudson 2018).",Graeber 2011 | Hudson 2018,"Graeber, David. 2011. Debt: The First 5,000 Years. New York: Melville House. | Hudson, Michael. 2018. And Forgive Them Their Debts: Lending, Foreclosure, and Redemption from Bronze Age Finance to the Jubilee Year. Dresden: ISLET-Verlag."
M0311,S062,Kish,Kish,L5460,5460,5460,Notes to Chapter 8: Imaginary Cities,notes,8,"62. To reconstruct early urban political systems in Mesopotamia, Jacobsen relied especially on the story of ‘Gilgamesh and Agga’, a brief epic composition about the war between Uruk and Kish, which describes a city council divided into two chambers.",ch8-n62,"To reconstruct early urban political systems in Mesopotamia, Jacobsen relied especially on the story of ‘Gilgamesh and Agga’, a brief epic composition about the war between Uruk and Kish, which describes a city council divided into two chambers.",,
M0312,S063,Larsa,Larsa,L2811,2811,2811,Chapter 8: Imaginary Cities,chapter,8,"More lasting benefits for the citizenry at large included debt cancellation by the governor.48 Times of labour mobilization were thus seen as moments of absolute equality before the gods – when even slaves might be placed on an equal footing to their masters – as well as times when the imaginary city became real, as its inhabitants shed their day-to-day identities as bakers or tavern keepers or inhabitants of such and such a neighbourhood, or later generals or slaves, and briefly assembled to become ‘the people’ of Lagash, or Kish, Eridu, or Larsa as they built or rebuilt some part of the city or the network of irrigation canals that sustained it.",ch8-n48,"Written evidence from various periods of Mesopotamian history shows that rulers quite routinely proclaimed debt amnesties on jubilees and other festive occasions, wiping the slate clean for their subjects and allowing them to resume a productive civic life. Redemption of accrued debts, either by royal proclamation or in ‘years of forgiveness’, made good fiscal sense. It was a mechanism for restoring balance to the economy of Mesopotamian cities, and by releasing debtors and their kin from servitude it allowed them to continue living productive civic lives (see Graeber 2011; Hudson 2018).",Graeber 2011 | Hudson 2018,"Graeber, David. 2011. Debt: The First 5,000 Years. New York: Melville House. | Hudson, Michael. 2018. And Forgive Them Their Debts: Lending, Foreclosure, and Redemption from Bronze Age Finance to the Jubilee Year. Dresden: ISLET-Verlag."
M0313,S063,Larsa,Larsa,L2827,2827,2827,Chapter 8: Imaginary Cities,chapter,8,"Archaeologists find themselves in general agreement with the historians, although one might reasonably ask how archaeology can shed independent light on such political matters. One answer comes from the site of Mashkan-shapir, an important centre under the kings of Larsa, around 2000 bc. As with most Mesopotamian cities, the urban landscape of Mashkan-shapir was dominated by its main temple – in this case, the sanctuary of Nergal, god of the underworld – raised up high on a ziggurat platform; but intensive archaeological survey of the city’s harbour, gateways and residential districts revealed a strikingly even distribution of wealth, craft production and administrative tools across the five main districts, with no obvious centre of commercial or political power.59 In terms of day-to-day affairs, city dwellers (even under monarchies) largely governed themselves, presumably much as they had before kings appeared on the scene to begin with.",ch8-n59,Stone and Zimansky 1995: 123.,,
M0314,S064,Eshnunna,Eshnunna,L5448,5448,5448,Notes to Chapter 8: Imaginary Cities,notes,8,"56. One such ‘urban village’, as Nicholas Postgate (1992: 81–2) terms it, is documented in a tablet recovered from the city of Eshnunna in the Diyala valley, which lists Amorites ‘living in the city’ according to their wards, designated by the names of male family heads and their sons.",ch8-n56,"One such ‘urban village’, as Nicholas Postgate (1992: 81–2) terms it, is documented in a tablet recovered from the city of Eshnunna in the Diyala valley, which lists Amorites ‘living in the city’ according to their wards, designated by the names of male family heads and their sons.",Postgate 1992,"Postgate, Nicholas. 1992. Early Mesopotamia: Society and Economy at the Dawn of History. London: Routledge."
M0315,S065,Mashkan-shapir,Mashkan-shapir | Mashkan,L2827,2827,2827,Chapter 8: Imaginary Cities,chapter,8,"Archaeologists find themselves in general agreement with the historians, although one might reasonably ask how archaeology can shed independent light on such political matters. One answer comes from the site of Mashkan-shapir, an important centre under the kings of Larsa, around 2000 bc. As with most Mesopotamian cities, the urban landscape of Mashkan-shapir was dominated by its main temple – in this case, the sanctuary of Nergal, god of the underworld – raised up high on a ziggurat platform; but intensive archaeological survey of the city’s harbour, gateways and residential districts revealed a strikingly even distribution of wealth, craft production and administrative tools across the five main districts, with no obvious centre of commercial or political power.59 In terms of day-to-day affairs, city dwellers (even under monarchies) largely governed themselves, presumably much as they had before kings appeared on the scene to begin with.",ch8-n59,Stone and Zimansky 1995: 123.,,
M0316,S065,Mashkan-shapir,Mashkan-shapir | Mashkan,L2829,2829,2829,Chapter 8: Imaginary Cities,chapter,8,"Things could work the other way round. Sometimes, the arrival of an authoritarian ruler from outside the city sent urban life into reverse. Such was the case with the Amorite Dynasty of the Lims – Yaggid-Lim, Yahudun-Lim and Zimri-Lim – which conquered much of the Syrian Euphrates around the same time Mashkan-shapir was thriving far to the south. The Lims decided to set up their centre of operations in the ancient city called Mari (modern Tell Hariri, on the Syrian Euphrates), and occupied government buildings in its heart. Their arrival seems to have precipitated a mass exodus of Mari’s urban population, who left to join up with smaller townships or tent-dwelling herders scattered across the Syrian steppe. Before the sack of Mari by Hammurabi of Babylon in 1761 bc, the last ‘city’ of the Amorite kings comprised little more than the royal residence, harem, attached temples and a handful of other official buildings.60",ch8-n60,Fleming 2009: 1–2.,,
M0317,S066,Mari,Tell Hariri | Mari,L2829,2829,2829,Chapter 8: Imaginary Cities,chapter,8,"Things could work the other way round. Sometimes, the arrival of an authoritarian ruler from outside the city sent urban life into reverse. Such was the case with the Amorite Dynasty of the Lims – Yaggid-Lim, Yahudun-Lim and Zimri-Lim – which conquered much of the Syrian Euphrates around the same time Mashkan-shapir was thriving far to the south. The Lims decided to set up their centre of operations in the ancient city called Mari (modern Tell Hariri, on the Syrian Euphrates), and occupied government buildings in its heart. Their arrival seems to have precipitated a mass exodus of Mari’s urban population, who left to join up with smaller townships or tent-dwelling herders scattered across the Syrian steppe. Before the sack of Mari by Hammurabi of Babylon in 1761 bc, the last ‘city’ of the Amorite kings comprised little more than the royal residence, harem, attached temples and a handful of other official buildings.60",ch8-n60,Fleming 2009: 1–2.,,
M0318,S066,Mari,Mari,L2831,2831,2831,Chapter 8: Imaginary Cities,chapter,8,"Written correspondence of this period offers direct evidence of antipathy between arriviste monarchy of this kind and the established power of urban assemblies. Letters to Zimri-Lim from Terru – lord of the ancient Hurrian capital of Urkesh (modern Tell Mozan) – convey his impotence in the face of the city’s councils and assemblies. On one occasion, Terru tells Zimri-Lim: ‘Because I am submitted to my lord’s pleasure, the inhabitants of my town despise me, and two and three times I have snatched my head back from death by their hand.’ To which the Mari king responds: ‘I did not realize that the inhabitants of your town despised you on account of me. You belong to me even if the town of Urkesh belongs to someone else.’ All this came to a head when Terru confessed he had to flee from public opinion (‘the mouth of Urkesh’), taking refuge in a nearby town.61",ch8-n61,"Fleming (2009: 197–9) notes the ‘tradition [at Urkesh] of a powerful collective balance to leadership by kings may be the inheritance of a long urban history’, and that the council of elders cannot possibly be construed as part of the king’s own circle of advisors. It was rather an ‘entirely independent political force’ of some antiquity, a collective form of urban leadership, which ‘cannot be regarded as a minor player in a primarily monarchic framework’.",,
M0319,S066,Mari,Mari,L3823,3823,3823,Chapter 10: Why the State Has No Origin,chapter,10,"Much of our knowledge comes from the metropolis of Knossos, as well as other major centres at Phaestos, Malia and Zakros, which are usually described as ‘palatial societies’ that existed between 1700 and 1450 bc (the Neopalatial or ‘New Palace’ period).142 Certainly, they were very impressive places at this time. Knossos, thought to have had a population of about 25,000,143 in many ways resembles similar cities in other parts of the eastern Mediterranean, centring as it does on large palace complexes replete with industrial quarters and storage facilities, and a system of writing on clay tablets (‘Linear A’) which, frustratingly, has never been deciphered. The problem is that, unlike palatial societies of roughly the same age – such as those of Zimri-Lim at Mari on the Syrian Euphrates, or in Hittite Anatolia to the north, or Egypt – there is simply no clear evidence of monarchy on Minoan Crete.144",ch10-n142 | ch10-n144,"A chronological scheme, widely used by archaeologists for the entire island, starts with the ‘Pre-palatial’, moving on to ‘Proto-palatial’, ‘Neo-palatial’ and so on. | See Davis 1995.",Davis 1995,"Davis, E. N. 1995. ‘Art and politics in the Aegean: the missing ruler.’ In Paul Rehak (ed.), The Role of the Ruler in the Prehistoric Aegean (Aegaeum 11). Liège: University of Liège, pp. 11–20."
M0320,S067,Urkesh,Tell Mozan | Urkesh,L2831,2831,2831,Chapter 8: Imaginary Cities,chapter,8,"Written correspondence of this period offers direct evidence of antipathy between arriviste monarchy of this kind and the established power of urban assemblies. Letters to Zimri-Lim from Terru – lord of the ancient Hurrian capital of Urkesh (modern Tell Mozan) – convey his impotence in the face of the city’s councils and assemblies. On one occasion, Terru tells Zimri-Lim: ‘Because I am submitted to my lord’s pleasure, the inhabitants of my town despise me, and two and three times I have snatched my head back from death by their hand.’ To which the Mari king responds: ‘I did not realize that the inhabitants of your town despised you on account of me. You belong to me even if the town of Urkesh belongs to someone else.’ All this came to a head when Terru confessed he had to flee from public opinion (‘the mouth of Urkesh’), taking refuge in a nearby town.61",ch8-n61,"Fleming (2009: 197–9) notes the ‘tradition [at Urkesh] of a powerful collective balance to leadership by kings may be the inheritance of a long urban history’, and that the council of elders cannot possibly be construed as part of the king’s own circle of advisors. It was rather an ‘entirely independent political force’ of some antiquity, a collective form of urban leadership, which ‘cannot be regarded as a minor player in a primarily monarchic framework’.",,
M0321,S067,Urkesh,Urkesh,L5458,5458,5458,Notes to Chapter 8: Imaginary Cities,notes,8,"61. Fleming (2009: 197–9) notes the ‘tradition [at Urkesh] of a powerful collective balance to leadership by kings may be the inheritance of a long urban history’, and that the council of elders cannot possibly be construed as part of the king’s own circle of advisors. It was rather an ‘entirely independent political force’ of some antiquity, a collective form of urban leadership, which ‘cannot be regarded as a minor player in a primarily monarchic framework’.",ch8-n61,"Fleming (2009: 197–9) notes the ‘tradition [at Urkesh] of a powerful collective balance to leadership by kings may be the inheritance of a long urban history’, and that the council of elders cannot possibly be construed as part of the king’s own circle of advisors. It was rather an ‘entirely independent political force’ of some antiquity, a collective form of urban leadership, which ‘cannot be regarded as a minor player in a primarily monarchic framework’.",,
M0322,S068,Kanesh,Kanesh,L2819,2819,2819,Chapter 8: Imaginary Cities,chapter,8,"Popular councils and citizen assemblies (Sumerian: ukkin; Akkadian: puhrum) were stable features of government, not just in Mesopotamian cities, but also their colonial offshoots (like the Old Assyrian karum of Kanesh, in Anatolia), and in the urban societies of neighbouring peoples such as the Hittites, Phoenicians, Philistines and Israelites.52 In fact, it is almost impossible to find a city anywhere in the ancient Near East that did not have some equivalent to a popular assembly – or often several assemblies (for instance, different ones representing the interests of ‘the young’ and ‘the old’). This was the case even in areas such as the Syrian steppe and northern Mesopotamia, where traditions of monarchy ran deep.53 Still, we know very little about how these assemblies functioned, their composition, or often even where they met.54 Likely as not, an ancient Greek observer might have described some of them as democratic, others oligarchic, still others as a mix of democratic, oligarchic and monarchic principles. But for the most part, experts can only guess.",ch8-n52 | ch8-n53 | ch8-n54,"Barjamovic 2004: 50 n.7. | Fleming 2004. | As John Wills (1970) noted long ago, something of the conduct of assemblies is likely preserved in the speeches ascribed to gods and goddesses in Mesopotamian myth. The deities too convene to sit in assemblies, where they exhibit skills of rhetoric, persuasive speech, logical argumentation and occasional sophistry.",Wills 1970,"Wills, John H. 1970. ‘Speaking arenas of ancient Mesopotamia.’ Quarterly Journal of Speech 56 (4): 398–405."
M0323,S069,Anyang (Yinxu),Anyang,L2972,2972,2972,Chapter 8: Imaginary Cities,chapter,8,"In China, archaeology has opened a yawning chasm between the birth of cities and the appearance of the earliest named royal dynasty, the Shang. Since the early twentieth century discovery of inscribed oracle bones at Anyang in the north-central province of Henan, political history in China has started with the Shang rulers, who came to power around 1200 bc.105 Until quite recently, Shang civilization was thought to be a fusion of earlier urban (‘Erligang’ and ‘Erlitou’) and aristocratic or ‘nomadic’ elements, the latter taking the form of bronze casting techniques, new types of weaponry, and horse-drawn chariots first developed on the Inner Asian steppe, home to a series of powerful and highly mobile societies who played so much havoc with later Chinese history.106",ch8-n105 | ch8-n106,Bagley 1999. | Steinke and Ching 2014.,Bagley 1999,"Bagley, Robert. 1999. ‘Shang archaeology.’ In Loewe and Shaughnessy (eds), pp. 124–231."
M0324,S069,Anyang (Yinxu),Anyang,L3580,3580,3580,Chapter 10: Why the State Has No Origin,chapter,10,"At the Shang capital of Anyang, on the central Chinese Plain, rulers tended to make their way into the afterlife accompanied by a few important retainers, who went voluntarily – if not always happily – to their deaths and were interred with due honours. These were only a small proportion of the bodies that went with them. It was also a royal prerogative to have one’s tomb surrounded by the bodies of sacrificial victims.73 Often these appear to be war captives taken from rival lineages and – unlike the retainers – their bodies were systematically mutilated, usually in mocking rearrangements of the victims’ heads. For the Shang, this seems to have been a way of denying their victims the possibility of becoming dynastic ancestors, thereby rendering the living members of their lineage unable to take part in the care and feeding of their own dead kin, ordinarily one of the fundamental duties of family life. Cast adrift, and socially scarred, the survivors were more likely to fall under the sway of the Shang court. The ruler became a greater ancestor, in effect, by preventing others from becoming ancestors at all.74",ch10-n73 | ch10-n74,Campbell 2014. | Cf. Campbell 2009.,Campbell 2014 | Campbell 2009,"Campbell, Roderick. 2014. ‘Transformations of violence: on humanity and inhumanity in early China.’ In Campbell (ed.), pp. 94–118. | Campbell, Roderick. 2009. ‘Towards a networks and boundaries approach to early complex polities: the Late Shang Case.’ Current Anthropology 50 (6): 821–48."
M0325,S069,Anyang (Yinxu),Anyang,L3651,3651,3651,Chapter 10: Why the State Has No Origin,chapter,10,"Looking at China only seems to complicate things even further. In the time of the late Shang, from 1200 to 1000 bc, Chinese society did share certain features with the other canonical ‘early states’ but, considered as an integrated whole, it’s entirely unique. Like Inca Cuzco, the Shang capital at Anyang was designed as a ‘pivot of the four quarters’ – a cosmological anchor for the entire kingdom, laid out as a grand stage for royal ritual. Like both Cuzco and the Egyptian capital of Memphis (and later Thebes), the city was suspended between the worlds of the living and the dead, serving as home to the royal cemeteries and their attached mortuary temples, as well as a living administration. Its industrial quarters produced enormous quantities of bronze vessels and jades, the tools used in communing with ancestors.104 But in most important ways, we find little similarity between the Shang and either Old Kingdom Egypt or Inca Peru. For one thing, Shang rulers did not claim sovereignty over an extended area. They couldn’t travel safely, let alone issue commands, outside a narrow band of territories clustered on the middle and lower reaches of the Yellow River, not far from the royal court.105 Even there one is left with a sense that they didn’t really claim sovereignty in the same sense as Egyptian, Peruvian or even Mayan rulers. The clearest evidence is the exceptional importance of divination in the early Chinese state, which stands in striking contrast to pretty much all the other examples we’ve been looking at.106",ch10-n104 | ch10-n105 | ch10-n106,"See Bagley 1999. | Shaughnessy 1989. | Appeal to divination is limited in Egypt before the New Kingdom, and had an ambivalent role in Inca systems of government. As Gose (1996: 2) explains, in the Inca case oracular performances were actually at odds with the personal authority of living kings. They centred instead on the mummified bodies of royal ancestors or their statue equivalents, which provided one of the few venues for expressing subaltern (and potentially subversive) views, in a manner that did not challenge the assumption of the ruler’s absolute sovereignty and supreme authority. In a similar way, in Renaissance times, to take a king or queen’s horoscope was often considered to be an act of treason. Maya kings used bloodletting and stone-tossing as forms of divination, but they do not seem to have been of central importance to affairs of state.",Bagley 1999 | Shaughnessy 1989 | Gose 1996,"Bagley, Robert. 1999. ‘Shang archaeology.’ In Loewe and Shaughnessy (eds), pp. 124–231. | Shaughnessy, Edward. L. 1989. ‘Historical geography and the extent of the earliest Chinese kingdom.’ Asia Minor (2) 2: 1–22. | Gose, Peter. 1996. ‘Oracles, divine kingship, and political representation in the Inka State.’ Ethnohistory 43 (1): 1–32."
M0326,S070,Shimao,Shimao,L2982,2982,2982,Chapter 8: Imaginary Cities,chapter,8,"The excavations at Shimao, on the Tuwei River, have revealed all this, along with abundant evidence for sophisticated crafts – including bone-working and bronze-casting – and warfare, including the mass killing and burial of captives, in around 2000 bc.110 Here we sense a much livelier political scene than was ever imagined in the annals of later courtly tradition. Some of it had a grisly aspect, including the decapitation of captured foes, and the burial of some thousands of ancestral jade axes and sceptres in cracks between great stone blocks of the city wall, not to be found or seen again until the prying eyes of archaeologists uncovered them over four millennia later. The likely intention of all this was to disrupt, demoralize and delegitimize rival lineages (‘all in all, you’re just another jade in the wall’).",ch8-n110,Jaang et al. 2018.,,
M0327,S070,Shimao,Shimao,L2984,2984,2984,Chapter 8: Imaginary Cities,chapter,8,"At the site of Taosi – contemporary with Shimao, but located far to the south in the Jinnan basin – we find a rather different story. Between 2300 and 1800 bc, Taosi went through three phases of expansion. First, a fortified town of sixty hectares arose on the ruins of a village, expanding subsequently to a city of 300 hectares. In these early and middle periods, Taosi presents evidence for social stratification almost as dramatic as what we see at Shimao, or indeed what we might expect of a later imperial Chinese capital. There were massive enclosure walls, road systems and large, protected storage areas; also rigid segregation between commoner and elite quarters, with craft workshops and a calendrical monument clustered around what was most likely some sort of palace.",,,,
M0328,S071,Taosi,Taosi,L2984,2984,2984,Chapter 8: Imaginary Cities,chapter,8,"At the site of Taosi – contemporary with Shimao, but located far to the south in the Jinnan basin – we find a rather different story. Between 2300 and 1800 bc, Taosi went through three phases of expansion. First, a fortified town of sixty hectares arose on the ruins of a village, expanding subsequently to a city of 300 hectares. In these early and middle periods, Taosi presents evidence for social stratification almost as dramatic as what we see at Shimao, or indeed what we might expect of a later imperial Chinese capital. There were massive enclosure walls, road systems and large, protected storage areas; also rigid segregation between commoner and elite quarters, with craft workshops and a calendrical monument clustered around what was most likely some sort of palace.",,,,
M0329,S071,Taosi,Taosi,L2986,2986,2986,Chapter 8: Imaginary Cities,chapter,8,"Burials in the early town cemetery of Taosi fell into clearly distinct social classes. Commoner tombs were modest; elite tombs were full of hundreds of lacquered vessels, ceremonial jade axes and remains of extravagant pork feasts. Then suddenly, around 2000 bc, everything seems to change. As the excavator describes it:",,,,
M0330,S071,Taosi,Taosi,L2994,2994,2994,Chapter 8: Imaginary Cities,chapter,8,"Now, it is considered bad form to question an excavator’s first-hand judgement about a site, but we cannot resist a couple of observations. First, the ostensible ‘state of anarchy’ (elsewhere described as ‘collapse and chaos’)113 lasted for a considerable period of time, between two and three centuries. Second, the overall size of Taosi during the latter period actually grew from 280 to 300 hectares. This sounds a lot less like collapse than an age of widespread prosperity, following the abolition of a rigid class system. It suggests that after the destruction of the palace, people did not fall into a Hobbesian ‘war of all against all’ but simply got on with their lives – presumably under what they considered a more equitable system of local self-governance.",ch8-n113,He 2018.,He 2018,"He, Nu. 2018. ‘Taosi: an archaeological example of urbanization as a political center in prehistoric China.’ Archaeological Research in Asia 14: 20–32."
M0331,S071,Taosi,Taosi,L2996,2996,2996,Chapter 8: Imaginary Cities,chapter,8,"Here, on the banks of the Fen River, we might conceivably be in the presence of evidence for the world’s first documented social revolution, or at least the first in an urban setting. Other interpretations are no doubt possible. But at the very least, the case of Taosi invites us to consider the world’s earliest cities as places of self-conscious social experimentation, where very different visions of what a city could be like might clash – sometimes peacefully, sometimes erupting in bursts of extraordinary violence. Increasing the number of people living in one place may vastly increase the range of social possibilities, but in no sense does it predetermine which of those possibilities will ultimately be realized.",,,,
M0332,S072,Wangchenggang,Wangchenggang,L5550,5550,5550,Notes to Chapter 8: Imaginary Cities,notes,8,"107. Interestingly, some of the smallest are in Henan itself, the heartland of the later named dynasties. The town of Wangchenggang, associated with the Xia Dynasty – the semi-legendary precursor to the Shang – has a total walled area of around thirty hectares; see Liu and Chen 2012: 222",ch8-n107,"Interestingly, some of the smallest are in Henan itself, the heartland of the later named dynasties. The town of Wangchenggang, associated with the Xia Dynasty – the semi-legendary precursor to the Shang – has a total walled area of around thirty hectares; see Liu and Chen 2012: 222",,
M0333,S073,Erlitou,Erlitou,L2972,2972,2972,Chapter 8: Imaginary Cities,chapter,8,"In China, archaeology has opened a yawning chasm between the birth of cities and the appearance of the earliest named royal dynasty, the Shang. Since the early twentieth century discovery of inscribed oracle bones at Anyang in the north-central province of Henan, political history in China has started with the Shang rulers, who came to power around 1200 bc.105 Until quite recently, Shang civilization was thought to be a fusion of earlier urban (‘Erligang’ and ‘Erlitou’) and aristocratic or ‘nomadic’ elements, the latter taking the form of bronze casting techniques, new types of weaponry, and horse-drawn chariots first developed on the Inner Asian steppe, home to a series of powerful and highly mobile societies who played so much havoc with later Chinese history.106",ch8-n105 | ch8-n106,Bagley 1999. | Steinke and Ching 2014.,Bagley 1999,"Bagley, Robert. 1999. ‘Shang archaeology.’ In Loewe and Shaughnessy (eds), pp. 124–231."
M0334,S074,Zhengzhou Shang City,Erligang,L2972,2972,2972,Chapter 8: Imaginary Cities,chapter,8,"In China, archaeology has opened a yawning chasm between the birth of cities and the appearance of the earliest named royal dynasty, the Shang. Since the early twentieth century discovery of inscribed oracle bones at Anyang in the north-central province of Henan, political history in China has started with the Shang rulers, who came to power around 1200 bc.105 Until quite recently, Shang civilization was thought to be a fusion of earlier urban (‘Erligang’ and ‘Erlitou’) and aristocratic or ‘nomadic’ elements, the latter taking the form of bronze casting techniques, new types of weaponry, and horse-drawn chariots first developed on the Inner Asian steppe, home to a series of powerful and highly mobile societies who played so much havoc with later Chinese history.106",ch8-n105 | ch8-n106,Bagley 1999. | Steinke and Ching 2014.,Bagley 1999,"Bagley, Robert. 1999. ‘Shang archaeology.’ In Loewe and Shaughnessy (eds), pp. 124–231."
M0335,S075,Tenochtitlan,Tenochtitlan,L2679,2679,2679,Chapter 8: Imaginary Cities,chapter,8,"What makes these cities strange, at least to us, is largely what isn’t there. This is especially true of technology, whether advanced metallurgy, intensive agriculture, social technologies like administrative records, or even the wheel. Any one of these things may, or may not, have been present, depending where in this early urban world we cast our gaze. Here it’s worth recalling that in most of the Americas, before the European invasion, there were neither metal tools nor horses, donkeys, camels or oxen. All movement of people and things was either by foot, canoe or travois. But the scale of pre-Columbian capitals like Teotihuacan or Tenochtitlan dwarfs that of the earliest cities in China and Mesopotamia, and makes the ‘city-states’ of Bronze Age Greece (like Tiryns and Mycenae) seem little more than fortified hamlets.",,,,
M0336,S075,Tenochtitlan,Tenochtitlan,L3015,3015,3015,Chapter 9: Hiding in Plain Sight,chapter,9,"Sometime around ad 1150, a people called the Mexica migrated south from a place called Aztlán – its location is now unknown – to take up a new home in the heart of the Valley of Mexico, which now bears their name.1 There they were eventually to carve out an empire, the Aztec Triple Alliance,2 and build its capital at Tenochtitlan, an island-city in Lake Texcoco – one link in a chain of great lakes and lake-cities, and part of an urban landscape ringed by mountains. Lacking an urban tradition of their own, the Mexica modelled the layout of Tenochtitlan on that of another city they found, lying in ruins and virtually abandoned, in a valley about one day’s journey distant. They called that other city Teotihuacan, the ‘Place of Gods’.",ch9-n1,"The precise location of Aztlán is unknown. Various lines of evidence suggest that populations speaking Nahuatl (the language of the Mexica/Aztec) were dispersed among both urban and rural settings before their southward migration. Most likely they were present, alongside a range of other ethnic and linguistic groups, in the Toltec capital of Tula, which lies north of the Basin of Mexico (Smith 1984).",Smith 1984,"Smith, Michael E. 1984. ‘The Aztlan migrations of the Nahuatl chronicles: myth or history?’ Ethnohistory 31 (3): 153–86."
M0337,S075,Tenochtitlan,Tenochtitlan,L3023,3023,3023,Chapter 9: Hiding in Plain Sight,chapter,9,"For all their facility with astronomical calculation, the builders of Tenochtitlan either didn’t know or didn’t find it important to know when, precisely, Teotihuacan had last been inhabited. Here, at least, archaeology has been able to fill in the gaps. We know now that the city of Teotihuacan had its heyday eight centuries before the coming of the Mexica, and more than 1,000 years before the arrival of the Spanish. Its foundation dates to around 100 bc, and its decline to around ad 600. We also know that, in the course of those centuries, Teotihuacan became a city of such grandeur and sophistication that it could easily be put on a par with Rome at the height of its imperial power.",,,,
M0338,S075,Tenochtitlan,Tenochtitlan,L3166,3166,3166,Chapter 9: Hiding in Plain Sight,chapter,9,"In his Five Letters of Relation, written between 1519 and 1526, Hernán Cortés recounts his entry to the mountain-ringed Valley of Puebla, on the southern tip of the Mexican altiplano. The valley at that time sheltered numerous native cities, of which the largest included pyramid-studded Cholula, and also the city of Tlaxcala. It was indeed in Tlaxcala that Cortés found local allies who fought alongside him, advancing first on Cholula and then going on to defeat the armies of Moctezuma the Younger and lay waste to the Aztec capital of Tenochtitlan, in the neighbouring Valley of Mexico. Cortés estimated the population of Tlaxcala and its rural dependencies at 150,000. ‘There is a market in this city,’ he reported back to Charles V, ‘in which more than thirty thousand people are occupied in buying and selling,’ and the province ‘contains many wide-spreading fertile valleys all tilled and sown, no part of it being left wild, and measures some ninety leagues in circumference’. Also, the ‘order of government so far observed among the people resembles very much the republics of Venice, Genoa, and Pisa for there is no supreme overlord.’45",ch9-n45,Cortés 1928 [1520]: 51.,Cortés 1928,"Cortés, Hernando. 1928. Five Letters, 1519–1526. London: Routledge."
M0339,S075,Tenochtitlan,Tenochtitlan,L3170,3170,3170,Chapter 9: Hiding in Plain Sight,chapter,9,"It is worth emphasizing again that we are dealing here with what is, by most estimations, one of the pivotal episodes of modern world history: the events leading directly up to the Spanish conquest of the Aztec Empire, and a blueprint for subsequent European conquests throughout the Americas. We assume that nobody – even the most ardent believer in the forces of technological progress, or ‘guns, germs, and steel’ – would go so far as to claim that fewer than 1,000 Spaniards could ever have conquered Tenochtitlan (a highly organized city, covering over five square miles, containing roughly a quarter of a million people) without the help of these indigenous allies, who included some 20,000 warriors from Tlaxcala. In which case, to understand what was really going on it becomes crucial to understand why the Tlaxcalteca decided to joined forces with Cortés, and how – with a population of tens of thousands, and no supreme overlord to govern them – they arrived at a decision to do so.",,,,
M0340,S075,Tenochtitlan,Tenochtitlan,L3176,3176,3176,Chapter 9: Hiding in Plain Sight,chapter,9,"Politically, the Aztec capital of Tenochtitlan and the city-state of Tlaxcala embodied opposite ideals (no less than, say, ancient Sparta and Athens). Still, little of this history is known, because the story we’ve become used to telling about the conquest of the Americas is an entirely different one. The fall of Tenochtitlan in 1521 is often used to illustrate what some feel to be deeper, underlying currents of change in human societies: the forces that give history its overall shape and direction. Starting with Alfred Crosby and Jared Diamond,47 writers in this vein have repeatedly pointed out that the conquistadors had something akin to manifest destiny on their side. Not the divinely ordained sort of destiny they envisaged for themselves, but rather the unstoppable force of an invisible army of Neolithic Old World microbes, marching alongside the Spaniards, carrying waves of smallpox to decimate indigenous populations, and a Bronze Age legacy of metal weapons, guns and horses to shock and awe the helpless natives.",,,,
M0341,S075,Tenochtitlan,Tenochtitlan,L3234,3234,3234,Chapter 9: Hiding in Plain Sight,chapter,9,"If all we had to go on were written sources, there would always be room for doubt; but archaeologists confirm that by the fourteenth century ad the city of Tlaxcala was, in fact, already organized on an entirely different basis to Tenochtitlan. There is no sign of a palace or central temple, and no major ball-court (an important setting, recall, for royal ritual in other Mesoamerican cities). Instead, archaeological survey reveals a cityscape given over almost entirely to the well-appointed residences of its citizens, constructed to uniformly high standards around more than twenty district plazas, all raised up on grand earthen terraces. The largest municipal assemblies were housed in a civic complex called Tizatlan, but this was located outside the city itself, with spaces for public gatherings entered via broad gateways.66",ch9-n66,Fargher et al. 2011.,Fargher 2011,"Fargher, Lane, Verenice Y. Heredia Espinoza and Richard E. Blanton. 2011. ‘Alternative pathways to power in late Postclassic Highland Mesoamerica.’ Journal of Anthropological Archaeology 30: 306–26."
M0342,S075,Tenochtitlan,Tenochtitlan,L3236,3236,3236,Chapter 9: Hiding in Plain Sight,chapter,9,"Modern archaeological investigations thus confirm the existence of an indigenous republic at Tlaxcala long before Cortés set foot on Mexican soil, while later written sources leave us in little doubt as to its democratic credentials. The contrasts with other known Mesoamerican cities of the time are quite striking – though it should also be said that fifth-century Athens was something of an outlier, surrounded by petty kingdoms and oligarchies. Nor should these contrasts be overdrawn. What we have learned in this chapter is that the political traditions of Tlaxcala are not an anomaly, but lie in one broad stream of urban development which can be traced back, in outline, to the experiments in social welfare undertaken 1,000 years earlier at Teotihuacan. Despite Aztec claims to a special relationship with that abandoned city, Tlaxcala was at least as much a part of its legacy as the Aztec capital of Tenochtitlan – and in most really significant ways, more so.",,,,
M0343,S075,Tenochtitlan,Tenochtitlan,L3238,3238,3238,Chapter 9: Hiding in Plain Sight,chapter,9,"After all, it was the Aztec rulers of Tenochtitlan who finally broke with tradition, creating a predatory empire that was in some ways closer to the dominant European political models of the time, or what has since come to be known as ‘the state’. In the next chapter, we intend to turn back and consider this term. What precisely is a state? Does it really mark an entirely new phase of human history? Is the term even useful any more?",,,,
M0344,S075,Tenochtitlan,Tenochtitlan,L3343,3343,3343,Chapter 10: Why the State Has No Origin,chapter,10,"We will begin with an anecdote, recorded in a Spanish source not long after the conquista, about the raising of children in the Aztec capital of Tenochtitlan, shortly before it fell to Spanish forces: ‘at birth boys were given a shield with four arrows. The midwife prayed that they might be courageous warriors. They were presented four times to the sun and told of the uncertainties of life and the need to go to war. Girls, on the other hand, were given spindles and shuttles as a symbol of their future dedication to homely tasks.’8 It is hard to say how widespread this practice was, but it points to something fundamental in Aztec society. Women still occupied important positions in Tenochtitlan as merchants, doctors and priestesses; but they were excluded from an ascendant class of aristocrats whose power was based on warfare, predation and tribute. How far back this erosion of female political power went among the Aztecs is unclear (certain lines of evidence, such as the obligation for high-ranking advisors at court to take on the cultic role of Cihuacóatl – or ‘Snake Woman’ – suggest not far at all). What we do know is that masculinity, often expressed through sexual violence, became part of the dynamics of imperial expansion.9 Indeed, the rape and enslavement of conquered women were among the primary grievances reported to Cortés and his men by Aztec subjects in Veracruz,10 who by 1519 were willing to take their chances with a band of unknown Spanish freebooters.",ch10-n8 | ch10-n9,"Nash 1978: 356, citing Soustelle (1962), citing Bernardino de Sahagún’s Historia general de las cosas de Nueva España. | Dodds Pennock (2017: 152–3) discusses a revealing episode in 1427, when Aztec visitors to a Tepanec banquet were made to dress as women on the orders of the Maxtla (the Tepanec ruler) in order to humiliate both them and their own ruler, who had of late failed to avenge the rape of Aztec women by Tepanec in the market at Coyoacan; things came full circle two years later, when Aztec armies entered Atzcapotzalco and sacrificed Maxtla to the gods.",Nash 1978 | Soustelle 1962 | Pennock 2017,"Nash, June. 1978. ‘The Aztecs and the ideology of male dominance.’ Signs 4 (2): 349–62. | Soustelle, Jacques. 1962. The Daily Life of the Aztecs on the Eve of the Spanish Conquest. New York: Macmillan. | Dodds Pennock, Caroline. 2017. ‘Gender and Aztec life cycles.’ In D. L. Nichols and E. Rodríguez-Algería (eds), The Oxford Handbook of the Aztecs. Oxford: Oxford University Press, pp. 387–98."
M0345,S075,Tenochtitlan,Tenochtitlan,L3345,3345,3345,Chapter 10: Why the State Has No Origin,chapter,10,"Male nobility among the Aztecs or Mexica seem to have viewed life as an eternal contest, or even conquest – a cultural tendency which they traced back to their origins as an itinerant community of warriors and colonizers. Theirs seems to have been a ‘capturing society’ not unlike some of the other, more recent Amerindian societies we’ve explored, but on an infinitely greater scale. Enemies taken in war were kept, nurtured to ensure their vitality – sometimes in luxurious circumstances – but then finally killed by ritual specialists to repay a primordial debt of life to the gods, and presumably for any number of other reasons too. At Tenochtitlan’s Templo Mayor the result was a veritable industry of pious bloodletting, which some Spanish observers took as clear proof that the Aztec ruling classes were in league with Satan.11",ch10-n11,"Dodds Pennock (2008) situates the public practice of religious violence within broader Aztec notions of gender, vitality and sacrifice; and see also Clendinnen 1991.",Pennock 2008 | Clendinnen 1991,"Dodds Pennock, Caroline. 2008. Bonds of Blood: Gender, Lifecyle, and Sacrifice in Aztec Culture. New York: Palgrave Macmillan. | Clendinnen, Inga. 1991. Aztecs: An Interpretation. Cambridge: Cambridge University Press."
M0346,S075,Tenochtitlan,Tenochtitlan,L3381,3381,3381,Chapter 10: Why the State Has No Origin,chapter,10,"In many ways, these two great polities – Aztec and Inca – were ideal targets for conquest. Both were organized around easily identifiable capitals, inhabited by easily identifiable kings who could be captured or killed, and surrounded by peoples who were either long accustomed to obeying orders or, if they had any inclination to shrug off power from the centre, were likely to do so precisely by joining forces with would-be conquistadors. If an empire is based largely on military force, it is relatively easy for a superior force of the same kind to seize control of its territory, since if one takes control of that centre – as Cortés did by laying siege to Tenochtitlan in 1521, or Pizarro by seizing Atahualpa at Cajamarca in 1532 – everything else falls readily into place. There might be stubborn resistance (the siege of Tenochtitlan took over a year of gruelling house-to-house fighting) but, once it was over, the conquerors could take over many of the mechanisms of rule that already existed and start conveying orders to subjects schooled in obedience.",,,,
M0347,S075,Tenochtitlan,Tenochtitlan,L3451,3451,3451,Chapter 10: Why the State Has No Origin,chapter,10,"In some parts of the Americas, competitive sports served as a substitute for war. Among the Classic Maya, one was really an extension of the other. Battles and games formed part of an annual cycle of royal competitions, played for life and death. Both are recorded on Maya monuments as key events in the lives of rulers. Most likely, these elite games were also mass spectacles, cultivating a particular sort of urban public – the sort that relishes gladiatorial contests, and thereby comes to understand politics in terms of opposition. Centuries later, Spanish conquistadors described Aztec versions of the ball game played at Tenochtitlan, where players confronted each other amid racks of human skulls. They reported how reckless commoners, carried away in the competitive fervour of the tournament, would sometimes lose all they had or even gamble themselves into slavery.44 The stakes were so high that, should a player actually send a ball through one of the stone hoops adorning the side of the court (these were made so small as to render it nearly impossible; normally the game was won in other ways), the contest ended immediately, and the player who performed the miracle received all the goods wagered, as well as any others he might care to pillage from the onlookers.45",ch10-n44 | ch10-n45,"Hill and Clark 2001. It’s of more than passing interest, in this context, that Teotihuacan – governed on more collective principles than Olmec, Maya or Aztec cities – had no such arena for the official staging of ball games. Excluding a public ball-court from the municipal plan must surely have been a deliberate choice, since many of Teotihuacan’s occupants would have been familiar with such spectacles, and as we saw in Chapter Nine, nearly everything else in the city centre was laid out with exacting foresight and precision. When ball games do appear at Teotihuacan, it’s in a different context. So very different, that one begins to suspect some conscious inversion of ideas that were canonical in the surrounding kingdoms of Oaxaca and the Maya lowlands (recalling that people moved regularly between these regions and were familiar with the practices of their neighbours). | Clendinnen 1991: 144.",Clendinnen 1991,"Clendinnen, Inga. 1991. Aztecs: An Interpretation. Cambridge: Cambridge University Press."
M0348,S075,Tenochtitlan,Tenochtitlan,L5568,5568,5568,Notes to Chapter 9: Hiding in Plain Sight,notes,9,"2. So-called for the founding political union of three city-states: Tenochtitlan, Texcoco and Tlacopan.",ch9-n2,"So-called for the founding political union of three city-states: Tenochtitlan, Texcoco and Tlacopan.",,
M0349,S075,Tenochtitlan,Tenochtitlan,L5674,5674,5674,Notes to Chapter 9: Hiding in Plain Sight,notes,9,"55. We paraphrase here from the Spanish. We are not aware of any authorized translation of these words into English. Incidentally, Xicotencatl the Elder was quite right about all this: it didn’t take long after the conquest of Tenochtitlan for Tlaxcala to lose its privileges and exemptions with the Spanish Crown, reducing its populace to just another source of tribute.",ch9-n55,"We paraphrase here from the Spanish. We are not aware of any authorized translation of these words into English. Incidentally, Xicotencatl the Elder was quite right about all this: it didn’t take long after the conquest of Tenochtitlan for Tlaxcala to lose its privileges and exemptions with the Spanish Crown, reducing its populace to just another source of tribute.",,
M0350,S076,Teotihuacan,Teotihuacan,L0155,155,155,Front matter: maps and figures,front-matter,,5 Teotihuacan: residential apartments surrounding major monuments in the central districts,,,,
M0351,S076,Teotihuacan,Teotihuacan,L0157,157,157,Front matter: maps and figures,front-matter,,"(Adapted from R. Millon (1973), The Teotihuacán Map. Austin: University of Texas Press, courtesy the Teotihuacan Mapping Project and M. E. Smith.)",,,,
M0352,S076,Teotihuacan,Teotihuacan,L2677,2677,2677,Chapter 8: Imaginary Cities,chapter,8,"Where there is evidence to be had, we also find differences. People who lived in cities often came from far away. The great city of Teotihuacan in the Valley of Mexico was already attracting residents from such distant areas as Yucatán and the Gulf Coast in the third or fourth century ad; migrants settled there in their own neighbourhoods, including a possible Maya district. Immigrants from across the great floodplains of the Indus buried their loved ones in the cemeteries of Harappa. Typically, ancient cities divided themselves into quarters, which often developed enduring rivalries, and this seems to have been true of the very first cities. Marked out by walls, gates or ditches, consolidated neighbourhoods of this sort were probably not different in any fundamental respect from their modern counterparts.13",ch8-n13,"For direct evidence of in-migration to Teotihuacan, based on isotopic studies of human remains, see White et al. 2008; for similar evidence at Harappa see Valentine et al. 2015. For a general discussion of neighbourhoods and their role in the formation of early cities, Smith 2015.",White 2008 | Valentine 2015 | Smith 2015,"White, Christine D. et al. 2008. ‘The Teotihuacan dream: an isotopic study of economic organization and immigration.’ Ontario Archaeology 85–8: 279–97. | Valentine, B. et al. 2015. ‘Evidence for patterns of selective urban migration in the Greater Indus Valley (2600–1900 bc): a lead and strontium isotope mortuary analysis.’ PLoS ONE 10 (4): e0123103. | Smith, Michael E. 2015. ‘Neighborhood formation in semi-urban settlements.’ Journal of Urbanism 8 (2): 173–98."
M0353,S076,Teotihuacan,Teotihuacan,L2679,2679,2679,Chapter 8: Imaginary Cities,chapter,8,"What makes these cities strange, at least to us, is largely what isn’t there. This is especially true of technology, whether advanced metallurgy, intensive agriculture, social technologies like administrative records, or even the wheel. Any one of these things may, or may not, have been present, depending where in this early urban world we cast our gaze. Here it’s worth recalling that in most of the Americas, before the European invasion, there were neither metal tools nor horses, donkeys, camels or oxen. All movement of people and things was either by foot, canoe or travois. But the scale of pre-Columbian capitals like Teotihuacan or Tenochtitlan dwarfs that of the earliest cities in China and Mesopotamia, and makes the ‘city-states’ of Bronze Age Greece (like Tiryns and Mycenae) seem little more than fortified hamlets.",,,,
M0354,S076,Teotihuacan,Teotihuacan,L2683,2683,2683,Chapter 8: Imaginary Cities,chapter,8,"Indeed, it’s hard to find a single story. Teotihuacan, for instance, appears to have become such a large city, peaking at perhaps 100,000 souls, mainly because a series of volcanic eruptions and related natural disasters drove entire populations out of their homelands to settle there.14 Ecological factors often played a role in the formation of cities, but in this particular case these would appear to be only obliquely related to the intensification of agriculture. Still, there are hints of a pattern. Across many parts of Eurasia, and in a few parts of the Americas, the appearance of cities follows quite closely on a secondary, post-Ice Age shuffling of the ecological pack which started around 5000 bc. At least two environmental changes were at work here.",ch8-n14,Plunket and Uruñuela 2006.,,
M0355,S076,Teotihuacan,Teotihuacan,L3015,3015,3015,Chapter 9: Hiding in Plain Sight,chapter,9,"Sometime around ad 1150, a people called the Mexica migrated south from a place called Aztlán – its location is now unknown – to take up a new home in the heart of the Valley of Mexico, which now bears their name.1 There they were eventually to carve out an empire, the Aztec Triple Alliance,2 and build its capital at Tenochtitlan, an island-city in Lake Texcoco – one link in a chain of great lakes and lake-cities, and part of an urban landscape ringed by mountains. Lacking an urban tradition of their own, the Mexica modelled the layout of Tenochtitlan on that of another city they found, lying in ruins and virtually abandoned, in a valley about one day’s journey distant. They called that other city Teotihuacan, the ‘Place of Gods’.",ch9-n1,"The precise location of Aztlán is unknown. Various lines of evidence suggest that populations speaking Nahuatl (the language of the Mexica/Aztec) were dispersed among both urban and rural settings before their southward migration. Most likely they were present, alongside a range of other ethnic and linguistic groups, in the Toltec capital of Tula, which lies north of the Basin of Mexico (Smith 1984).",Smith 1984,"Smith, Michael E. 1984. ‘The Aztlan migrations of the Nahuatl chronicles: myth or history?’ Ethnohistory 31 (3): 153–86."
M0356,S076,Teotihuacan,Teotihuacan,L3017,3017,3017,Chapter 9: Hiding in Plain Sight,chapter,9,"It had been some time since anyone lived in Teotihuacan. By the twelfth century, when the Mexica arrived, nobody even seems to have remembered the city’s original name. Still, the new arrivals clearly found the city – with its two colossal pyramids set against the Cerro Gordo – both alien and alluring, and far too large simply to ignore. Their response, aside from using it as a model for their own great city, was to veil Teotihuacan in myth, and cage its standing remains in a dense forest of names and symbols. As a result, we still see Teotihuacan largely through Aztec (Culhua-Mexica) eyes.3",ch9-n3,"Mexica kings claimed partial descent from the Toltec rulers of a city called Culhuacan, where they sojourned in the course of their migrations, whence the ethnonym Culhua-Mexica; see Sahlins 2017.",Sahlins 2017,"Sahlins, Marshall. 2017. ‘The stranger-kingship of the Mexica.’ In Graeber and Sahlins, pp. 223–48."
M0357,S076,Teotihuacan,Teotihuacan,L3019,3019,3019,Chapter 9: Hiding in Plain Sight,chapter,9,"Written references to Teotihuacan from the time it was still inhabited comprise a few tantalizing inscriptions from far to the east in the Maya lowlands, which call it ‘the place of cattail reeds’, corresponding to the Nahuatl word ‘Tollan’ and evoking a primordial, perfect city by the water.4 Otherwise all we have are sixteenth-century transcriptions of chronicles, set down in Spanish and Nahuatl, which describe Teotihuacan as a place full of mountain pools and primal voids, from which the planets sprang at the beginning of time. The planets were followed by gods, and the gods by a mysterious race of fish-men, whose world had to be destroyed to make way for our own.",ch9-n4,Stuart 2000,Stuart 2000,"Stuart, David. 2000. ‘The arrival of strangers: Teotihuacan and Tollan in Classic Maya history.’ In D. Carrasco, L. Jones and S. Sessions (eds), Mesoamerica’s Classic Heritage: From Teotihuacan to Aztecs. Boulder: University Press of Colorado, pp. 465–513."
M0358,S076,Teotihuacan,Teotihuacan,L3023,3023,3023,Chapter 9: Hiding in Plain Sight,chapter,9,"For all their facility with astronomical calculation, the builders of Tenochtitlan either didn’t know or didn’t find it important to know when, precisely, Teotihuacan had last been inhabited. Here, at least, archaeology has been able to fill in the gaps. We know now that the city of Teotihuacan had its heyday eight centuries before the coming of the Mexica, and more than 1,000 years before the arrival of the Spanish. Its foundation dates to around 100 bc, and its decline to around ad 600. We also know that, in the course of those centuries, Teotihuacan became a city of such grandeur and sophistication that it could easily be put on a par with Rome at the height of its imperial power.",,,,
M0359,S076,Teotihuacan,Teotihuacan,L3025,3025,3025,Chapter 9: Hiding in Plain Sight,chapter,9,"We don’t actually know if Teotihuacan was, like Rome, the centre of a great empire, but even conservative estimates place its population at around 100,0006 (perhaps as much as five times the likely population of Mohenjo-daro, Uruk or any of the other early Eurasian cities we discussed in the last chapter). At its zenith, there were probably at least a million people distributed across the Valley of Mexico and surrounding lands, many of whom had only visited the great city once, or perhaps only knew someone who had, but nonetheless considered Teotihuacan the most important place in the entire world.",,,,
M0360,S076,Teotihuacan,Teotihuacan,L3027,3027,3027,Chapter 9: Hiding in Plain Sight,chapter,9,"This much is broadly accepted by virtually every scholar and historian of ancient Mexico. More controversial is the question of what sort of city Teotihuacan was, and how it was governed. Pose this question to a specialist in the study of Mesoamerican history or archaeology (as we often have done), and you’ll likely get the same reaction: a roll of the eyes and a resigned acknowledgement that there’s just something ‘weird’ about the place. Not merely because of its exceptional size, but because of its stubborn refusal to conform to expectations of how an early Mesoamerican city should have functioned.",,,,
M0361,S076,Teotihuacan,Teotihuacan,L3029,3029,3029,Chapter 9: Hiding in Plain Sight,chapter,9,"At this point, the reader can probably guess what’s coming. All the evidence suggests that Teotihuacan had, at its height of its power, found a way to govern itself without overlords – as did the much earlier cities of prehistoric Ukraine, Uruk-period Mesopotamia and Bronze Age Pakistan. Yet it did so with a very different technological foundation, and on an even larger scale.",,,,
M0362,S076,Teotihuacan,Teotihuacan,L3045,3045,3045,Chapter 9: Hiding in Plain Sight,chapter,9,"In Teotihuacan, all this seems to have been strikingly absent. Unlike in the Mayan cities, there are few written inscriptions in general.7 (For this reason, we don’t know what language was spoken by the majority of Teotihuacan’s inhabitants, although we know the city was sufficiently cosmopolitan to include among its population both Maya and Zapotec minorities familiar with the use of writing.)8 However, there remains plenty of pictorial art. Teotihuacan’s citizens were prolific craft specialists and makers of images, leaving behind everything from monumental stone sculptures to diminutive terracotta figures that could be held in the palm, as well as vivid wall paintings bustling with human activity (picture something like the carnivalesque feel of a Bruegel street scene and you are not too far off). Still, nowhere among some thousands of such images do we find even a single representation of a ruler striking, binding or otherwise dominating a subordinate – unlike in the contemporary arts of the Maya and Zapotec, where this is a constant theme. Today scholars pore over Teotihuacan imagery, searching for anything that might be construed as a kingly figure, but largely they fail. In many cases the artists seem to have deliberately frustrated such efforts, for instance by making all the figures in a given scene exactly the same size.",ch9-n7 | ch9-n8,"In fact, it’s quite likely some form of writing system was used at Teotihuacan, but all we can see of it are isolated signs, or small groups, repeated on wall paintings and pots where they caption human figures. Perhaps one day they will yield answers to some of the burning questions about the society that built Teotihuacan, but for the moment they remain largely inscrutable. Scholars can’t even tell yet, with any degree of confidence, if the signs name individuals or groups, or perhaps places of origin; for recent and sometimes contradictory discussions see Taube 2000; Headrick 2007; Domenici 2018. It is quite possible, of course, that the residents of Teotihuacan produced more extensive inscriptions on media that have not survived, such as the ephemeral reed or bark paper (amatl) later used by Aztec scribes. | Other immigrants came to Teotihuacan from as far as Veracruz and Oaxaca, forming their own residential quarters and nurturing their traditional crafts. We should probably imagine at least some of the city’s many districts as so many ‘Chiapas-towns’, ‘Yucatán-towns’, and so on; see Manzanilla 2015.",Taube 2000 | Headrick 2007 | Domenici 2018 | Manzanilla 2015,"Taube, Karl. A. 2000. ‘The writing system of ancient Teotihuacan.’ Ancient America, vol. 1. Bardarsville, NC: Center for Ancient American Studies. | Headrick, Annabeth. 2007. The Teotihuacan Trinity: The Sociopolitical Structure of an Ancient Mesoamerican City. Austin: University of Texas Press. | Domenici, Davide. 2018. ‘Beyond dichotomies: Teotihuacan and the Mesoamerican urban tradition.’ In D. Domenici and N. Marchetti, Urbanized Landscapes in Early Syro-Mesopotamia and Prehispanic Mesoamerica. Wiesbaden: Harrassowitz Verlag, pp. 35–70. | Manzanilla, Linda R. 2015. ‘Cooperation and tensions in multi-ethnic corporate societies using Teotihuacan, Central Mexico, as a case study.’ Proceedings of the National Academy of Sciences 112 (30): 9210–15."
M0363,S076,Teotihuacan,Teotihuacan,L3047,3047,3047,Chapter 9: Hiding in Plain Sight,chapter,9,"Another key element of royal display in the ancient kingdoms of Mesoamerica, the ceremonial ball-court is also conspicuous by its absence at Teotihuacan.9 Neither has there been found any equivalent to the great tombs of Sihyaj Chan K’awiil at Tikal or K’inich Janaab Pakal in Palenque. And not for lack of trying. Archaeologists have combed through the ancient tunnels around the Pyramids of the Sun and the Moon and under the Temple of the Feathered Serpent, only to discover that the passages do not lead to royal tombs, or even robbed-out tomb chambers, but to chthonic labyrinths and mineral-crusted shrines: evocations of other worlds, no doubt, but not the graves of sacred rulers.10",ch9-n9 | ch9-n10,For the cosmological and political significance of ball-courts in Classic Maya cities see Miller and Houston 1987. | See Taube 1986.,Taube 1986,"Taube, Karl. A. 1986. ‘The Teotihuacan cave of origin: the iconography and architecture of emergence mythology in Mesoamerica and the American Southwest.’ RES: Anthropology and Aesthetics 12: 51–82."
M0364,S076,Teotihuacan,Teotihuacan,L3049,3049,3049,Chapter 9: Hiding in Plain Sight,chapter,9,"Some have suggested that the self-conscious rejection of outside convention at Teotihuacan runs even deeper. For instance, the city’s artists appear to have been aware of formal and compositional principles found among their Mesoamerican neighbours, and to have set about deliberately inverting them. Where Maya and Zapotec art draws on a tradition of relief carving derived from the earlier Olmec kings of Veracruz, favouring curves and flowing forms, the sculpture of Teotihuacan shows humans and humanoid figures as flat composites, tightly fitted to angular blocks. Some decades ago, these contrasts led Esther Pasztory – a Hungarian-American art historian who spent much of her career studying Teotihuacan’s art and imagery – to a radical conclusion. What we have, she argued, with highland Teotihuacan and the lowland Maya, is nothing less than a case of conscious cultural inversion – or what we’ve been calling schismogenesis – but this time on the scale of urban civilizations.11",ch9-n11,"It is worth noting, in passing, that rather similar arguments were made by the archaeologist and art historian Henri Frankfort (1948; 1951) with regard to the emergence of Egypt and Mesopotamia as parallel, but in some ways opposite, types of civilization; see also Wengrow 2010.",Frankfort 1948,"Frankfort, Henri. 1948. Kingship and the Gods: A Study of Ancient Near Eastern Religion as the Integration of Society and Nature. Chicago: Chicago University Press."
M0365,S076,Teotihuacan,Teotihuacan,L3051,3051,3051,Chapter 9: Hiding in Plain Sight,chapter,9,"Teotihuacan, in Pasztory’s view, created a new tradition of art to express the ways in which its society was different from that of its contemporaries elsewhere in Mesoamerica. In doing so it rejected both the specific visual trope of ruler and captive and the glorification of aristocratic individuals in general. In this it was strikingly different from both the earlier cultural tradition of the Olmec, and from contemporary Maya polities. If the visual arts of Teotihuacan celebrated anything, Pasztory insisted, then it was the community as a whole and its collective values, which – over a period of some centuries – successfully prevented the emergence of ‘dynastic personality cults’.12",ch9-n12,Pasztory 1988: 50; and see also Pasztory 1992; 1997.,Pasztory 1988 | Pasztory 1992,"Pasztory, Esther. 1988. ‘A reinterpretation of Teotihuacan and its mural painting tradition.’ In Berrin (ed.), pp. 45–77. | Pasztory, Esther. 1992. ‘Abstraction and the rise of a utopian state at Teotihuacan.’ In J. C. Berlo (ed.), Art, Ideology, and the City of Teotihuacan. Washington: Dumbarton Oaks Research Library and Collection, pp. 281–320."
M0366,S076,Teotihuacan,Teotihuacan,L3053,3053,3053,Chapter 9: Hiding in Plain Sight,chapter,9,"According to Pasztory, Teotihuacan was not just ‘anti-dynastic’ in spirit, it was itself a utopian experiment in urban life. Those who created it thought of themselves as creating a new and different kind of city, a Tollan for the people, without overlords or kings. Following in Pasztory’s footsteps, other scholars, eliminating virtually every other possibility, arrived at similar conclusions. In its early years, they concluded, Teotihuacan had gone some way down the road to authoritarian rule, but then around ad 300 suddenly reversed course: possibly there was a revolution of sorts, followed by a more equal distribution of the city’s resources and the establishment of a kind of ‘collective governance.’13",ch9-n13,"Millon 1976; 1988: 112; see also Cowgill 1997: 155–6; and for more recent arguments, on similar lines, see Froese, Gershenson and Manzanilla 2014.",Millon 1976 | Cowgill 1997,"Millon, René. 1976. ‘Social relations at ancient Teotihuacan.’ In E. Wolf (ed.), The Valley of Mexico: Studies in Pre-Hispanic Ecology and Society. Albuquerque: University of New Mexico Press, pp. 205–48. | Cowgill, George L. 1997. ‘State and society at Teotihuacan, Mexico.’ Annual Review of Anthropology 26: 129–61."
M0367,S076,Teotihuacan,Teotihuacan,L3055,3055,3055,Chapter 9: Hiding in Plain Sight,chapter,9,"The general consensus among those who know the site best is that Teotihuacan was, in fact, a city organized along some sort of self-consciously egalitarian lines. And, as we’ve seen, in world-historical terms all this is not nearly as weird or anomalous as scholars – or anyone else, for that matter – tend to assume. It is equally true if we simply try to understand Teotihuacan within its Mesoamerican context. The city didn’t come out of nowhere. While there might be a recognizable ‘package’ of Mesoamerican kingship, there also appears to have been a very different, dare we say republican, tradition as well.",,,,
M0368,S076,Teotihuacan,Teotihuacan,L3060,3060,3060,Chapter 9: Hiding in Plain Sight,chapter,9,"IN WHICH WE FIRST CONSIDER AN EXAMPLE OF STRANGER-KINGS IN THE MAYA LOWLANDS, AND THEIR AFFILIATION WITH TEOTIHUACAN",,,,
M0369,S076,Teotihuacan,Teotihuacan,L3064,3064,3064,Chapter 9: Hiding in Plain Sight,chapter,9,"Finely carved scenes on Mayan monuments of this period show figures seated on thrones, and wearing what can be instantly recognized as foreign, Teotihuacan-style dress and weaponry (the spear-throwers called atlatls, feathered shields, and so on), clearly distinct from the garb and finery of local rulers. Archaeologists working in western Honduras, near the border with Guatemala, have even unearthed what, judging by the grave goods, appear to be the actual burials of these stranger-kings at the base level of a temple at the site of Copán, which went through seven further phases of construction. Here, glyphic inscriptions describe at least some of these individuals as actually coming from the Land of the Cattail Reeds.14",ch9-n14,Sharer 2003; Ashmore 2015.,Sharer 2003 | Ashmore 2015,"Sharer, Robert J. 2003. ‘Founding events and Teotihuacan connections at Copán, Honduras.’ In Braswell (ed.), pp. 143–65. | Ashmore, Wendy. 2015. ‘Contingent acts of remembrance: royal ancestors of Classic Maya Copan and Quirigua.’ Ancient Mesoamerica 26: 213–31."
M0370,S076,Teotihuacan,Teotihuacan,L3066,3066,3066,Chapter 9: Hiding in Plain Sight,chapter,9,"Two things (at least) are very hard to explain here. First, why are there images of what appear to be Teotihuacano lords on thrones in Tikal, when there are no similar images of lords sitting on thrones at Teotihuacan itself? Second, how could Teotihuacan ever have mounted a successful military expedition against a kingdom over 600 miles away? Most experts assume the latter was simply impossible on logistical grounds, and they are probably correct to do so (although we should keep an open mind; after all, who could have predicted on logistical grounds that a motley crew of Spaniards would bring down a Mesoamerican empire of many millions?). The first question certainly requires more careful consideration. Were the individuals depicted as seated kings really from central Mexico at all?",,,,
M0371,S076,Teotihuacan,Teotihuacan,L3068,3068,3068,Chapter 9: Hiding in Plain Sight,chapter,9,"It’s possible we are just dealing here with local lords who had a taste for exotica. We know from art and inscriptions that Maya grandees sometimes enjoyed dressing up in Teotihuacan warrior gear, sometimes beheld visions of Teotihuacan spirits after ritual bloodletting, and generally liked to style themselves ‘Lords and Ladies of the West’. The city was certainly far enough away for the Maya to see it as a place of exotic fantasies, some kind of distant Shangri-La. But there are reasons to suspect it was more than just that. For one thing, people did regularly move back and forth. Obsidian from Teotihuacan adorned the Maya gods, and Teotihuacan’s deities wore green quetzal feathers from the Maya lowlands. Mercenaries and traders went both ways, pilgrimages and diplomatic visits followed; immigrants from Teotihuacan built temples in Maya cities, and there was even a Maya neighbourhood, replete with murals, at Teotihuacan itself.15",ch9-n15,See Stuart 2000; Braswell (ed.) 2003; Martin 2001; and for the recent and unprecedented discovery of Maya wall paintings at Teotihuacan see Sugiyama et al. 2019.,Stuart 2000 | Martin 2001 | Sugiyama 2019,"Stuart, David. 2000. ‘The arrival of strangers: Teotihuacan and Tollan in Classic Maya history.’ In D. Carrasco, L. Jones and S. Sessions (eds), Mesoamerica’s Classic Heritage: From Teotihuacan to Aztecs. Boulder: University Press of Colorado, pp. 465–513. | Martin, Simon. 2001. ‘The power in the west: the Maya and Teotihuacan.’ In Grube et al. (eds), pp. 98–113. | Sugiyama, Nawa et al. 2019. ‘Artistas mayas en Teotihuacan?’ Arqueología Mexicana 24 (142): 8."
M0372,S076,Teotihuacan,Teotihuacan,L3070,3070,3070,Chapter 9: Hiding in Plain Sight,chapter,9,"How do we resolve the puzzle of this Mayan depiction of Teotihuacan kings? Well, first of all, if history teaches us anything about long-distance trade routes, it’s that they are likely to be full of unscrupulous characters of various sorts: bandits, runaways, grifters, smugglers, religious visionaries, spies – or figures who may be any combination of these at a given time. This was no less true in Mesoamerica than anywhere else. The Aztecs, for instance, employed orders of heavily armed warrior-merchants called pochteca, who also gathered intelligence on the cities where they traded.",,,,
M0373,S076,Teotihuacan,Teotihuacan,L3074,3074,3074,Chapter 9: Hiding in Plain Sight,chapter,9,"From inscriptions at Tikal, we do know the names of some of these particular stranger-kings and their close associates, or at least the names they adopted as Maya nobles. One, called Sihyaj K’ahk’ (‘Born of Fire’), seems never himself to have ruled but helped install a series of Teotihuacano ‘princes’ on Maya thrones, including the throne of Tikal. We also know that these princes married local women of high rank, and that their offspring became Maya rulers, who also celebrated their ancestral connection to Teotihuacan: the ‘Tollan of the West’.",,,,
M0374,S076,Teotihuacan,Teotihuacan,L3076,3076,3076,Chapter 9: Hiding in Plain Sight,chapter,9,"From examination of burials at Copán we also know that, before their elevation to royal status, at least some of these adventurous individuals led extremely colourful lives, fighting and travelling and fighting again, and that they may not originally have come either from Copán or from Teotihuacan but somewhere else entirely.17 Taking all lines of evidence into account, it seems likely that these progenitors of Maya dynasties were originally members of groups that specialized in long-distance travel – traders, soldiers of fortune, missionaries or perhaps even spies – who, perhaps quite suddenly, found themselves elevated to royalty.18",ch9-n17 | ch9-n18,"Based on chemical analysis of human remains from an adult male found in the Hunal Tomb at Copan, which suggest an origin for its occupant – identified as the dynastic founder K’inich Yax K’uk Mo’ – in the central Petén region (Buikstra et al. 2004). | Cf. Cowgill 2013. Some later conquistadors played a similar role, such as the notorious Nuño Beltrán de Guzmán (c.1490–1558), who started his career in the Spanish court as a bodyguard of Charles V before going on to found cities in northwest Mexico, where he ruled as founder-tyrant.",Buikstra 2004,"Buikstra, Jane E. et al. 2004. ‘Tombs from the Copan Acropolis: a life history approach.’ In E. E. Bell et al. (eds.), pp. 185–205."
M0375,S076,Teotihuacan,Teotihuacan,L3080,3080,3080,Chapter 9: Hiding in Plain Sight,chapter,9,"All this is only guesswork. Still, it’s clear the images and records from places like Tikal tell us more about Maya concepts of royal power than they do about Teotihuacan itself, where not a shred of compelling evidence for the institution of kingship has yet been found. The ‘Mexican’ princes of the Maya lowlands, bedecked in regalia and seated on thrones, were engaging in exactly the sort of grandiose political gestures that had no place in their putative homeland. If not a monarchy, then, what was Teotihuacan? There is, we suggest, no one answer to this question – and over a period of five centuries there is no particular reason why there ought to be.",,,,
M0376,S076,Teotihuacan,Teotihuacan,L3090,3090,3090,Chapter 9: Hiding in Plain Sight,chapter,9,"Let’s look at a central portion of the standard architectural plan of Teotihuacan, pieced together from the most exhaustive survey of an urban landscape ever undertaken by archaeologists.20 Having gone to the lengths of recording a built environment on that scale – all eight square miles of it – archaeologists naturally want to see it all at once, in a single gasp. Modern archaeology often presents to us something like the chronologically collapsed plan of Mohenjo-daro and other ‘first cities’ with centuries or even millennia of urban history folded into a single map. It’s visually stunning, but actually quite flat and artificial. In the case of Teotihuacan, it gives an effect at once harmonious and misleading.",ch9-n20,Millon 1964.,Millon 1964,"Millon, René. 1964. ‘The Teotihuacan mapping project.’ American Antiquity 29 (3): 345–52."
M0377,S076,Teotihuacan,Teotihuacan,L3097,3097,3097,Chapter 9: Hiding in Plain Sight,chapter,9,"HOW THE PEOPLE OF TEOTIHUACAN TURNED THEIR BACKS ON MONUMENT-BUILDING AND HUMAN SACRIFICE, AND INSTEAD EMBARKED ON A REMARKABLE PROJECT OF SOCIAL HOUSING",,,,
M0378,S076,Teotihuacan,Teotihuacan,L3099,3099,3099,Chapter 9: Hiding in Plain Sight,chapter,9,"Teotihuacan’s growth to urban dimensions began around the year 0. At that time, whole populations were on the move across the Basin of Mexico and Valley of Puebla, fleeing the effects of seismic activity on their southern frontiers, which included a Plinian eruption of the volcano Popocatépetl. From ad 50 to 150, the flow of people into Teotihuacan siphoned life from surrounding areas. Villages and towns were abandoned, and also whole cities, like Cuicuilco, with its early traditions of pyramid-building. Under several feet of ash lie the ruins of other abandoned settlements. At the Pueblan site of Tetimpa, just eight miles from Popocatépetl, archaeologists have unearthed houses that foreshadow – on a smaller scale – the civic architecture of Teotihuacan.21",ch9-n21,Plunket and Uruñuela 2005; see also Nichols 2016.,Nichols 2016,"Nichols, Deborah L. 2016. ‘Teotihuacan.’ Journal of Archaeological Research 24: 1–74."
M0379,S076,Teotihuacan,Teotihuacan,L3101,3101,3101,Chapter 9: Hiding in Plain Sight,chapter,9,"Here the later chronicles do provide some useful, or at least thought-provoking accounts. Folk memories of a mass exodus survived right up to the time of the conquista. One tradition, preserved in the work of the Franciscan friar Bernardino de Sahagún, tells how Teotihuacan was founded by a coalition of elders, priests and wise men from other settlements. As the city grew it incorporated these smaller traditions, maize gods and village ancestors rubbing shoulders with urban deities of fire and rain.",,,,
M0380,S076,Teotihuacan,Teotihuacan,L3103,3103,3103,Chapter 9: Hiding in Plain Sight,chapter,9,"What we can refer to as Teotihuacan’s ‘Old City’ was organized on a parish system, with local shrines serving particular neighbourhoods. The layout of these district temples – three buildings around a central plaza – also follows the plan of earlier structures at Tetimpa, which Teotihuacan: residential apartments surrounding major monuments in the central districts housed the cults of village ancestors.22 In these early days, from ad 100 to 200, the residential quarters of Teotihuacan may well have looked like an enormous shanty town – but we don’t really know,23 just as we have no clear idea how the fledgling city divided access to arable land and other resources among its citizens. Maize was widely farmed, to be eaten by humans and domestic animals. People kept and ate turkeys, dogs, rabbits and hares. They also grew beans, and enjoyed access to whitetail deer and peccaries, as well as wild fruits and vegetables. Seafood arrived from the distant coast, presumably smoked or salted; but how far the various sectors of the urban economy were integrated at this time, and how exactly resources were pulled in from a wider hinterland, is altogether unclear.24",ch9-n22 | ch9-n24,"Froese, Gershenson and Manzanilla 2014. | See Manzanilla 2017.",Manzanilla 2017,"Manzanilla, Linda R. 2017. ‘Discussion: the subsistence of the Teotihuacan metropolis.’ Archaeological and Anthropological Sciences 9: 133–40."
M0381,S076,Teotihuacan,Teotihuacan,L3109,3109,3109,Chapter 9: Hiding in Plain Sight,chapter,9,"What we can say is that the Teotihuacanos’ efforts to create a civic identity focused initially on the building of monuments: the raising of a sacred city in the midst of the wider urban sprawl.25 This meant the creation of an entirely new landscape in the centre of Teotihuacan, requiring the work of some thousands of labourers. Pyramid-mountains and artificial rivers went up, providing a stage for the performance of calendrical rituals. In a colossal feat of civil engineering, the channels of the Rio San Juan and Rio San Lorenzo were diverted, tying them to the city’s orthogonal grid and transforming their marshy banks into solid foundations (all this, recall, without the benefit of working animals or metal tools). This in turn laid the basis for a grand architectural programme which saw the erection of the Pyramids of the Sun and the Moon and the Temple of the Feathered Serpent. The temple faced a sunken plaza that captured the floodwaters of the San Juan to form a seasonal lake, its waters lapping at painted carvings of plumed serpents and shells on the temple façade, making them glisten as rains began to fall in late spring.26",ch9-n25 | ch9-n26,"Arguably, the whole affair has a strong millenarian flavour when set against the backdrop of mass displacements and the loss of former homes to natural disasters; cf. Paulinyi 1981: 334. | Pasztory 1997: 73–138; and for more up-to-date accounts of the various construction phases, with associated radiocarbon determinations, see S. Sugiyama and Castro 2007; N. Sugiyama et al. 2013.",Paulinyi 1981 | Pasztory 1997 | Sugiyama 2013,"Paulinyi, Zoltán. 1981. ‘Capitals in pre-Aztec Central Mexico.’ Acta Orientalia Academiae Scientiarum Hungaricae 35 (2/3): 315–50. | Pasztory, Esther. 1997. Teotihuacan. An Experiment in Living. Norman: University of Oklahoma Press. | Sugiyama, Nawa, Saburo Sugiyama and Alejandro G. Sarabia. 2013. ‘Inside the Sun Pyramid at Teotihuacan, Mexico: 2008–2011 excavations and preliminary results.’ Latin American Antiquity 24 (4): 403–32."
M0382,S076,Teotihuacan,Teotihuacan,L3113,3113,3113,Chapter 9: Hiding in Plain Sight,chapter,9,"You would think that at this point – around ad 200 – the fate of Teotihuacan was sealed: its destiny to join the ranks of ‘classic’ Mesoamerican civilizations with their strong traditions of warrior aristocracy and city-states governed by hereditary nobles. What we might then expect to see next, in the archaeological record, is a concentration of power around the city’s focal monuments: the rise of luxurious palaces, inhabited by rulers who were the font of wealth and privilege, with attached quarters for elite kinsmen; and the development of monumental art to glorify their military conquests, the lucrative tribute it generated and their services to the gods. But the evidence tells a very different story, because the citizens of Teotihuacan chose a different path.",,,,
M0383,S076,Teotihuacan,Teotihuacan,L3115,3115,3115,Chapter 9: Hiding in Plain Sight,chapter,9,"In fact, the entire trajectory of Teotihuacan’s political development seems to have gone off on a remarkable tangent. Instead of building palaces and elite quarters, the citizens embarked on a remarkable project of urban renewal, supplying high-quality apartments for nearly all the city’s population, regardless of wealth or status.28 Without written sources, we can’t really say why. Archaeologists are not yet able to distinguish the precise sequence of events with any confidence. But nobody doubts that something did happen, and what we will try to do now is sketch out what it was.",ch9-n28,Cowgill 1997: 155.,Cowgill 1997,"Cowgill, George L. 1997. ‘State and society at Teotihuacan, Mexico.’ Annual Review of Anthropology 26: 129–61."
M0384,S076,Teotihuacan,Teotihuacan,L3125,3125,3125,Chapter 9: Hiding in Plain Sight,chapter,9,"The big turnaround in Teotihuacan’s fortunes seems to have begun around ad 300. At that time, or shortly after, the Temple of the Feathered Serpent was desecrated and its stores of offerings looted. Not only was it set on fire; many of the gargoyle-like heads of the Feathered Serpent on its façade were smashed or ground to a stump. A large-stepped platform was then constructed to its west, which made what was left of the temple invisible from its main avenue. If you visit the heavily reconstructed ruins of Teotihuacan today and wish to see what remains of its goggle-eyed gods and plumed snakeheads you will have to stand on top of this platform, which archaeologists call the adosada.29",ch9-n29,See Cowgill 2015: 145–6.,Cowgill 2015,"Cowgill, George L. 2015. Ancient Teotihuacan. Early Urbanism in Central Mexico. Cambridge: Cambridge University Press."
M0385,S076,Teotihuacan,Teotihuacan,L3127,3127,3127,Chapter 9: Hiding in Plain Sight,chapter,9,"At this point all new pyramid construction stopped permanently, and there is no further evidence of ritually sanctioned killing at the established Pyramids of the Sun and Moon, which remained in use as civic monuments until around ad 550 – albeit for other, less lethal purposes about which we know little.30 Instead, what we see after ad 300 is an extraordinary flow of urban resources into the provision of excellent stone-built housing, not just for the wealthy or privileged but for the great majority of Teotihuacan’s population. These impressive apartments, laid out in regular plots from one end of the city to the other, were probably not an innovation of this period. Their construction on a city-grid may have begun a century or so earlier, as did the razing of older and more ramshackle dwellings to make way for them.31",ch9-n30 | ch9-n31,Sugiyama and Castro 2007. Froese et al. (2014: 3) note that the Pyramids of the Sun and Moon may have been considered as ‘large-scale public goods on a continuum with the constructions of large-scale housing for most of the population’. | Carballo et al. 2019; cf. Smith et al. 2017.,Froese 2014 | Carballo 2019 | Smith 2017,"Froese, Tom, Carlos Gershenson and Linda R. Manzanilla. 2014. ‘Can government be self-organized? A mathematical model of the collective social organization of ancient Teotihuacan, Central Mexico.’ PLoS ONE 9 (10): e109966. | Carballo, David M. et al. 2019. ‘New research at Teotihuacan’s Tlajinga district, 2012–2015.’ Ancient Mesoamerica 30: 95–113. | Smith, Michael. E. et al. 2017. ‘The Teotihuacan anomaly: the historical trajectory of urban design in ancient Central Mexico.’ Open Archaeology 3: 175–93."
M0386,S076,Teotihuacan,Teotihuacan,L3133,3133,3133,Chapter 9: Hiding in Plain Sight,chapter,9,"René Millon, the archaeologist responsible for producing the first detailed map of Teotihuacan’s layout, felt that the apartment compound was actually invented as a form of social housing, ‘designed for urban life in a city that was becoming increasingly crowded, perhaps approaching the chaotic’.34 Each block was initially laid out to similar scale and dimensions, on plots of roughly 3,600 square metres, although some deviated from this ideal scheme. Strict uniformity was avoided in the arrangement of rooms and courtyards, so in the last resort each compound was unique. Even the more modest apartments show signs of a comfortable lifestyle, with access to imported goods and a staple diet of corn tortillas, eggs, turkey and rabbit meat, and the milk-hued drink known as pulque (an alcoholic beverage fermented from the spiky agave plant).35",ch9-n34 | ch9-n35,Millon 1976: 215. | Manzanilla 1993.,Millon 1976 | Manzanilla 1993,"Millon, René. 1976. ‘Social relations at ancient Teotihuacan.’ In E. Wolf (ed.), The Valley of Mexico: Studies in Pre-Hispanic Ecology and Society. Albuquerque: University of New Mexico Press, pp. 205–48. | Manzanilla, Linda R. 1993. ‘Daily life in Teotihuacan apartment compounds.’ In Berrin and Pasztory (eds), pp. 90–99."
M0387,S076,Teotihuacan,Teotihuacan,L3135,3135,3135,Chapter 9: Hiding in Plain Sight,chapter,9,"In other words, few were deprived. More than that, many citizens enjoyed a standard of living that is rarely achieved across such a wide sector of urban society in any period of urban history, including our own. Teotihuacan had indeed changed its course away from monarchy and aristocracy to become instead a ‘Tollan of the people’.",,,,
M0388,S076,Teotihuacan,Teotihuacan,L3139,3139,3139,Chapter 9: Hiding in Plain Sight,chapter,9,"Both forms of urban community, existing alongside one another, retained a human scale, a world away from our modern conception of the ‘housing estate’ in which nuclear families are sequestered by the thousands in multi-storey monoliths. So we are back to the question with which we started: what held this ‘New Teotihuacan’ together, if not a hereditary elite or some other type of governing class?",,,,
M0389,S076,Teotihuacan,Teotihuacan,L3145,3145,3145,Chapter 9: Hiding in Plain Sight,chapter,9,"Another, more ebullient face of Teotihuacan’s civic identity is revealed in its mural art. Despite efforts to see them as sombre religious iconography, these playful pictorial scenes – painted on the interior walls of apartment compounds from around ad 350 – often seem veritably psychedelic.37 Streaming effigies emerge from clustered plant, human and animal bodies, framed by figures with elaborate costumes, sometimes grasping hallucinogenic seeds and mushrooms; and among the crowd scenes we find flower eaters with rainbows bursting from their heads.38 Such scenes often depict human figures all at roughly the same size, with no individual raised up over another.39",ch9-n37 | ch9-n38 | ch9-n39,"Giveaways include dizzying colour contrasts, fractal arrangements of organic forms that merge into one another, and intense geometrical patterning, bordering on kaleidoscopic. | Most famously, in the murals from the apartment compounds of Tepantitla district, which also show ball games played in open civic spaces rather than courts (as we discuss further in Chapter Ten). See Uriarte 2006; and also Froese et al. 2014: 9–10. | Isolated elements of glyphic writing may complicate this picture, designating specific groups or individuals, although on what criteria exactly is still unknown; Domenici 2018.",Froese 2014 | Domenici 2018,"Froese, Tom, Carlos Gershenson and Linda R. Manzanilla. 2014. ‘Can government be self-organized? A mathematical model of the collective social organization of ancient Teotihuacan, Central Mexico.’ PLoS ONE 9 (10): e109966. | Domenici, Davide. 2018. ‘Beyond dichotomies: Teotihuacan and the Mesoamerican urban tradition.’ In D. Domenici and N. Marchetti, Urbanized Landscapes in Early Syro-Mesopotamia and Prehispanic Mesoamerica. Wiesbaden: Harrassowitz Verlag, pp. 35–70."
M0390,S076,Teotihuacan,Teotihuacan,L3149,3149,3149,Chapter 9: Hiding in Plain Sight,chapter,9,"Now here we have something going on that would obviously be very difficult to square with the idea of communal living on a large scale; and this is precisely our point. Below the surface of civil society at Teotihuacan there must have been all sorts of social tensions simmering away among groups of radically different ethnic and linguistic backgrounds who were constantly moving in and out, consolidating relationships with foreign trading partners, cultivating alter egos in remote places and sometimes bringing those forms of identity back with them. (We might allow ourselves to imagine what would happen should a Teotihuacano freebooter who’d managed to make himself King of Tikal ever have returned home.) By around ad 550, the social fabric of the city had begun to come apart at the seams. There is no compelling evidence of foreign invasion. Things seems to have disintegrated from within. Almost as suddenly as it had once coalesced some five centuries previously, the city’s population dispersed again, leaving their Tollan behind them.41",ch9-n41,"Domenici (2018: 50–51), drawing on the work of Richard Blanton (1998; Blanton et al. 1996), proposes a plausible sequence of developments whereby tensions grew between civic responsibilities and the interests of largely self-governing neighbourhoods. Some form of privatization is envisaged, undermining the collective ethos or ‘corporate ideology’ of earlier times.",Domenici 2018 | Blanton 1998 | Blanton 1996,"Domenici, Davide. 2018. ‘Beyond dichotomies: Teotihuacan and the Mesoamerican urban tradition.’ In D. Domenici and N. Marchetti, Urbanized Landscapes in Early Syro-Mesopotamia and Prehispanic Mesoamerica. Wiesbaden: Harrassowitz Verlag, pp. 35–70. | Blanton, Richard E. 1998. ‘Beyond centralization: steps toward a theory of egalitarian behaviour in archaic states.’ In G. A. Feinman and J. Marcus (eds), Archaic States. Santa Fe: School of American Research, pp. 135–72. | Blanton, Richard E., Gary Feinman, Stephen A. Kowalewski and Peter N. Peregrine. 1996. ‘A dual-processual theory for the evolution of Mesoamerican civilization.’ Current Anthropology 37 (1): 1–14."
M0391,S076,Teotihuacan,Teotihuacan,L3151,3151,3151,Chapter 9: Hiding in Plain Sight,chapter,9,"The rise and decline of Teotihuacan set in motion a roughly cyclical pattern of demographic concentration and dispersal in central Mexico which repeated itself a number of times between ad 300 and 1200, down to the disintegration of Tula and the fall of the Toltec state.42 Over this longer span of time, what was the legacy of Teotihuacan and its grand urban experiment? Should we view the whole episode as a passing deviation, a blip (albeit an extremely large blip) on the road that led from Olmec hierarchy to Toltec aristocracy and eventually Aztec imperialism? Or might the egalitarian aspects of Teotihuacan have a distinct legacy of their own? Few have really considered the latter possibility, but there are good reasons to ask, especially since early Spanish accounts of the Mexican highlands provide some extraordinarily suggestive material – including descriptions of indigenous cities which, to European eyes, could only be understood as republics, or even democracies.",ch9-n42,As pointed out by the historian Zoltán Paulinyi (1981: 315–16).,Paulinyi 1981,"Paulinyi, Zoltán. 1981. ‘Capitals in pre-Aztec Central Mexico.’ Acta Orientalia Academiae Scientiarum Hungaricae 35 (2/3): 315–50."
M0392,S076,Teotihuacan,Teotihuacan,L3236,3236,3236,Chapter 9: Hiding in Plain Sight,chapter,9,"Modern archaeological investigations thus confirm the existence of an indigenous republic at Tlaxcala long before Cortés set foot on Mexican soil, while later written sources leave us in little doubt as to its democratic credentials. The contrasts with other known Mesoamerican cities of the time are quite striking – though it should also be said that fifth-century Athens was something of an outlier, surrounded by petty kingdoms and oligarchies. Nor should these contrasts be overdrawn. What we have learned in this chapter is that the political traditions of Tlaxcala are not an anomaly, but lie in one broad stream of urban development which can be traced back, in outline, to the experiments in social welfare undertaken 1,000 years earlier at Teotihuacan. Despite Aztec claims to a special relationship with that abandoned city, Tlaxcala was at least as much a part of its legacy as the Aztec capital of Tenochtitlan – and in most really significant ways, more so.",,,,
M0393,S076,Teotihuacan,Teotihuacan,L3869,3869,3869,Chapter 10: Why the State Has No Origin,chapter,10,"It’s also important to recall the very uneven nature of the evidence we’ve been dealing with. What would we be saying about Minoan Crete, or Teotihuacan, or Çatalhöyük for that matter, were it not for the fact that their elaborate wall paintings happen to have been preserved? More than almost any other form of human activity, painting on walls is something people in virtually any cultural setting seem inclined to do. This has been true almost since the beginnings of humanity itself. We can hardly doubt that similar images were produced, on skins and fabrics as well as directly on walls, in any number of so-called ‘early states’ from which only bare stone building blocks or mud-brick enclosures now survive.",,,,
M0394,S076,Teotihuacan,Teotihuacan,L3896,3896,3896,Chapter 11: Full Circle,chapter,11,"As a result, the same portrayers of world history who profess themselves believers in freedom, democracy and women’s rights continue to treat historical epochs of relative freedom, democracy and women’s rights as so many ‘dark ages’. Similarly, as we’ve seen, the concept of ‘civilization’ is still largely reserved for societies whose defining characteristics include high-handed autocrats, imperial conquests and the use of slave labour. Presented with undeniable cases of large and materially sophisticated societies for which evidence of such things is conspicuously lacking – ancient centres like Teotihuacan or Knossos, for example – the standard recourse is to throw up one’s hands and say: who can tell what was really going on there? or insist that Ozymandias’ throne room must be lurking in there somewhere, but that we simply haven’t found it yet.",,,,
M0395,S076,Teotihuacan,Teotihuacan,L4425,4425,4425,Chapter 12: Conclusion,chapter,12,"Of course, monarchy, warrior aristocracies or other forms of stratification could also take hold in urban contexts, and often did. When this happened the consequences were dramatic. Still, the mere existence of large human settlements in no way caused these phenomena, and certainly didn’t make them inevitable. For the origins of these structures of domination we must look elsewhere. Hereditary aristocracies were just as likely to exist among demographically small or modest-sized groups, such as the ‘heroic societies’ of the Anatolian highlands, which took form on the margins of the first Mesopotamian cities and traded extensively with them. Insofar as we have evidence for the inception of monarchy as a permanent institution it seems to lie precisely there, and not in cities. In other parts of the world, some urban populations ventured partway down the road towards monarchy, only to turn back. Such was the case at Teotihuacan in the Valley of Mexico, where the city’s population – having raised the Pyramids of the Sun and Moon – then abandoned such aggrandizing projects and embarked instead on a prodigious programme of social housing, providing multi-family apartments for its residents.",,,,
M0396,S076,Teotihuacan,Teotihuacan,L5362,5362,5362,Notes to Chapter 8: Imaginary Cities,notes,8,"13. For direct evidence of in-migration to Teotihuacan, based on isotopic studies of human remains, see White et al. 2008; for similar evidence at Harappa see Valentine et al. 2015. For a general discussion of neighbourhoods and their role in the formation of early cities, Smith 2015.",ch8-n13,"For direct evidence of in-migration to Teotihuacan, based on isotopic studies of human remains, see White et al. 2008; for similar evidence at Harappa see Valentine et al. 2015. For a general discussion of neighbourhoods and their role in the formation of early cities, Smith 2015.",White 2008 | Valentine 2015 | Smith 2015,"White, Christine D. et al. 2008. ‘The Teotihuacan dream: an isotopic study of economic organization and immigration.’ Ontario Archaeology 85–8: 279–97. | Valentine, B. et al. 2015. ‘Evidence for patterns of selective urban migration in the Greater Indus Valley (2600–1900 bc): a lead and strontium isotope mortuary analysis.’ PLoS ONE 10 (4): e0123103. | Smith, Michael E. 2015. ‘Neighborhood formation in semi-urban settlements.’ Journal of Urbanism 8 (2): 173–98."
M0397,S076,Teotihuacan,Teotihuacan,L5578,5578,5578,Notes to Chapter 9: Hiding in Plain Sight,notes,9,"7. In fact, it’s quite likely some form of writing system was used at Teotihuacan, but all we can see of it are isolated signs, or small groups, repeated on wall paintings and pots where they caption human figures. Perhaps one day they will yield answers to some of the burning questions about the society that built Teotihuacan, but for the moment they remain largely inscrutable. Scholars can’t even tell yet, with any degree of confidence, if the signs name individuals or groups, or perhaps places of origin; for recent and sometimes contradictory discussions see Taube 2000; Headrick 2007; Domenici 2018. It is quite possible, of course, that the residents of Teotihuacan produced more extensive inscriptions on media that have not survived, such as the ephemeral reed or bark paper (amatl) later used by Aztec scribes.",ch9-n7,"In fact, it’s quite likely some form of writing system was used at Teotihuacan, but all we can see of it are isolated signs, or small groups, repeated on wall paintings and pots where they caption human figures. Perhaps one day they will yield answers to some of the burning questions about the society that built Teotihuacan, but for the moment they remain largely inscrutable. Scholars can’t even tell yet, with any degree of confidence, if the signs name individuals or groups, or perhaps places of origin; for recent and sometimes contradictory discussions see Taube 2000; Headrick 2007; Domenici 2018. It is quite possible, of course, that the residents of Teotihuacan produced more extensive inscriptions on media that have not survived, such as the ephemeral reed or bark paper (amatl) later used by Aztec scribes.",Taube 2000 | Headrick 2007 | Domenici 2018,"Taube, Karl. A. 2000. ‘The writing system of ancient Teotihuacan.’ Ancient America, vol. 1. Bardarsville, NC: Center for Ancient American Studies. | Headrick, Annabeth. 2007. The Teotihuacan Trinity: The Sociopolitical Structure of an Ancient Mesoamerican City. Austin: University of Texas Press. | Domenici, Davide. 2018. ‘Beyond dichotomies: Teotihuacan and the Mesoamerican urban tradition.’ In D. Domenici and N. Marchetti, Urbanized Landscapes in Early Syro-Mesopotamia and Prehispanic Mesoamerica. Wiesbaden: Harrassowitz Verlag, pp. 35–70."
M0398,S076,Teotihuacan,Teotihuacan,L5580,5580,5580,Notes to Chapter 9: Hiding in Plain Sight,notes,9,"8. Other immigrants came to Teotihuacan from as far as Veracruz and Oaxaca, forming their own residential quarters and nurturing their traditional crafts. We should probably imagine at least some of the city’s many districts as so many ‘Chiapas-towns’, ‘Yucatán-towns’, and so on; see Manzanilla 2015.",ch9-n8,"Other immigrants came to Teotihuacan from as far as Veracruz and Oaxaca, forming their own residential quarters and nurturing their traditional crafts. We should probably imagine at least some of the city’s many districts as so many ‘Chiapas-towns’, ‘Yucatán-towns’, and so on; see Manzanilla 2015.",Manzanilla 2015,"Manzanilla, Linda R. 2015. ‘Cooperation and tensions in multi-ethnic corporate societies using Teotihuacan, Central Mexico, as a case study.’ Proceedings of the National Academy of Sciences 112 (30): 9210–15."
M0399,S076,Teotihuacan,Teotihuacan,L5594,5594,5594,Notes to Chapter 9: Hiding in Plain Sight,notes,9,15. See Stuart 2000; Braswell (ed.) 2003; Martin 2001; and for the recent and unprecedented discovery of Maya wall paintings at Teotihuacan see Sugiyama et al. 2019.,ch9-n15,See Stuart 2000; Braswell (ed.) 2003; Martin 2001; and for the recent and unprecedented discovery of Maya wall paintings at Teotihuacan see Sugiyama et al. 2019.,Stuart 2000 | Martin 2001 | Sugiyama 2019,"Stuart, David. 2000. ‘The arrival of strangers: Teotihuacan and Tollan in Classic Maya history.’ In D. Carrasco, L. Jones and S. Sessions (eds), Mesoamerica’s Classic Heritage: From Teotihuacan to Aztecs. Boulder: University Press of Colorado, pp. 465–513. | Martin, Simon. 2001. ‘The power in the west: the Maya and Teotihuacan.’ In Grube et al. (eds), pp. 98–113. | Sugiyama, Nawa et al. 2019. ‘Artistas mayas en Teotihuacan?’ Arqueología Mexicana 24 (142): 8."
M0400,S076,Teotihuacan,Teotihuacan,L5610,5610,5610,Notes to Chapter 9: Hiding in Plain Sight,notes,9,"23. Carballo et al. (2019: 109) note that domestic architecture from this early phase of Teotihuacan’s expansion is very poorly understood. Such traces as have been found suggest irregular and unimposing dwellings, erected on posts rather than stone foundations. See also Smith et al. 2017.",ch9-n23,"Carballo et al. (2019: 109) note that domestic architecture from this early phase of Teotihuacan’s expansion is very poorly understood. Such traces as have been found suggest irregular and unimposing dwellings, erected on posts rather than stone foundations. See also Smith et al. 2017.",Carballo 2019 | Smith 2017,"Carballo, David M. et al. 2019. ‘New research at Teotihuacan’s Tlajinga district, 2012–2015.’ Ancient Mesoamerica 30: 95–113. | Smith, Michael. E. et al. 2017. ‘The Teotihuacan anomaly: the historical trajectory of urban design in ancient Central Mexico.’ Open Archaeology 3: 175–93."
M0401,S076,Teotihuacan,Teotihuacan,L5628,5628,5628,Notes to Chapter 9: Hiding in Plain Sight,notes,9,"32. Pasztory (1992: 287) observed, ‘No other common people in Mesoamerican history lived in such houses’, though as we shall see, the case of social housing at Teotihuacan is not as isolated as once thought.",ch9-n32,"Pasztory (1992: 287) observed, ‘No other common people in Mesoamerican history lived in such houses’, though as we shall see, the case of social housing at Teotihuacan is not as isolated as once thought.",Pasztory 1992,"Pasztory, Esther. 1992. ‘Abstraction and the rise of a utopian state at Teotihuacan.’ In J. C. Berlo (ed.), Art, Ideology, and the City of Teotihuacan. Washington: Dumbarton Oaks Research Library and Collection, pp. 281–320."
M0402,S076,Teotihuacan,Teotihuacan,L5786,5786,5786,Notes to Chapter 10: Why the State Has No Origin,notes,10,"44. Hill and Clark 2001. It’s of more than passing interest, in this context, that Teotihuacan – governed on more collective principles than Olmec, Maya or Aztec cities – had no such arena for the official staging of ball games. Excluding a public ball-court from the municipal plan must surely have been a deliberate choice, since many of Teotihuacan’s occupants would have been familiar with such spectacles, and as we saw in Chapter Nine, nearly everything else in the city centre was laid out with exacting foresight and precision. When ball games do appear at Teotihuacan, it’s in a different context. So very different, that one begins to suspect some conscious inversion of ideas that were canonical in the surrounding kingdoms of Oaxaca and the Maya lowlands (recalling that people moved regularly between these regions and were familiar with the practices of their neighbours).",ch10-n44,"Hill and Clark 2001. It’s of more than passing interest, in this context, that Teotihuacan – governed on more collective principles than Olmec, Maya or Aztec cities – had no such arena for the official staging of ball games. Excluding a public ball-court from the municipal plan must surely have been a deliberate choice, since many of Teotihuacan’s occupants would have been familiar with such spectacles, and as we saw in Chapter Nine, nearly everything else in the city centre was laid out with exacting foresight and precision. When ball games do appear at Teotihuacan, it’s in a different context. So very different, that one begins to suspect some conscious inversion of ideas that were canonical in the surrounding kingdoms of Oaxaca and the Maya lowlands (recalling that people moved regularly between these regions and were familiar with the practices of their neighbours).",,
M0403,S076,Teotihuacan,Teotihuacan,L5788,5788,5788,Notes to Chapter 10: Why the State Has No Origin,notes,10,"The evidence comes from domestic wall paintings in one of Teotihuacan’s well-appointed housing estates, known as Tepantitla. Gods are depicted, but also the earliest known images of people playing ball games with their feet, hands and sticks – something on the lines of soccer, basketball and hockey (see Uriarte 2006). All this was in violation of aristocratic norms. The scenes have a street setting, with large numbers of participants all shown at the same scale. Associated with these scenes is a recurrent symbolism of water lilies, a powerful hallucinogen. Perhaps what we are seeing here is something peculiar to Teotihuacan; or perhaps we are glimpsing something of the games played by ordinary folk throughout Mesoamerica, a side of life that is largely invisible to us in more stratified polities.",,,,
M0404,S077,Tikal,Tikal,L3043,3043,3043,Chapter 9: Hiding in Plain Sight,chapter,9,"In the wider region, the paradigm is set by a series of dynastic polities, located far from the Valley of Mexico in the Yucatán Peninsula and adjacent highlands. Today’s historians know these polities as the Classic Maya (c.ad 150–900 – the term ‘classic’ is also applied to their ancient written language and to the chronological period in question). Cities like Tikal, Calakmul or Palenque were dominated by royal temples, ball-courts (settings for competitive, sometimes lethal games), images of war and humiliated captives (often publicly killed after ball games), complex calendrical rituals celebrating royal ancestors, and records of the deeds and biographies of living kings. In the modern imagination this has become the ‘standard package’ of Mesoamerican kingship, associated with ancient cities throughout the region from Monte Alban (in Oaxaca, c.ad 500–800) to Tula (in central Mexico, c.ad 850–1150), and arguably reaching as far north as Cahokia (near what’s now East St Louis, c.ad 800–1200).",,,,
M0405,S077,Tikal,Tikal,L3047,3047,3047,Chapter 9: Hiding in Plain Sight,chapter,9,"Another key element of royal display in the ancient kingdoms of Mesoamerica, the ceremonial ball-court is also conspicuous by its absence at Teotihuacan.9 Neither has there been found any equivalent to the great tombs of Sihyaj Chan K’awiil at Tikal or K’inich Janaab Pakal in Palenque. And not for lack of trying. Archaeologists have combed through the ancient tunnels around the Pyramids of the Sun and the Moon and under the Temple of the Feathered Serpent, only to discover that the passages do not lead to royal tombs, or even robbed-out tomb chambers, but to chthonic labyrinths and mineral-crusted shrines: evocations of other worlds, no doubt, but not the graves of sacred rulers.10",ch9-n9 | ch9-n10,For the cosmological and political significance of ball-courts in Classic Maya cities see Miller and Houston 1987. | See Taube 1986.,Taube 1986,"Taube, Karl. A. 1986. ‘The Teotihuacan cave of origin: the iconography and architecture of emergence mythology in Mesoamerica and the American Southwest.’ RES: Anthropology and Aesthetics 12: 51–82."
M0406,S077,Tikal,Tikal,L3062,3062,3062,Chapter 9: Hiding in Plain Sight,chapter,9,"Let us start by leaving behind the city itself, and the valleys and plateaus of central Mexico, for the tropical forest kingdoms of the Classic Maya, whose ruins lie to the east: in Mexico’s Yucatán Peninsula, and within the modern countries of Guatemala, Belize, Honduras and El Salvador. In the fifth century ad, something remarkable happens in the art and writing of some of these Maya city-states, including the largest and most prominent among them, Tikal.",,,,
M0407,S077,Tikal,Tikal,L3066,3066,3066,Chapter 9: Hiding in Plain Sight,chapter,9,"Two things (at least) are very hard to explain here. First, why are there images of what appear to be Teotihuacano lords on thrones in Tikal, when there are no similar images of lords sitting on thrones at Teotihuacan itself? Second, how could Teotihuacan ever have mounted a successful military expedition against a kingdom over 600 miles away? Most experts assume the latter was simply impossible on logistical grounds, and they are probably correct to do so (although we should keep an open mind; after all, who could have predicted on logistical grounds that a motley crew of Spaniards would bring down a Mesoamerican empire of many millions?). The first question certainly requires more careful consideration. Were the individuals depicted as seated kings really from central Mexico at all?",,,,
M0408,S077,Tikal,Tikal,L3074,3074,3074,Chapter 9: Hiding in Plain Sight,chapter,9,"From inscriptions at Tikal, we do know the names of some of these particular stranger-kings and their close associates, or at least the names they adopted as Maya nobles. One, called Sihyaj K’ahk’ (‘Born of Fire’), seems never himself to have ruled but helped install a series of Teotihuacano ‘princes’ on Maya thrones, including the throne of Tikal. We also know that these princes married local women of high rank, and that their offspring became Maya rulers, who also celebrated their ancestral connection to Teotihuacan: the ‘Tollan of the West’.",,,,
M0409,S077,Tikal,Tikal,L3080,3080,3080,Chapter 9: Hiding in Plain Sight,chapter,9,"All this is only guesswork. Still, it’s clear the images and records from places like Tikal tell us more about Maya concepts of royal power than they do about Teotihuacan itself, where not a shred of compelling evidence for the institution of kingship has yet been found. The ‘Mexican’ princes of the Maya lowlands, bedecked in regalia and seated on thrones, were engaging in exactly the sort of grandiose political gestures that had no place in their putative homeland. If not a monarchy, then, what was Teotihuacan? There is, we suggest, no one answer to this question – and over a period of five centuries there is no particular reason why there ought to be.",,,,
M0410,S077,Tikal,Tikal,L3149,3149,3149,Chapter 9: Hiding in Plain Sight,chapter,9,"Now here we have something going on that would obviously be very difficult to square with the idea of communal living on a large scale; and this is precisely our point. Below the surface of civil society at Teotihuacan there must have been all sorts of social tensions simmering away among groups of radically different ethnic and linguistic backgrounds who were constantly moving in and out, consolidating relationships with foreign trading partners, cultivating alter egos in remote places and sometimes bringing those forms of identity back with them. (We might allow ourselves to imagine what would happen should a Teotihuacano freebooter who’d managed to make himself King of Tikal ever have returned home.) By around ad 550, the social fabric of the city had begun to come apart at the seams. There is no compelling evidence of foreign invasion. Things seems to have disintegrated from within. Almost as suddenly as it had once coalesced some five centuries previously, the city’s population dispersed again, leaving their Tollan behind them.41",ch9-n41,"Domenici (2018: 50–51), drawing on the work of Richard Blanton (1998; Blanton et al. 1996), proposes a plausible sequence of developments whereby tensions grew between civic responsibilities and the interests of largely self-governing neighbourhoods. Some form of privatization is envisaged, undermining the collective ethos or ‘corporate ideology’ of earlier times.",Domenici 2018 | Blanton 1998 | Blanton 1996,"Domenici, Davide. 2018. ‘Beyond dichotomies: Teotihuacan and the Mesoamerican urban tradition.’ In D. Domenici and N. Marchetti, Urbanized Landscapes in Early Syro-Mesopotamia and Prehispanic Mesoamerica. Wiesbaden: Harrassowitz Verlag, pp. 35–70. | Blanton, Richard E. 1998. ‘Beyond centralization: steps toward a theory of egalitarian behaviour in archaic states.’ In G. A. Feinman and J. Marcus (eds), Archaic States. Santa Fe: School of American Research, pp. 135–72. | Blanton, Richard E., Gary Feinman, Stephen A. Kowalewski and Peter N. Peregrine. 1996. ‘A dual-processual theory for the evolution of Mesoamerican civilization.’ Current Anthropology 37 (1): 1–14."
M0411,S077,Tikal,Tikal,L3389,3389,3389,Chapter 10: Why the State Has No Origin,chapter,10,"Now, this anti-authoritarian streak might come as something of a surprise to those who know the Maya as one of a triumvirate of New World civilizations – Aztecs, Maya, Inca – familiar from books on art history. Much of the art from what’s called the Classic Maya period, roughly ad 150–900, is exquisitely beautiful. Most derives from cities that once existed in what are now the tangled rainforests of Petén. On first appraisal, the Maya in this period seem to have been organized into kingdoms much like those of the Andes or central Mexico, only smaller; but then our picture, until quite recently, was dominated by sculpted monuments and glyphic inscriptions commissioned by the ruling elites themselves.24 These focus, predictably enough, on the deeds of great rulers (holders of the title ajaw), especially their conquests, as alliances of independent city-states vied for hegemony over the lowlands under the leadership of two rival dynasties – those of Tikal and the ‘snake kings’ of Calakmul.25",ch10-n24 | ch10-n25,"Just how much else remains to be discovered is highlighted by new (LiDAR) techniques for mapping tropical landscapes, which recently led experts to triple their estimates for the Classic Maya population; see Canuto et al. 2018. | See Martin and Grube 2000; Martin 2020.",Canuto 2018 | Martin 2020,"Canuto, Marcello et al. 2018. ‘Ancient lowland Maya complexity as revealed by airborne laser scanning of northern Guatemala.’ Science 361 (6409): eaau0137. | Martin, Simon. 2020. Ancient Maya Politics: A Political Anthropology of the Classic Period 150–900 CE. Cambridge: Cambridge University Press."
M0412,S078,Calakmul,Calakmul,L3043,3043,3043,Chapter 9: Hiding in Plain Sight,chapter,9,"In the wider region, the paradigm is set by a series of dynastic polities, located far from the Valley of Mexico in the Yucatán Peninsula and adjacent highlands. Today’s historians know these polities as the Classic Maya (c.ad 150–900 – the term ‘classic’ is also applied to their ancient written language and to the chronological period in question). Cities like Tikal, Calakmul or Palenque were dominated by royal temples, ball-courts (settings for competitive, sometimes lethal games), images of war and humiliated captives (often publicly killed after ball games), complex calendrical rituals celebrating royal ancestors, and records of the deeds and biographies of living kings. In the modern imagination this has become the ‘standard package’ of Mesoamerican kingship, associated with ancient cities throughout the region from Monte Alban (in Oaxaca, c.ad 500–800) to Tula (in central Mexico, c.ad 850–1150), and arguably reaching as far north as Cahokia (near what’s now East St Louis, c.ad 800–1200).",,,,
M0413,S078,Calakmul,Calakmul,L3389,3389,3389,Chapter 10: Why the State Has No Origin,chapter,10,"Now, this anti-authoritarian streak might come as something of a surprise to those who know the Maya as one of a triumvirate of New World civilizations – Aztecs, Maya, Inca – familiar from books on art history. Much of the art from what’s called the Classic Maya period, roughly ad 150–900, is exquisitely beautiful. Most derives from cities that once existed in what are now the tangled rainforests of Petén. On first appraisal, the Maya in this period seem to have been organized into kingdoms much like those of the Andes or central Mexico, only smaller; but then our picture, until quite recently, was dominated by sculpted monuments and glyphic inscriptions commissioned by the ruling elites themselves.24 These focus, predictably enough, on the deeds of great rulers (holders of the title ajaw), especially their conquests, as alliances of independent city-states vied for hegemony over the lowlands under the leadership of two rival dynasties – those of Tikal and the ‘snake kings’ of Calakmul.25",ch10-n24 | ch10-n25,"Just how much else remains to be discovered is highlighted by new (LiDAR) techniques for mapping tropical landscapes, which recently led experts to triple their estimates for the Classic Maya population; see Canuto et al. 2018. | See Martin and Grube 2000; Martin 2020.",Canuto 2018 | Martin 2020,"Canuto, Marcello et al. 2018. ‘Ancient lowland Maya complexity as revealed by airborne laser scanning of northern Guatemala.’ Science 361 (6409): eaau0137. | Martin, Simon. 2020. Ancient Maya Politics: A Political Anthropology of the Classic Period 150–900 CE. Cambridge: Cambridge University Press."
M0414,S079,Palenque,Palenque,L3043,3043,3043,Chapter 9: Hiding in Plain Sight,chapter,9,"In the wider region, the paradigm is set by a series of dynastic polities, located far from the Valley of Mexico in the Yucatán Peninsula and adjacent highlands. Today’s historians know these polities as the Classic Maya (c.ad 150–900 – the term ‘classic’ is also applied to their ancient written language and to the chronological period in question). Cities like Tikal, Calakmul or Palenque were dominated by royal temples, ball-courts (settings for competitive, sometimes lethal games), images of war and humiliated captives (often publicly killed after ball games), complex calendrical rituals celebrating royal ancestors, and records of the deeds and biographies of living kings. In the modern imagination this has become the ‘standard package’ of Mesoamerican kingship, associated with ancient cities throughout the region from Monte Alban (in Oaxaca, c.ad 500–800) to Tula (in central Mexico, c.ad 850–1150), and arguably reaching as far north as Cahokia (near what’s now East St Louis, c.ad 800–1200).",,,,
M0415,S079,Palenque,Palenque,L3047,3047,3047,Chapter 9: Hiding in Plain Sight,chapter,9,"Another key element of royal display in the ancient kingdoms of Mesoamerica, the ceremonial ball-court is also conspicuous by its absence at Teotihuacan.9 Neither has there been found any equivalent to the great tombs of Sihyaj Chan K’awiil at Tikal or K’inich Janaab Pakal in Palenque. And not for lack of trying. Archaeologists have combed through the ancient tunnels around the Pyramids of the Sun and the Moon and under the Temple of the Feathered Serpent, only to discover that the passages do not lead to royal tombs, or even robbed-out tomb chambers, but to chthonic labyrinths and mineral-crusted shrines: evocations of other worlds, no doubt, but not the graves of sacred rulers.10",ch9-n9 | ch9-n10,For the cosmological and political significance of ball-courts in Classic Maya cities see Miller and Houston 1987. | See Taube 1986.,Taube 1986,"Taube, Karl. A. 1986. ‘The Teotihuacan cave of origin: the iconography and architecture of emergence mythology in Mesoamerica and the American Southwest.’ RES: Anthropology and Aesthetics 12: 51–82."
M0416,S080,Monte Albán,Monte Alban,L3043,3043,3043,Chapter 9: Hiding in Plain Sight,chapter,9,"In the wider region, the paradigm is set by a series of dynastic polities, located far from the Valley of Mexico in the Yucatán Peninsula and adjacent highlands. Today’s historians know these polities as the Classic Maya (c.ad 150–900 – the term ‘classic’ is also applied to their ancient written language and to the chronological period in question). Cities like Tikal, Calakmul or Palenque were dominated by royal temples, ball-courts (settings for competitive, sometimes lethal games), images of war and humiliated captives (often publicly killed after ball games), complex calendrical rituals celebrating royal ancestors, and records of the deeds and biographies of living kings. In the modern imagination this has become the ‘standard package’ of Mesoamerican kingship, associated with ancient cities throughout the region from Monte Alban (in Oaxaca, c.ad 500–800) to Tula (in central Mexico, c.ad 850–1150), and arguably reaching as far north as Cahokia (near what’s now East St Louis, c.ad 800–1200).",,,,
M0417,S081,Tula (Tollan),Tollan,L3019,3019,3019,Chapter 9: Hiding in Plain Sight,chapter,9,"Written references to Teotihuacan from the time it was still inhabited comprise a few tantalizing inscriptions from far to the east in the Maya lowlands, which call it ‘the place of cattail reeds’, corresponding to the Nahuatl word ‘Tollan’ and evoking a primordial, perfect city by the water.4 Otherwise all we have are sixteenth-century transcriptions of chronicles, set down in Spanish and Nahuatl, which describe Teotihuacan as a place full of mountain pools and primal voids, from which the planets sprang at the beginning of time. The planets were followed by gods, and the gods by a mysterious race of fish-men, whose world had to be destroyed to make way for our own.",ch9-n4,Stuart 2000,Stuart 2000,"Stuart, David. 2000. ‘The arrival of strangers: Teotihuacan and Tollan in Classic Maya history.’ In D. Carrasco, L. Jones and S. Sessions (eds), Mesoamerica’s Classic Heritage: From Teotihuacan to Aztecs. Boulder: University Press of Colorado, pp. 465–513."
M0418,S081,Tula (Tollan),Tula,L3043,3043,3043,Chapter 9: Hiding in Plain Sight,chapter,9,"In the wider region, the paradigm is set by a series of dynastic polities, located far from the Valley of Mexico in the Yucatán Peninsula and adjacent highlands. Today’s historians know these polities as the Classic Maya (c.ad 150–900 – the term ‘classic’ is also applied to their ancient written language and to the chronological period in question). Cities like Tikal, Calakmul or Palenque were dominated by royal temples, ball-courts (settings for competitive, sometimes lethal games), images of war and humiliated captives (often publicly killed after ball games), complex calendrical rituals celebrating royal ancestors, and records of the deeds and biographies of living kings. In the modern imagination this has become the ‘standard package’ of Mesoamerican kingship, associated with ancient cities throughout the region from Monte Alban (in Oaxaca, c.ad 500–800) to Tula (in central Mexico, c.ad 850–1150), and arguably reaching as far north as Cahokia (near what’s now East St Louis, c.ad 800–1200).",,,,
M0419,S081,Tula (Tollan),Tollan,L3053,3053,3053,Chapter 9: Hiding in Plain Sight,chapter,9,"According to Pasztory, Teotihuacan was not just ‘anti-dynastic’ in spirit, it was itself a utopian experiment in urban life. Those who created it thought of themselves as creating a new and different kind of city, a Tollan for the people, without overlords or kings. Following in Pasztory’s footsteps, other scholars, eliminating virtually every other possibility, arrived at similar conclusions. In its early years, they concluded, Teotihuacan had gone some way down the road to authoritarian rule, but then around ad 300 suddenly reversed course: possibly there was a revolution of sorts, followed by a more equal distribution of the city’s resources and the establishment of a kind of ‘collective governance.’13",ch9-n13,"Millon 1976; 1988: 112; see also Cowgill 1997: 155–6; and for more recent arguments, on similar lines, see Froese, Gershenson and Manzanilla 2014.",Millon 1976 | Cowgill 1997,"Millon, René. 1976. ‘Social relations at ancient Teotihuacan.’ In E. Wolf (ed.), The Valley of Mexico: Studies in Pre-Hispanic Ecology and Society. Albuquerque: University of New Mexico Press, pp. 205–48. | Cowgill, George L. 1997. ‘State and society at Teotihuacan, Mexico.’ Annual Review of Anthropology 26: 129–61."
M0420,S081,Tula (Tollan),Tollan,L3074,3074,3074,Chapter 9: Hiding in Plain Sight,chapter,9,"From inscriptions at Tikal, we do know the names of some of these particular stranger-kings and their close associates, or at least the names they adopted as Maya nobles. One, called Sihyaj K’ahk’ (‘Born of Fire’), seems never himself to have ruled but helped install a series of Teotihuacano ‘princes’ on Maya thrones, including the throne of Tikal. We also know that these princes married local women of high rank, and that their offspring became Maya rulers, who also celebrated their ancestral connection to Teotihuacan: the ‘Tollan of the West’.",,,,
M0421,S081,Tula (Tollan),Tollan | Tula,L3078,3078,3078,Chapter 9: Hiding in Plain Sight,chapter,9,"There is a remarkable analogy for this process closer to our times. Many centuries later, when the focus of Maya culture – and most of its largest cities – had shifted to Yucatán in the north, a similar wave of central Mexican influence occurred, most dramatically evident in the city of Chichén Itzá, whose Temple of the Warriors seems to be directly modelled on the Toltec capital of Tula (a later Tollan). Again, we don’t really know what happened, but later chronicles, written secretly under Spanish rule, described the Itzá in almost exactly these terms: as a band of uprooted warriors, ‘stuttering foreigners’ from the west, who managed to seize control of a series of cities in Yucatán and ended up in a prolonged rivalry with another dynasty of Toltec exiles – or at least, exiles who insisted they were originally Toltec – called the Xiu.19 These chronicles are full of accounts of the exiles’ wanderings in the wilderness, temporary periods of glory, accusations of oppression, and sombre prophecies of future tribulation. Once again, we seem to be dealing with a feeling among the Maya that kings really should come from somewhere far away, and with the willingness of at least a few unscrupulous foreigners to take advantage of this idea.",ch9-n19,"Parallels with the fifth century ad seem striking, but again no scholarly consensus exists on how to interpret the evidence connecting these two Tollans of Chichén Itzá and Tula (see Kowalski and Kristan-Graham 2017).",,
M0422,S081,Tula (Tollan),Tollan,L3135,3135,3135,Chapter 9: Hiding in Plain Sight,chapter,9,"In other words, few were deprived. More than that, many citizens enjoyed a standard of living that is rarely achieved across such a wide sector of urban society in any period of urban history, including our own. Teotihuacan had indeed changed its course away from monarchy and aristocracy to become instead a ‘Tollan of the people’.",,,,
M0423,S081,Tula (Tollan),Tollan,L3149,3149,3149,Chapter 9: Hiding in Plain Sight,chapter,9,"Now here we have something going on that would obviously be very difficult to square with the idea of communal living on a large scale; and this is precisely our point. Below the surface of civil society at Teotihuacan there must have been all sorts of social tensions simmering away among groups of radically different ethnic and linguistic backgrounds who were constantly moving in and out, consolidating relationships with foreign trading partners, cultivating alter egos in remote places and sometimes bringing those forms of identity back with them. (We might allow ourselves to imagine what would happen should a Teotihuacano freebooter who’d managed to make himself King of Tikal ever have returned home.) By around ad 550, the social fabric of the city had begun to come apart at the seams. There is no compelling evidence of foreign invasion. Things seems to have disintegrated from within. Almost as suddenly as it had once coalesced some five centuries previously, the city’s population dispersed again, leaving their Tollan behind them.41",ch9-n41,"Domenici (2018: 50–51), drawing on the work of Richard Blanton (1998; Blanton et al. 1996), proposes a plausible sequence of developments whereby tensions grew between civic responsibilities and the interests of largely self-governing neighbourhoods. Some form of privatization is envisaged, undermining the collective ethos or ‘corporate ideology’ of earlier times.",Domenici 2018 | Blanton 1998 | Blanton 1996,"Domenici, Davide. 2018. ‘Beyond dichotomies: Teotihuacan and the Mesoamerican urban tradition.’ In D. Domenici and N. Marchetti, Urbanized Landscapes in Early Syro-Mesopotamia and Prehispanic Mesoamerica. Wiesbaden: Harrassowitz Verlag, pp. 35–70. | Blanton, Richard E. 1998. ‘Beyond centralization: steps toward a theory of egalitarian behaviour in archaic states.’ In G. A. Feinman and J. Marcus (eds), Archaic States. Santa Fe: School of American Research, pp. 135–72. | Blanton, Richard E., Gary Feinman, Stephen A. Kowalewski and Peter N. Peregrine. 1996. ‘A dual-processual theory for the evolution of Mesoamerican civilization.’ Current Anthropology 37 (1): 1–14."
M0424,S081,Tula (Tollan),Tula,L3151,3151,3151,Chapter 9: Hiding in Plain Sight,chapter,9,"The rise and decline of Teotihuacan set in motion a roughly cyclical pattern of demographic concentration and dispersal in central Mexico which repeated itself a number of times between ad 300 and 1200, down to the disintegration of Tula and the fall of the Toltec state.42 Over this longer span of time, what was the legacy of Teotihuacan and its grand urban experiment? Should we view the whole episode as a passing deviation, a blip (albeit an extremely large blip) on the road that led from Olmec hierarchy to Toltec aristocracy and eventually Aztec imperialism? Or might the egalitarian aspects of Teotihuacan have a distinct legacy of their own? Few have really considered the latter possibility, but there are good reasons to ask, especially since early Spanish accounts of the Mexican highlands provide some extraordinarily suggestive material – including descriptions of indigenous cities which, to European eyes, could only be understood as republics, or even democracies.",ch9-n42,As pointed out by the historian Zoltán Paulinyi (1981: 315–16).,Paulinyi 1981,"Paulinyi, Zoltán. 1981. ‘Capitals in pre-Aztec Central Mexico.’ Acta Orientalia Academiae Scientiarum Hungaricae 35 (2/3): 315–50."
M0425,S081,Tula (Tollan),Tula,L5566,5566,5566,Notes to Chapter 9: Hiding in Plain Sight,notes,9,"1. The precise location of Aztlán is unknown. Various lines of evidence suggest that populations speaking Nahuatl (the language of the Mexica/Aztec) were dispersed among both urban and rural settings before their southward migration. Most likely they were present, alongside a range of other ethnic and linguistic groups, in the Toltec capital of Tula, which lies north of the Basin of Mexico (Smith 1984).",ch9-n1,"The precise location of Aztlán is unknown. Various lines of evidence suggest that populations speaking Nahuatl (the language of the Mexica/Aztec) were dispersed among both urban and rural settings before their southward migration. Most likely they were present, alongside a range of other ethnic and linguistic groups, in the Toltec capital of Tula, which lies north of the Basin of Mexico (Smith 1984).",Smith 1984,"Smith, Michael E. 1984. ‘The Aztlan migrations of the Nahuatl chronicles: myth or history?’ Ethnohistory 31 (3): 153–86."
M0426,S081,Tula (Tollan),Tula,L5602,5602,5602,Notes to Chapter 9: Hiding in Plain Sight,notes,9,"19. Parallels with the fifth century ad seem striking, but again no scholarly consensus exists on how to interpret the evidence connecting these two Tollans of Chichén Itzá and Tula (see Kowalski and Kristan-Graham 2017).",ch9-n19,"Parallels with the fifth century ad seem striking, but again no scholarly consensus exists on how to interpret the evidence connecting these two Tollans of Chichén Itzá and Tula (see Kowalski and Kristan-Graham 2017).",,
M0427,S082,Cahokia,Cahokia,L3043,3043,3043,Chapter 9: Hiding in Plain Sight,chapter,9,"In the wider region, the paradigm is set by a series of dynastic polities, located far from the Valley of Mexico in the Yucatán Peninsula and adjacent highlands. Today’s historians know these polities as the Classic Maya (c.ad 150–900 – the term ‘classic’ is also applied to their ancient written language and to the chronological period in question). Cities like Tikal, Calakmul or Palenque were dominated by royal temples, ball-courts (settings for competitive, sometimes lethal games), images of war and humiliated captives (often publicly killed after ball games), complex calendrical rituals celebrating royal ancestors, and records of the deeds and biographies of living kings. In the modern imagination this has become the ‘standard package’ of Mesoamerican kingship, associated with ancient cities throughout the region from Monte Alban (in Oaxaca, c.ad 500–800) to Tula (in central Mexico, c.ad 850–1150), and arguably reaching as far north as Cahokia (near what’s now East St Louis, c.ad 800–1200).",,,,
M0428,S082,Cahokia,Cahokia,L3572,3572,3572,Chapter 10: Why the State Has No Origin,chapter,10,"For some readers, the idea of a dead monarch sent off to the afterlife amid the corpses of his retainers might evoke images of early pharaohs. Some of Egypt’s earliest known kings, those of the First Dynasty around 3000 bc (who, in fact, were not yet referred to as ‘pharaoh’), were indeed buried in this way.70 But Egypt is not alone in this respect. Burials of kings surrounded by dozens, hundreds, on some occasions even thousands of human victims killed specially for the occasion can be found in almost every part of the world where monarchies did eventually establish themselves, from the early dynastic city-state of Ur in Mesopotamia to the Kerma polity in Nubia to Shang China. There are also credible literary descriptions from Korea, Tibet, Japan and the Russian steppes. Something similar seems to have occurred as well in the Moche and Wari societies of South America, and the Mississippian city of Cahokia.71",ch10-n70 | ch10-n71,"Egyptologists refer to the First and Second Dynasties as Egypt’s ‘Early Dynastic’ period while the ‘Old Kingdom’ – somewhat confusingly – begins only in the Third Dynasty. | See Dickson 2006; Morris 2007; Campbell (ed.) 2014; Graeber and Sahlins 2017: 443–4, with further references.",Dickson 2006 | Morris 2007 | Sahlins 2017,"Dickson, D. Bruce. 2006. ‘Public transcripts expressed in theatres of cruelty: the Royal Graves at Ur in Mesopotamia.’ Cambridge Archaeological Journal 16 (2): 123–44. | Morris, Ellen. 2007. ‘Sacrifice for the state: First Dynasty royal funerals and the rites at Macramallah’s triangle.’ In Nicola Laneri (ed.), Performing Death: Social Analysis of Funerary Traditions in the Ancient Near East and Mediterranean. Chicago: Oriental Institute of Chicago, pp. 15–38. | Sahlins, Marshall. 2017. ‘The stranger-kingship of the Mexica.’ In Graeber and Sahlins, pp. 223–48."
M0429,S082,Cahokia,Cahokia,L3955,3955,3955,Chapter 11: Full Circle,chapter,11,"From roughly ad 1050 to 1350 there was, in what’s now East St Louis, a city whose real name has been forgotten, but which is known to history as Cahokia.9 It appears to have been the capital of what James Scott would term a classic budding ‘grain state’, rising magnificently and seemingly from nowhere, around the time that the Song Dynasty ruled in China and the Abbasid Caliphate in Iraq. Cahokia’s population peaked at something in the order of 15,000 people; then it abruptly dissolved. Whatever Cahokia represented in the eyes of those under its sway, it seems to have ended up being overwhelmingly and resoundingly rejected by the vast majority of its people. For centuries after its demise the site where the city once stood, and hundreds of miles of river valleys around it, lay entirely devoid of human habitation: a ‘vacant quarter’ (rather like the Forbidden Zone in Pierre Boulle’s Planet of the Apes), a place of ruins and bitter memories.10",ch11-n9 | ch11-n10,For a general overview of Cahokia see Pauketat 2009. | Williams 1990.,Pauketat 2009 | Williams 1990,"Pauketat, Timothy R. 2009. Cahokia: Ancient America’s Great City on the Mississippi. Penguin Library of American Indian History. New York: Viking. | Williams, Stephen. 1990. ‘The Vacant Quarter and other late events in the Lower Valley.’ In D. H. Dye (ed.), Towns and Temples Along the Mississippi. Tuscaloosa: University of Alabama Press, pp. 170–80."
M0430,S082,Cahokia,Cahokia,L3957,3957,3957,Chapter 11: Full Circle,chapter,11,"Successor kingdoms to Cahokia sprang up to the south but then likewise crumbled. By the time Europeans arrived on the eastern seaboard of North America, ‘Mississippian civilization’ – as it has come to be known – was but a distant memory and the descendants of Cahokia’s subjects and neighbours appear to have reorganized themselves into polis-sized tribal republics, in careful ecological balance with their natural environment. What had happened? Were the rulers of Cahokia and other Mississippian cities overthrown by popular uprisings, undermined by mass defection, victims of ecological catastrophe, or (more likely) some intricate mix of all three? Archaeology may one day supply more definitive answers. Until such time, what we can say with some confidence is that the societies encountered by European invaders from the sixteenth century onwards were the product of centuries of political conflict and self-conscious debate. They were, in many cases, societies in which the ability to engage in self-conscious political debate was itself considered one of the highest human values.",,,,
M0431,S082,Cahokia,Cahokia,L3979,3979,3979,Chapter 11: Full Circle,chapter,11,"One thing that makes the Wendat and Haudenosaunee unusual is that their traditions are so well documented: many other societies were either entirely destroyed, or reduced to traumatized remnants, long before any such records could be written down. One can only wonder what other intellectual traditions might thus have been forever lost. What we are going to do in the remainder of this chapter, then, is examine the history of the Eastern Woodlands of North America from roughly ad 200 to 1600 in exactly this light. Our aim here is to understand the local roots of the indigenous critique of European civilization, and how those roots were entangled in a history that began at Cahokia or perhaps even considerably earlier.",,,,
M0432,S082,Cahokia,Cahokia,L4033,4033,4033,Chapter 11: Full Circle,chapter,11,"IN WHICH WE TELL THE STORY OF CAHOKIA, WHICH LOOKS LIKE IT OUGHT TO BE THE FIRST ‘STATE’ IN AMERICA",,,,
M0433,S082,Cahokia,Cahokia,L4037,4037,4037,Chapter 11: Full Circle,chapter,11,"In the centuries following the decline of the Hopewell centres, roughly from ad 400 to 800, we start to see a series of familiar developments. First, some groups begin adopting maize as a staple crop and growing it in river valleys along the Mississippi floodplain. Second, actual armed conflict becomes more frequent. In at least some places, this led to populations living for longer periods around their local earthworks. Especially in the Mississippi valley and on adjacent bluffs, a pattern emerged of small towns centred on earthen pyramids and plazas, some fortified, often surrounded by extensive stretches of no-man’s-land. A few came to resemble tiny kingdoms. Eventually this situation led to a veritable urban explosion with its epicentre at the site of Cahokia, which was soon to become the greatest city in the Americas north of Mexico.",,,,
M0434,S082,Cahokia,Cahokia,L4039,4039,4039,Chapter 11: Full Circle,chapter,11,"Cahokia lies in an extensive floodplain along the Mississippi known as the American Bottom. It was a bounteous and fertile environment, ideal for growing maize, but still a challenging place to build a city since much of it was swampland, foggy and full of shallow pools. Charles Dickens, who once visited this place, described it as ‘an unbroken slough of black mud and water’. In Mississippian cosmology, watery places like this were connected to the chaotic underworld – seen as the diametrical opposite of a precise, predictable celestial order – and it’s no doubt significant that some of the first large-scale construction at Cahokia centred on a processional walkway known as the Rattlesnake Causeway, designed to rise from the surrounding waters and leading towards the surrounding ridge-top tombs (a Path of Souls, or Way of the Dead). To begin with, then, Cahokia was likely a place of pilgrimage, much like some of the Hopewell sites.31",ch11-n31,"On Rattlesnake Causeway and mound and the origins of Cahokia see Baires 2014; 2015; on Cahokia’s beginnings as place of pilgrimage, Skousen 2016.",Baires 2014 | Skousen 2016,"Baires, Sarah E. 2014. ‘Cahokia’s Rattlesnake Causeway.’ Midcontinental Journal of Archaeology 39 (2): 145–62. | Skousen, B. Jacob. 2016. ‘Pilgrimage and the Construction of Cahokia: A View from the Emerald Site’. Doctoral dissertation, University of Illinois at Urbana-Champaign."
M0435,S082,Cahokia,Cahokia,L4041,4041,4041,Chapter 11: Full Circle,chapter,11,"Its inhabitants also shared with Hopewell the same love of games. Around ad 600, someone living at Cahokia or close by seems to have come up with the idea for chunkey, later to become one of the most popular sports in North America. Chunkey was a complex and highly co-ordinated affair in which running players tried to throw poles as close as possible to a rolling wheel or ball without actually touching it.32 It was played at several earthwork sites that sprang up along the American Bottom: one way of holding together the increasingly disparate groups of people who came to settle there. In social terms, it had certain things in common with Mesoamerican ball games, though the rules were entirely different. It could be either a substitute for, or continuation of, war; it was tied into legend (in this case, the story of Red Horn the Morning Star who, much like the Maya hero-twins, confronted gods of the underworld); and it could become the focus of frenetic gambling, when some would even raise themselves or their families as stakes.33",ch11-n32 | ch11-n33,"Chunkey appears to have been modelled on a popular children’s game called Hoop and Pole. On the origins of chunkey and its later role see DeBoer 1993; Pauketat 2009: Chapter Four. | A later observer of the Choctaw recorded: ‘Their favorite game of chunké…they play from morning till night, with an unwearied application, and they bet high; here you may see a savage come and bring all his skins, stake them and lose them; next his pipe, his beads, trinkets and ornaments; at last his blankets and other garments, and even all their arms, and after all it is not uncommon for them to go home, borrow a gun and shoot themselves.’ (Romans, cited in Swanton 1931: 156–7). At the time of European contact, such extreme sports seem to have acted as a levelling mechanism, since few stayed on top for long and even those who sold themselves don’t seem to have remained that way for very long.",DeBoer 1993 | Pauketat 2009 | Swanton 1931,"DeBoer, Warren R. 1993. ‘Like a rolling stone: the Chunkey game and political organization in Eastern North America.’ Southeastern Archaeology 12: 83–92. | Pauketat, Timothy R. 2009. Cahokia: Ancient America’s Great City on the Mississippi. Penguin Library of American Indian History. New York: Viking. | Swanton, John Reed. 1931. ‘Source material for the social and ceremonial life of the Choctaw Indians.’ Bureau of American Ethnology Bulletin 103: 1–282."
M0436,S082,Cahokia,Cahokia,L4043,4043,4043,Chapter 11: Full Circle,chapter,11,"In Cahokia and its hinterland we can chart the rise of social hierarchies through the lens of chunkey, as the game became increasingly monopolized by an exclusive elite. One sign of this is how stone chunkey discs disappear from ordinary burials, just as beautifully crafted versions of them start to appear in the richest graves. Chunkey was becoming a spectator sport, and Cahokia the sponsor of a new regional, Mississippian elite. We are not sure exactly how it happened – as an act of religious revelation, perhaps – but around ad 1050 Cahokia exploded in size, growing from a fairly modest community to a city of over six square miles, including more than 100 earthen mounds built around spacious plazas. Its original population of a few thousand was augmented by perhaps 10,000 more, coming from outside to settle in Cahokia and its satellite towns, totalling something in the order of 40,000 in the American Bottom as a whole.34",ch11-n34,"Pauketat 2009: 20. The literature on Cahokia is vast. In addition to the general overviews we have already cited see also Alt 2018; Byers 2006; Emerson 1997a; Fowler 1997; Milner 1998; Pauketat 1994; 2004; and essays in Emerson and Lewis 1991; Pauketat and Emerson (eds) 1997; for the environmental context, Benson et al. 2009; Woods 2004.",Pauketat 2009 | Alt 2018 | Byers 2006 | Emerson 1997a | Fowler 1997 | Milner 1998 | Pauketat 1994 | Benson 2009 | Woods 2004,"Pauketat, Timothy R. 2009. Cahokia: Ancient America’s Great City on the Mississippi. Penguin Library of American Indian History. New York: Viking. | Alt, Susan. M. 2018. Cahokia’s Complexities. Tuscaloosa: University of Alabama Press. | Byers, A. Martin. 2006. Cahokia: A World Renewal Cult Heterarchy. Gainsville: University Press of Florida. | Emerson, Thomas. 1997a. Cahokia and the Archaeology of Power. Tuscaloosa: University of Alabama Press. | Fowler, Melvin. L. 1997. The Cahokia Atlas: A Historical Atlas of Cahokia Archaeology. Urbana: University of Illinois Press. | Milner, George R. 1998. The Cahokia Chiefdom: The Archaeology of a Mississippian Society. Washington: Smithsonian Institution Press. | Pauketat, Timothy R. 1994. The Ascent of Chiefs: Cahokia and Mississippian Politics in Native North America. Tuscaloosa: University of Alabama Press. | Benson, Larry, Timothy R. Pauketat and Edwin Cook. 2009. ‘Cahokia’s boom and bust in the context of climate change.’ American Antiquity 74: 467–83. | Woods, William I. 2004. ‘Population nucleation, intensive agriculture, and environmental degradation: the Cahokia example.’ Agriculture and Human Values 21: 255–61."
M0437,S082,Cahokia,Cahokia,L4045,4045,4045,Chapter 11: Full Circle,chapter,11,"The main part of the city was designed and built according to a master plan in a single burst of activity. Its focus was a huge packed-earth pyramid known today as Monk’s Mound, standing before an enormous plaza. In a smaller plaza to the west stood a ‘woodhenge’ of cypress posts marking out the sun’s annual course. Some of Cahokia’s pyramids were topped with palaces or temples; others with charnel houses or sweat lodges. A calculated effort was made to resettle foreign populations – or at least their most important, influential representatives – in newly designed thatch houses, arranged in neighbourhoods around smaller plazas and earthen pyramids; many had their own craft specializations or ethnic identity.35 From the summit of Monk’s Mound the city’s ruling elite enjoyed powers of surveillance over these planned residential zones.36 At the same time, existing villages and hamlets in Cahokia’s hinterland were disbanded and the rural population dispersed, scattered in homesteads of one or two families.37",ch11-n35 | ch11-n36 | ch11-n37,Emerson et al. 2018. | Smith 1992: 17. | Emerson 1997a; 1997b: 187; cf. Alt 2018. Pauketat et al. (2015: 446) refer to this as a process of ‘ruralization’.,Emerson 2018 | Smith 1992 | Emerson 1997a | Alt 2018 | Pauketat 2015,"Emerson, Thomas E., Brad H. Koldeho and Tamira K. Brennan (eds). 2018. Revealing Greater Cahokia, North America’s First Native City: Rediscovery and Large-Scale Excavations of the East St. Louis Precinct. Studies in Archaeology 12. Urbana: Illinois State Archaeological Survey, University of Illinois. | Smith, Bruce D. 1992. ‘Mississippian elites and solar alignments: a reflection of managerial necessity, or levers of social inequality?’ In A. W. Barker and T. R. Pauketat (eds), Lords of the Southeast: Social Inequality and the Native Elites of Southeastern North America. Washington: Archaeological Papers of the American Anthropological Association, pp 11–30. | Emerson, Thomas. 1997a. Cahokia and the Archaeology of Power. Tuscaloosa: University of Alabama Press. | Alt, Susan. M. 2018. Cahokia’s Complexities. Tuscaloosa: University of Alabama Press. | Pauketat, Timothy R., Susan M. Alt and Jeffery D. Kruchten. 2015. ‘City of earth and wood: New Cahokia and its material-historical implications.’ In Norman Yoffee (ed.), The Cambridge World History. Cambridge: Cambridge University Press, pp. 437–54."
M0438,S082,Cahokia,Cahokia,L4047,4047,4047,Chapter 11: Full Circle,chapter,11,"What’s so striking about this pattern is its suggestion of an almost complete dismantling of any self-governing communities outside the city. For those who fell within its orbit, there was nothing much left between domestic life – lived under constant surveillance from above – and the awesome spectacle of the city itself.38 That spectacle could be terrifying. Along with games and feasts, in the early decades of Cahokia’s expansion there were mass executions and burials, carried out in public. As with fledgling kingdoms in other parts of the world, these large-scale killings were directly associated with the funerary rites of nobility; in this case, a mortuary facility centred on the paired burials of high-status males and females,39 whose shrouded bodies were placed around a surface built up from some thousands of shell beads. Around them an earthen mound was formed, precisely oriented to an azimuth derived from the southernmost rising point of the moon. Its contents included four mass graves holding the stacked bodies of mainly young women (though one was over fifty), who were killed specifically for the occasion.40",ch11-n38 | ch11-n40,"Betzenhauser and Pauketat 2019. As Emerson notes (1997b), between ad 1050 and 1200, surveillance was also extended into the countryside through the establishment of what he terms ‘civic nodes’, which seem to have performed a mixture of ritual and managerial functions; see also Pauketat et al. 2015: 446–7. | Fowler et al. 1999 reported the mass graves as all-female, but in fact the picture is again more complex; see now Ambrose et al. 2003; Thompson et al. 2015.",Pauketat 2015 | Fowler 1999 | Ambrose 2003 | Thompson 2015,"Pauketat, Timothy R., Susan M. Alt and Jeffery D. Kruchten. 2015. ‘City of earth and wood: New Cahokia and its material-historical implications.’ In Norman Yoffee (ed.), The Cambridge World History. Cambridge: Cambridge University Press, pp. 437–54. | Fowler, Melvin L. et al. 1999. The Mound 72 Area: Dedicated and Sacred Space in Early Cahokia. Reports of Investigation no. 54. Springfield: Illinois State Museum. | Ambrose, Stanley H., Jane Buikstra and Harold W. Krueger (2003). ‘Status and gender differences in diet at Mound 72, Cahokia, revealed by isotopic analysis of bone.’ Journal of Anthropological Archaeology 22 (3): 217–26. | Thompson, Andrew et al. 2015. ‘New dental and isotope evidence of biological distance and place of origin for mass burial groups at Cahokia’s Mound 72.’ American Journal of Physical Anthropology 158: 341–57."
M0439,S082,Cahokia,Cahokia,L4049,4049,4049,Chapter 11: Full Circle,chapter,11,"Carefully sifting through the ethnographic and historical evidence, scholars have reconstructed the outlines of what Cahokia – and later kingdoms modelled on it – must have looked like. While something endured of the earlier clan organizations, the old moiety system was transformed into an opposition between nobles and commoners. The Mississippians appear to have been matrilineal, which meant that a mico (ruler) was not succeeded by his children but by his eldest nephew. Nobles could only marry commoners, and after several generations of such intermarriage the descendants of kings might lose their noble status entirely. So a pool of nobles-turned-commoners always existed from which warriors and administrators could be drawn. Genealogies were carefully preserved, and there was a priesthood devoted to maintaining the temples, which contained images of royal ancestors. Lastly, there was a system of titles for heroic achievement in war, which made it possible for commoners to win their way into the nobility, a status symbolized in bird-man imagery, which also invoked the prestige of competing at chunkey tournaments.41",ch11-n41,Knight 1986; 1989; Knight et al. 2011; Pauketat 2009: Chapter Four; for other possible readings of the bird-man symbolism see Emerson et al. 2016.,Knight 1986 | Pauketat 2009 | Emerson 2016,"Knight, Vernon J. Jr. 1986. ‘The institutional organization of Mississippian religion.’ American Antiquity 51: 675–87. | Pauketat, Timothy R. 2009. Cahokia: Ancient America’s Great City on the Mississippi. Penguin Library of American Indian History. New York: Viking. | Emerson, Thomas et al. 2016. ‘Paradigms lost: reconfiguring Cahokia’s Mound 72 Beaded Burial.’ American Antiquity 81 (3): 405–25."
M0440,S082,Cahokia,Cahokia,L4051,4051,4051,Chapter 11: Full Circle,chapter,11,"Bird-man symbolism was especially marked in the smaller kingdoms – some fifty in all – that began to appear up and down the Mississippi, of which the largest are at places called Etowah, Moundville and Spiro. The rulers of these towns were often buried with what seem to be precious badges and insignia manufactured at Cahokia. Sacred images in Cahokia itself focused not so much on the hawk and falcon symbolism that appeared everywhere else as – fittingly for an increasingly prominent centre of intensive grain production – on the figure of the Corn Mother, who also appears as the Old Woman, a goddess holding a loom. During the eleventh and twelfth centuries, Mississippian sites with links of various kinds to Cahokia appear everywhere from Virginia to Minnesota, often in aggressive conflict with their neighbours. Trade routes spanning the continent were activated, the materials for new treasures pouring into the American Bottom much as they once had to Hopewell.42",ch11-n42,Emerson 2007; 2012.,Emerson 2007,"Emerson, Thomas. 2007. ‘Cahokia and the evidence for Late Pre-Columbian war in the North American midcontinent.’ In R. J. Chacon and R. G. Mendoza (eds), North American Indigenous Warfare and Ritual Violence. Tucson: University of Arizona Press, pp. 129–48."
M0441,S082,Cahokia,Cahokia,L4053,4053,4053,Chapter 11: Full Circle,chapter,11,"Very little of this expansion was directly controlled from the centre. We are unlikely to be talking about an actual empire so much as an intricate ritual alliance, backed up ultimately by force – and things began to grow increasingly violent, fairly fast. Within a century of the initial urban explosion at Cahokia, in about ad 1150, a giant palisaded wall was built, though it only included some parts of the city and not others. This marked the beginning of a long and uneven process of war, destruction and depopulation. At first people seem to have fled the metropolis for the hinterlands, then ultimately abandoned the rural bottomlands entirely.43 This same process can be observed in many of the smaller Mississippian towns. Most appear to have begun as co-operative enterprises before becoming centralized around the cult of some royal line and receiving patronage from Cahokia. Then, over the course of a century or two, they emptied out (in much the same way as the Natchez Great Village was later to do, and possibly for much the same reasons, as subjects sought freer lives elsewhere) until finally being sacked, burned or simply deserted.",ch11-n43,"The precise reasons behind Cahokia’s collapse are hotly contested; for a range of views see Emerson and Headman 2014; Kelly 2008, with further references.",Kelly 2008,"Kelly, John E. 2008. ‘Contemplating Cahokia’s collapse.’ In Jim A. Railey and Richard Martin Reycraft (eds), Global Perspectives on the Collapse of Complex Systems. Anthropological Papers no. 8. Albuquerque: Maxwell Museum of Anthropology."
M0442,S082,Cahokia,Cahokia,L4055,4055,4055,Chapter 11: Full Circle,chapter,11,"Whatever happened in Cahokia, it appears to have left extremely unpleasant memories. Along with much of its bird-man mythology, the place was erased from any later oral traditions. After ad 1400 the entire fertile expanse of the American Bottom (which at the city’s height had contained perhaps as many as 40,000 people), along with the territory from Cahokia up to the Ohio River, became what’s referred to in the literature as the Vacant or Empty Quarter: a haunted wilderness of overgrown pyramids and housing blocks crumbling back into swamp, occasionally traversed by hunters but devoid of permanent human settlement.44",ch11-n44,See Cobb and Butler 2002.,,
M0443,S082,Cahokia,Cahokia,L4065,4065,4065,Chapter 11: Full Circle,chapter,11,"Scholars continue to debate the relative importance of ecological and social factors in Cahokia’s collapse, just as they argue about whether or not it should be considered a ‘complex chiefdom’ or a ‘state’.45 In our own terms (as set out in the last chapter), what we appear to have in Cahokia is a second-order regime in which two of our three elementary forms of domination – in this case, control over violence and charismatic politics – came together in a powerful, even explosive cocktail. This is the same combination we found in the Classic Maya elite, for whom competitive sports and warfare were similarly fused; and who extended their sovereignty by bringing large populations into their orbit through organized spectacle, or by capture, or other forms of compulsion we can only guess at.",ch11-n45,"For a range of views on the latter issue, compare Holt 2009; Pauketat 2007; and see also Milner 1998.",Holt 2009 | Pauketat 2007 | Milner 1998,"Holt, Julie Zimmerman. 2009. ‘Rethinking the Ramey state: was Cahokia the center of a theater state?’ American Antiquity 74 (2): 231–54. | Pauketat, Timothy R. 2007. Chiefdoms and Other Archaeological Delusions. Lanham, MD: AltaMira Press. | Milner, George R. 1998. The Cahokia Chiefdom: The Archaeology of a Mississippian Society. Washington: Smithsonian Institution Press."
M0444,S082,Cahokia,Cahokia,L4067,4067,4067,Chapter 11: Full Circle,chapter,11,"Both in Cahokia and the Classic Maya, managerial activities seem to have focused on the administration of otherworldly matters, notably in the sophistication of their ritual calendars and precise orchestration of sacred space. These, however, had real-world effects, especially in the areas of city-planning, labour mobilization, public surveillance and careful monitoring of the maize cycle.46 Perhaps we are dealing here with attempts to create ‘third-order’ regimes of domination, albeit of a very different kind to modern nation states, in which control over violence and esoteric knowledge became caught up in the spiralling political competition of rival elites. This may also explain why, in both cases – Cahokia and the Maya – the collapse of such totalizing (totalitarian, even) projects, when it happened, was itself sudden, comprehensive and total.",ch11-n46,"For which, at Cahokia, see Smith 1992; Pauketat 2013.",Smith 1992 | Pauketat 2013,"Smith, Bruce D. 1992. ‘Mississippian elites and solar alignments: a reflection of managerial necessity, or levers of social inequality?’ In A. W. Barker and T. R. Pauketat (eds), Lords of the Southeast: Social Inequality and the Native Elites of Southeastern North America. Washington: Archaeological Papers of the American Anthropological Association, pp 11–30. | Pauketat, Timothy R. 2013. An Archaeology of the Cosmos: Rethinking Agency and Religion in Ancient Times. London: Routledge."
M0445,S082,Cahokia,Cahokia,L4069,4069,4069,Chapter 11: Full Circle,chapter,11,"Whatever the precise combination of factors at play, by about ad 1350 or 1400 the result was mass defection. Just as the metropolis of Cahokia was founded through its rulers’ ability to bring diverse populations together, often from across long distances, in the end the descendants of those people simply walked away. The Vacant Quarter implies a self-conscious rejection of everything the city of Cahokia stood for.47 How did it happen?",ch11-n47,Cf. Pauketat et al. 2015: 452.,Pauketat 2015,"Pauketat, Timothy R., Susan M. Alt and Jeffery D. Kruchten. 2015. ‘City of earth and wood: New Cahokia and its material-historical implications.’ In Norman Yoffee (ed.), The Cambridge World History. Cambridge: Cambridge University Press, pp. 437–54."
M0446,S082,Cahokia,Cahokia,L4073,4073,4073,Chapter 11: Full Circle,chapter,11,"To get a sense of the kind of ideological conflicts that must have been going on, let’s consider the history of the Etowah river valley, part of a region then inhabited by ancestors of the Choctaw, in Georgia and Tennessee. Around the time of Cahokia’s initial take-off between ad 1000 and 1200, this area was emerging from a period of generalized warfare. Post-conflict settlement involved the creation of small towns, each with its temple-pyramids and plaza, and in every case centred on a large council house, designed as a meeting place for the entire adult community. Grave goods of the time show no indications of rank. Around 1200 the Etowah valley was for some reason abandoned; then, around half a century later, people returned to it. A burst of construction ensued, including a palace and charnel house on top of giant mounds – walled off from commoner eyes – and a royal tomb, placed directly atop the ruins of the communal council house. Burials there were accompanied by magnificent bird-man costumes and regalia apparently sent from the workshops of Cahokia itself. Smaller villages were broken up, some of their old residents moved into Etowah, and in the countryside they were replaced by the familiar pattern of scattered homesteads.49",ch11-n49,See King 2003.,King 2003,"King, Adam. 2003. Etowah: The Political History of a Chiefdom Capital. Tuscaloosa: University of Alabama Press."
M0447,S082,Cahokia,Cahokia,L4105,4105,4105,Chapter 11: Full Circle,chapter,11,"Clearly, evolutionist categories only confuse the issue here. Arguing about whether Hopewellians were ‘bands’, ‘tribes’ or ‘chiefdoms’, or indeed whether Cahokia was a ‘complex chiefdom’ or a ‘state’, tells us virtually nothing. Insofar as we can speak of ‘states’ and ‘chiefdoms’ at all, in the case of Native North America the state-making project seems to come first, virtually out of nowhere, and the chiefdoms observed by de Soto and his successors appear to be little more than the rubble left behind by its downfall.",,,,
M0448,S082,Cahokia,Cahokia,L4109,4109,4109,Chapter 11: Full Circle,chapter,11,"Similarly, those who designed the great construction projects of Poverty Point or Hopewell were clearly drawing on esoteric knowledge of some sort – astronomical, mythic, numerological – which was contiguous with the practical knowledge of maths, engineering and construction, not to mention techniques of organizing and monitoring human labour (even voluntary labour) which were required to realize those designs. Over the long term of pre-Columbian history, this particular sort of knowledge always seems to lie at the core of systems of domination that periodically emerged. Hopewell is a perfect example, since the heroic games that accompanied ceremonial projects were not really the basis for systematic domination at all.60 Cahokia, on the other hand, appears to represent a self-conscious effort to turn that style of administrative esoterica into a basis for sovereignty; the gradual transformation of geometric earthworks, designed on cosmic principles, into actual fortifications being only the most obvious indication. In the end it didn’t work. Political power retreated back into heroic theatre, if in a decidedly more violent form.",ch11-n60,"In our terms, it’s not even clear that Adena-Hopewell was a ‘first-order regime of domination’; in most respects, as we’ve indicated, it seems closer to the kind of grand hospitality zones, culture areas, interaction spheres, or civilizations we’ve encountered so many times before in other parts of the world.",,
M0449,S082,Cahokia,Cahokia,L4158,4158,4158,Chapter 11: Full Circle,chapter,11,"We have come full circle. The case of North America not only throws conventional evolutionary schemes into chaos; it also clearly demonstrates that it’s simply not true to say that if one falls into the trap of ‘state formation’ there’s no getting out. Whatever happened in Cahokia, the backlash against it was so severe that it set forth repercussions we are still feeling today.",,,,
M0450,S082,Cahokia,Cahokia,L4162,4162,4162,Chapter 11: Full Circle,chapter,11,"East St Louis is, of course, a long way from Montreal, and no one to our knowledge has ever suggested that Iroquoian-speaking peoples of the Great Lakes region were ever, themselves, directly under Mississippian rule. So it would be going a bit too far to suggest that the views recorded by men like Lahontan were, in any literal sense, the ideology that overthrew Mississippian civilization. Still, a careful review of oral traditions, historical accounts and the ethnographic record shows that those who framed what we call the ‘indigenous critique’ of European civilization were not only keenly aware of alternative political possibilities, but for the most part saw their own social orders as self-conscious creations, designed as a barrier against all that Cahokia might have represented – or indeed, all those qualities they were later to find so objectionable in the French.",,,,
M0451,S082,Cahokia,Cahokia,L4212,4212,4212,Chapter 11: Full Circle,chapter,11,"The exact time and circumstance of the League of Five Nations’ creation is unclear; dates have been proposed ranging from ad 1142 to sometime around 1650.75 No doubt the creation of such confederacies was an ongoing process; and surely, like almost all historical epics, the Gayanashagowa patches together elements, many historically accurate, others less so, drawn from different periods of time. What we know from the archaeological record is that Iroquoian society as it existed in the seventeenth century began to take form around the same time as the heyday of Cahokia.",ch11-n75,The earlier dates are in reference to an eclipse mentioned in the foundation text (Mann and Fields 1997; cf. Henige 1999; Snow 1991; Atkins 2002; Starna 2008).,Henige 1999 | Snow 1991 | Atkins 2002 | Starna 2008,"Henige, David. 1999. ‘Can a myth be astronomically dated?’ American Indian Culture and Research Journal 23 (4): 127–57. | Snow, Dean. 1991. ‘Dating the emergence of the League of the Iroquois: a reconsideration of the documentary evidence.’ In Nancy-Anne McClure Zeller (ed.), A Beautiful and Fruitful Place: Selected Rensselaerswijck Seminar Papers. Albany, NY: New Netherland Publishing, pp. 139–43. | Atkins, Sandra Erin. 2002. ‘The Formation of the League of the Haudenosaunee (Iroquois): Interpreting the Archaeological Record through the Oral Narrative Gayanashagowa.’ Master’s thesis, Trent University. | Starna, William A. 2008. ‘Retrospecting the origins of the League of the Iroquois.’ Proceedings of the American Philosophical Society 152 (3): 279–321."
M0452,S082,Cahokia,Cahokia,L4214,4214,4214,Chapter 11: Full Circle,chapter,11,"By around ad 1100 maize was being cultivated in Ontario, in what later became Attiwandaronk (Neutral) territory. Over the next several centuries, the ‘three sisters’ (corn, beans and squash) became ever more important in local diets – though Iroquoians were careful to balance the new crops with older traditions of hunting, fishing and foraging. The key period seems to be what’s called the Late Owasco phase, from ad 1230 to 1375, when people began to move away from their previous settlements (and from their earlier patterns of seasonal mobility) along waterways, settling in palisaded towns occupied all year around in which longhouses, presumably based in matrilineal clans, became the predominant form of dwelling. Many of these towns were quite substantial, containing as many as 2,000 inhabitants (that is, something approaching a quarter of the population of central Cahokia).76",ch11-n76,For the general state of archaeological understanding see Tuck 1978; Bamann et al. 1992; Engelbrecht 2003; Birch 2015. On the Ontario inception of maize cultivation: Johansen and Mann 2000: 119–20.,Tuck 1978 | Bamann 1992 | Engelbrecht 2003 | Birch 2015 | Mann 2000,"Tuck, James A. 1978. ‘Northern Iroquoian prehistory.’ In Bruce G. Trigger (ed.), Handbook of North American Indians, vol. 15: Northeast. Washington: Smithsonian Press, pp. 322–33. | Bamann, Susan et al. 1992. ‘Iroquoian archaeology.’ Annual Review of Anthropology 21: 435–60. | Engelbrecht, William. 2003. Iroquoia: The Development of a Native World. Syracuse, NY: Syracuse University Press. | Birch, Jennifer. 2015. ‘Current research on the historical development of Northern Iroquoian societies.’ Journal of Archaeological Research 23: 263–323. | Mann, Barbara Alice. 2000. Iroquoian Women: The Gantowisas. New York: Peter Lang."
M0453,S082,Cahokia,Cahokia,L4244,4244,4244,Chapter 11: Full Circle,chapter,11,"In such a lethal context, why draw attention to the depredations of a self-appointed lord such as Tsouharissen? What his example demonstrates, we suggest, is that even within indigenous society, the political question was never definitively settled. Certainly, the overall direction, in the wake of Cahokia, was a broad movement away from overlords of any sort and towards constitutional structures carefully worked out to distribute power in such a way that they would never return. But the possibility that they might always lurked in the background. Other paradigms of governance existed, and ambitious men – or women – could, if occasion allowed, appeal to them. After her defeat of Denonville the Jigonsaseh appears to have demobilized her army and returned to the process of selecting new officials to reconstitute the Great Council. If she had chosen to act otherwise, however, precedents were available.",,,,
M0454,S082,Cahokia,Cahokia,L4325,4325,4325,Chapter 12: Conclusion,chapter,12,"The example of Eastern Woodlands societies in North America, explored in our last chapter, suggests a more useful way to frame the problem. We might ask why, for example, it proved possible for their ancestors to turn their backs on the legacy of Cahokia, with its overweening lords and priests, and to reorganize themselves into free republics; yet when their French interlocutors effectively tried to follow suit and rid themselves of their own ancient hierarchies, the result seemed so disastrous. No doubt there are quite a number of reasons. But for us, the key point to remember is that we are not talking here about ‘freedom’ as an abstract ideal or formal principle (as in ‘Liberty, Equality and Fraternity!’).3 Over the course of these chapters we have instead talked about basic forms of social liberty which one might actually put into practice: (1) the freedom to move away or relocate from one’s surroundings; (2) the freedom to ignore or disobey commands issued by others; and (3) the freedom to shape entirely new social realities, or shift back and forth between different ones.",ch12-n3,"On reflection, many of what we consider to be quintessential freedoms – such as ‘freedom of speech’ or ‘the pursuit of happiness’ – are not really social freedoms at all. You can be free to say whatever you like, but if nobody cares or listens, it hardly matters. Equally, you can be as happy as you like, but if that happiness comes at the price of another’s misery, it hardly amounts to much either. Arguably, the things often quoted as quintessential freedoms are based on the very illusion created by Rousseau in his second Discourse: the illusion of a human life that is solitary.",,
M0455,S082,Cahokia,Cahokia,L6030,6030,6030,Notes to Chapter 11: Full Circle,notes,11,9. For a general overview of Cahokia see Pauketat 2009.,ch11-n9,For a general overview of Cahokia see Pauketat 2009.,Pauketat 2009,"Pauketat, Timothy R. 2009. Cahokia: Ancient America’s Great City on the Mississippi. Penguin Library of American Indian History. New York: Viking."
M0456,S082,Cahokia,Cahokia,L6074,6074,6074,Notes to Chapter 11: Full Circle,notes,11,"31. On Rattlesnake Causeway and mound and the origins of Cahokia see Baires 2014; 2015; on Cahokia’s beginnings as place of pilgrimage, Skousen 2016.",ch11-n31,"On Rattlesnake Causeway and mound and the origins of Cahokia see Baires 2014; 2015; on Cahokia’s beginnings as place of pilgrimage, Skousen 2016.",Baires 2014 | Skousen 2016,"Baires, Sarah E. 2014. ‘Cahokia’s Rattlesnake Causeway.’ Midcontinental Journal of Archaeology 39 (2): 145–62. | Skousen, B. Jacob. 2016. ‘Pilgrimage and the Construction of Cahokia: A View from the Emerald Site’. Doctoral dissertation, University of Illinois at Urbana-Champaign."
M0457,S082,Cahokia,Cahokia,L6080,6080,6080,Notes to Chapter 11: Full Circle,notes,11,"34. Pauketat 2009: 20. The literature on Cahokia is vast. In addition to the general overviews we have already cited see also Alt 2018; Byers 2006; Emerson 1997a; Fowler 1997; Milner 1998; Pauketat 1994; 2004; and essays in Emerson and Lewis 1991; Pauketat and Emerson (eds) 1997; for the environmental context, Benson et al. 2009; Woods 2004.",ch11-n34,"Pauketat 2009: 20. The literature on Cahokia is vast. In addition to the general overviews we have already cited see also Alt 2018; Byers 2006; Emerson 1997a; Fowler 1997; Milner 1998; Pauketat 1994; 2004; and essays in Emerson and Lewis 1991; Pauketat and Emerson (eds) 1997; for the environmental context, Benson et al. 2009; Woods 2004.",Pauketat 2009 | Alt 2018 | Byers 2006 | Emerson 1997a | Fowler 1997 | Milner 1998 | Pauketat 1994 | Benson 2009 | Woods 2004,"Pauketat, Timothy R. 2009. Cahokia: Ancient America’s Great City on the Mississippi. Penguin Library of American Indian History. New York: Viking. | Alt, Susan. M. 2018. Cahokia’s Complexities. Tuscaloosa: University of Alabama Press. | Byers, A. Martin. 2006. Cahokia: A World Renewal Cult Heterarchy. Gainsville: University Press of Florida. | Emerson, Thomas. 1997a. Cahokia and the Archaeology of Power. Tuscaloosa: University of Alabama Press. | Fowler, Melvin. L. 1997. The Cahokia Atlas: A Historical Atlas of Cahokia Archaeology. Urbana: University of Illinois Press. | Milner, George R. 1998. The Cahokia Chiefdom: The Archaeology of a Mississippian Society. Washington: Smithsonian Institution Press. | Pauketat, Timothy R. 1994. The Ascent of Chiefs: Cahokia and Mississippian Politics in Native North America. Tuscaloosa: University of Alabama Press. | Benson, Larry, Timothy R. Pauketat and Edwin Cook. 2009. ‘Cahokia’s boom and bust in the context of climate change.’ American Antiquity 74: 467–83. | Woods, William I. 2004. ‘Population nucleation, intensive agriculture, and environmental degradation: the Cahokia example.’ Agriculture and Human Values 21: 255–61."
M0458,S082,Cahokia,Cahokia,L6098,6098,6098,Notes to Chapter 11: Full Circle,notes,11,"43. The precise reasons behind Cahokia’s collapse are hotly contested; for a range of views see Emerson and Headman 2014; Kelly 2008, with further references.",ch11-n43,"The precise reasons behind Cahokia’s collapse are hotly contested; for a range of views see Emerson and Headman 2014; Kelly 2008, with further references.",Kelly 2008,"Kelly, John E. 2008. ‘Contemplating Cahokia’s collapse.’ In Jim A. Railey and Richard Martin Reycraft (eds), Global Perspectives on the Collapse of Complex Systems. Anthropological Papers no. 8. Albuquerque: Maxwell Museum of Anthropology."
M0459,S082,Cahokia,Cahokia,L6104,6104,6104,Notes to Chapter 11: Full Circle,notes,11,"46. For which, at Cahokia, see Smith 1992; Pauketat 2013.",ch11-n46,"For which, at Cahokia, see Smith 1992; Pauketat 2013.",Smith 1992 | Pauketat 2013,"Smith, Bruce D. 1992. ‘Mississippian elites and solar alignments: a reflection of managerial necessity, or levers of social inequality?’ In A. W. Barker and T. R. Pauketat (eds), Lords of the Southeast: Social Inequality and the Native Elites of Southeastern North America. Washington: Archaeological Papers of the American Anthropological Association, pp 11–30. | Pauketat, Timothy R. 2013. An Archaeology of the Cosmos: Rethinking Agency and Religion in Ancient Times. London: Routledge."
M0460,S082,Cahokia,Cahokia,L6134,6134,6134,Notes to Chapter 11: Full Circle,notes,11,"61. See Kehoe (2007) for an extensive comparison of ethno-historical data on the Osage with Cahokian archaeology (also Hall 1997). Their exact relationship with Cahokia is not archaeologically clear, however, and Robert Cook (2017) supplies the most recent breakdown of their origins in Fort Ancient, a Mississippianized region of central Ohio whose population seems to have interacted with the Cahokian heartland (see especially, pp. 141–2, 162–3).",ch11-n61,"See Kehoe (2007) for an extensive comparison of ethno-historical data on the Osage with Cahokian archaeology (also Hall 1997). Their exact relationship with Cahokia is not archaeologically clear, however, and Robert Cook (2017) supplies the most recent breakdown of their origins in Fort Ancient, a Mississippianized region of central Ohio whose population seems to have interacted with the Cahokian heartland (see especially, pp. 141–2, 162–3).",Kehoe 2007 | Hall 1997 | Cook 2017,"Kehoe, Alice Beck. 2007. ‘Osage texts and Cahokia data.’ In F. Kent Reilly III and James F. Garber (eds), Ancient Objects and Sacred Realms: Interpretations of Mississippian Iconography. Austin: University of Texas Press, pp. 246–62. | Hall, Robert L. 1997. An Archaeology of the Soul: North American Indian Belief and Ritual. Chicago: University of Illinois Press. | Cook, Robert A. 2017. Continuity and Change in the Native American Village: Multicultural Origins and Descendants of the Fort Ancient Culture. Cambridge: Cambridge University Press."
M0461,S083,Cuicuilco,Cuicuilco,L3099,3099,3099,Chapter 9: Hiding in Plain Sight,chapter,9,"Teotihuacan’s growth to urban dimensions began around the year 0. At that time, whole populations were on the move across the Basin of Mexico and Valley of Puebla, fleeing the effects of seismic activity on their southern frontiers, which included a Plinian eruption of the volcano Popocatépetl. From ad 50 to 150, the flow of people into Teotihuacan siphoned life from surrounding areas. Villages and towns were abandoned, and also whole cities, like Cuicuilco, with its early traditions of pyramid-building. Under several feet of ash lie the ruins of other abandoned settlements. At the Pueblan site of Tetimpa, just eight miles from Popocatépetl, archaeologists have unearthed houses that foreshadow – on a smaller scale – the civic architecture of Teotihuacan.21",ch9-n21,Plunket and Uruñuela 2005; see also Nichols 2016.,Nichols 2016,"Nichols, Deborah L. 2016. ‘Teotihuacan.’ Journal of Archaeological Research 24: 1–74."
M0462,S084,Tetimpa,Tetimpa,L3099,3099,3099,Chapter 9: Hiding in Plain Sight,chapter,9,"Teotihuacan’s growth to urban dimensions began around the year 0. At that time, whole populations were on the move across the Basin of Mexico and Valley of Puebla, fleeing the effects of seismic activity on their southern frontiers, which included a Plinian eruption of the volcano Popocatépetl. From ad 50 to 150, the flow of people into Teotihuacan siphoned life from surrounding areas. Villages and towns were abandoned, and also whole cities, like Cuicuilco, with its early traditions of pyramid-building. Under several feet of ash lie the ruins of other abandoned settlements. At the Pueblan site of Tetimpa, just eight miles from Popocatépetl, archaeologists have unearthed houses that foreshadow – on a smaller scale – the civic architecture of Teotihuacan.21",ch9-n21,Plunket and Uruñuela 2005; see also Nichols 2016.,Nichols 2016,"Nichols, Deborah L. 2016. ‘Teotihuacan.’ Journal of Archaeological Research 24: 1–74."
M0463,S084,Tetimpa,Tetimpa,L3103,3103,3103,Chapter 9: Hiding in Plain Sight,chapter,9,"What we can refer to as Teotihuacan’s ‘Old City’ was organized on a parish system, with local shrines serving particular neighbourhoods. The layout of these district temples – three buildings around a central plaza – also follows the plan of earlier structures at Tetimpa, which Teotihuacan: residential apartments surrounding major monuments in the central districts housed the cults of village ancestors.22 In these early days, from ad 100 to 200, the residential quarters of Teotihuacan may well have looked like an enormous shanty town – but we don’t really know,23 just as we have no clear idea how the fledgling city divided access to arable land and other resources among its citizens. Maize was widely farmed, to be eaten by humans and domestic animals. People kept and ate turkeys, dogs, rabbits and hares. They also grew beans, and enjoyed access to whitetail deer and peccaries, as well as wild fruits and vegetables. Seafood arrived from the distant coast, presumably smoked or salted; but how far the various sectors of the urban economy were integrated at this time, and how exactly resources were pulled in from a wider hinterland, is altogether unclear.24",ch9-n22 | ch9-n24,"Froese, Gershenson and Manzanilla 2014. | See Manzanilla 2017.",Manzanilla 2017,"Manzanilla, Linda R. 2017. ‘Discussion: the subsistence of the Teotihuacan metropolis.’ Archaeological and Anthropological Sciences 9: 133–40."
M0464,S085,Tlaxcala,Tlaxcala,L3154,3154,3154,Chapter 9: Hiding in Plain Sight,chapter,9,"ON THE CASE OF TLAXCALA, AN INDIGENOUS REPUBLIC THAT RESISTED THE AZTEC EMPIRE THEN CAME TO JOIN FORCES WITH SPANISH INVADERS, AND HOW ITS FATEFUL DECISION EMERGED FROM DEMOCRATIC DELIBERATIONS IN AN URBAN PARLIAMENT (AS OPPOSED TO THE DAZZLING EFFECTS OF EUROPEAN TECHNOLOGY ON ‘INDIAN MINDS’)",,,,
M0465,S085,Tlaxcala,Tlaxcala,L3156,3156,3156,Chapter 9: Hiding in Plain Sight,chapter,9,"With this in mind, let’s now consider a very different case of cultural contact, which takes us forwards in time to the beginnings of European expansion in the Americas. It concerns an indigenous city-state by the name of Tlaxcala, adjacent to what’s now the Mexican state of Puebla, which played a pivotal role in the Spanish conquest of the Aztec Empire or Triple Alliance. Here is how Charles C. Mann, in his acclaimed 1491: New Revelations of the Americas before Columbus (2005), describes what happened in 1519 when Hernán Cortés passed through:",,,,
M0466,S085,Tlaxcala,Tlaxcala,L3158,3158,3158,Chapter 9: Hiding in Plain Sight,chapter,9,"Marching inland from the sea, the Spanish at first fought repeatedly with Tlaxcala, a confederation of four small kingdoms that had maintained its independence despite repeated Alliance incursions. Thanks to their guns, horses, and steel blades, the foreigners won every battle, even with Tlaxcala’s huge numerical advantage. But Cortés’s forces shrank with every fight. He was on the verge of losing everything when the four Tlaxcala kings abruptly reversed course. Concluding from the results of their battles that they could wipe out the Europeans, though at great cost, the Indian leaders offered what seemed a win-win deal: they would stop attacking Cortés, sparing his life, the lives of the surviving Spaniards, and those of many Indians, if he in return would join with Tlaxcala in a united assault on the hated Triple Alliance.43",ch9-n43,Mann 2005: 124.,Mann 2005,"Mann, Charles C. 2005. 1491: The Americas before Columbus. London: Granta."
M0467,S085,Tlaxcala,Tlaxcala,L3162,3162,3162,Chapter 9: Hiding in Plain Sight,chapter,9,"Now there is a basic problem with this account. There were no kings in Tlaxcala. Therefore, it could not in any sense be described as a confederation of kingdoms. So how did Mann come to think there were? As an award-winning science journalist, but not a specialist in the history of sixteenth-century Mesoamerica, he was at the mercy of secondary sources; and this, it turns out, is where much of the problem begins.",,,,
M0468,S085,Tlaxcala,Tlaxcala,L3164,3164,3164,Chapter 9: Hiding in Plain Sight,chapter,9,"No doubt Mann must have assumed (as would any reasonable person) that if Tlaxcala were anything other than a kingdom – say a republic or a democracy, or even some form of oligarchy – then the secondary literature would have been full of lively debates about what this implies, not just for our understanding of the Spanish conquest as a key turning point in modern world history, but for the development of indigenous societies in Mesoamerica, or indeed for political theory in general. Oddly, he’d have been wrong to assume this.44 Finding ourselves in a similar position, we decided to delve a little deeper. What we found, we must admit, was rather startling, even to us. Let’s begin by comparing Mann’s account to the one Cortés himself addressed to his king, the Holy Roman Emperor Charles V.",ch9-n44,For an important but still quite isolated exception see the works by Lane F. Fargher and colleagues cited below.,,
M0469,S085,Tlaxcala,Tlaxcala,L3166,3166,3166,Chapter 9: Hiding in Plain Sight,chapter,9,"In his Five Letters of Relation, written between 1519 and 1526, Hernán Cortés recounts his entry to the mountain-ringed Valley of Puebla, on the southern tip of the Mexican altiplano. The valley at that time sheltered numerous native cities, of which the largest included pyramid-studded Cholula, and also the city of Tlaxcala. It was indeed in Tlaxcala that Cortés found local allies who fought alongside him, advancing first on Cholula and then going on to defeat the armies of Moctezuma the Younger and lay waste to the Aztec capital of Tenochtitlan, in the neighbouring Valley of Mexico. Cortés estimated the population of Tlaxcala and its rural dependencies at 150,000. ‘There is a market in this city,’ he reported back to Charles V, ‘in which more than thirty thousand people are occupied in buying and selling,’ and the province ‘contains many wide-spreading fertile valleys all tilled and sown, no part of it being left wild, and measures some ninety leagues in circumference’. Also, the ‘order of government so far observed among the people resembles very much the republics of Venice, Genoa, and Pisa for there is no supreme overlord.’45",ch9-n45,Cortés 1928 [1520]: 51.,Cortés 1928,"Cortés, Hernando. 1928. Five Letters, 1519–1526. London: Routledge."
M0470,S085,Tlaxcala,Tlaxcala,L3168,3168,3168,Chapter 9: Hiding in Plain Sight,chapter,9,"Cortés was a minor aristocrat from a part of Spain where even municipal councils were still something of a novelty; one might argue he had little real knowledge of republics and therefore would hardly be the most reliable judge of such matters. Perhaps so; but by 1519 he had considerable experience in identifying Mesoamerican kings and either recruiting or neutralizing them, since this is largely what he had been doing since his arrival on the mainland. In Tlaxcala, he couldn’t find any. Instead, after an initial clash with Tlaxcalteca warriors, he found himself engaged with representatives of a popular urban council whose every decision had to be collectively ratified. Here is where things become decidedly strange, in terms of how the history of these events has come down to us.",,,,
M0471,S085,Tlaxcala,Tlaxcala,L3170,3170,3170,Chapter 9: Hiding in Plain Sight,chapter,9,"It is worth emphasizing again that we are dealing here with what is, by most estimations, one of the pivotal episodes of modern world history: the events leading directly up to the Spanish conquest of the Aztec Empire, and a blueprint for subsequent European conquests throughout the Americas. We assume that nobody – even the most ardent believer in the forces of technological progress, or ‘guns, germs, and steel’ – would go so far as to claim that fewer than 1,000 Spaniards could ever have conquered Tenochtitlan (a highly organized city, covering over five square miles, containing roughly a quarter of a million people) without the help of these indigenous allies, who included some 20,000 warriors from Tlaxcala. In which case, to understand what was really going on it becomes crucial to understand why the Tlaxcalteca decided to joined forces with Cortés, and how – with a population of tens of thousands, and no supreme overlord to govern them – they arrived at a decision to do so.",,,,
M0472,S085,Tlaxcala,Tlaxcala,L3172,3172,3172,Chapter 9: Hiding in Plain Sight,chapter,9,"On the first matter, our sources are clear. The Tlaxcalteca were out to settle old scores. From their perspective, an alliance with Cortés might bring to a favourable end their struggles against the Aztec Triple Alliance, and the so-called ‘Flowery Wars’ between the Valleys of Puebla and Mexico.46 As usual, most of our sources reflect the perspective of Aztec elites, who liked to portray Tlaxcala’s long-standing resistance to their imperial yoke as something between a game and imperial largesse (they allowed the Tlaxcalteca to remain independent, the Aztecs later insisted to their Spanish conquerors, because, after all, the empire’s soldiers needed somewhere to train; their priests needed a stockyard of human victims for sacrifice to the gods, and so forth). But this was braggadocio. In fact, Tlaxcala and its Otomí guerrilla units had been holding the Aztecs successfully at bay for generations. Their resistance was not just military. Tlaxcalteca cultivated a civic ethos that worked against the emergence of ambitious leaders, and hence potential quislings – a counter-example to Aztec principles of governance.",ch9-n46,"For which, see Isaac 1983.",Isaac 1983,"Isaac, Barry. L. 1983. ‘The Aztec “Flowery War”: a geopolitical explanation.’ Journal of Anthropological Research 39 (4): 415–32."
M0473,S085,Tlaxcala,Tlaxcala,L3176,3176,3176,Chapter 9: Hiding in Plain Sight,chapter,9,"Politically, the Aztec capital of Tenochtitlan and the city-state of Tlaxcala embodied opposite ideals (no less than, say, ancient Sparta and Athens). Still, little of this history is known, because the story we’ve become used to telling about the conquest of the Americas is an entirely different one. The fall of Tenochtitlan in 1521 is often used to illustrate what some feel to be deeper, underlying currents of change in human societies: the forces that give history its overall shape and direction. Starting with Alfred Crosby and Jared Diamond,47 writers in this vein have repeatedly pointed out that the conquistadors had something akin to manifest destiny on their side. Not the divinely ordained sort of destiny they envisaged for themselves, but rather the unstoppable force of an invisible army of Neolithic Old World microbes, marching alongside the Spaniards, carrying waves of smallpox to decimate indigenous populations, and a Bronze Age legacy of metal weapons, guns and horses to shock and awe the helpless natives.",,,,
M0474,S085,Tlaxcala,Tlaxcala,L3180,3180,3180,Chapter 9: Hiding in Plain Sight,chapter,9,"As we’ve also seen, this way of reading history would have been quite alien to Enlightenment philosophers, who were more inclined to think their ideals of freedom and equality owed much to the peoples of the New World and were by no means certain if those ideals were at all compatible with industrial advance. We are dealing, again, with powerful modern myths. Such myths don’t merely inform what people say: to an even greater extent, they ensure certain things go unnoticed. Some of the key early sources on Tlaxcala have never even appeared in translation, and new data emerging in recent years has not really been noticed outside specialist circles. Let’s see if we can’t set the record straight.",,,,
M0475,S085,Tlaxcala,Tlaxcala,L3182,3182,3182,Chapter 9: Hiding in Plain Sight,chapter,9,"How, exactly, did the Tlaxcalteca arrive at a decision to ally with Cortés on the field of battle, thereby ensuring the Spaniards’ victory over the Aztec Empire? It is clear the matter was fraught and deeply divisive (as it was in other Pueblan cities as well: in Cholula, for example, the same dilemma occasioned a rupture between the leaders of six calpolli – urban wards – three of whom took the others hostage, whereupon the latter absconded to Tlaxcala).48 In Tlaxcala itself, though, the argument took a very different form to what happened in Cholula.",ch9-n48,"In sixteenth-century Mexican city-states (or altepetl), these urban wards called calpolli enjoyed considerable autonomy. Calpolli were ideally organized into symmetrical sets, with reciprocal rights and duties. The city as a whole worked on the basis of each calpolli taking its turn to fulfil the obligations of municipal government, rendering its share of tribute, workers for corvée service and personnel to staff the higher ranks of political office, including – in the case of royal cities – the office of tlatoani (king, or literally ‘speaker’). Special land allotments often went along with official roles, to support the incumbent administrator, and had to be surrendered at the end of a term. This opened up positions of authority to those who lacked hereditary estates. Calpolli also existed outside cities – in rural settlements and small towns – where they may have corresponded more closely to extended kin units; within cities they were often defined administratively by their shared responsibilities for delivering tithes, taxes and corvée, but also sometimes along ethnic or occupational lines, or in terms of shared religious duties, or even origin myths. Rather like the English term ‘neighbourhood’, calpolli seems to have become a nebulous concept in the modern scholarly literature, potentially covering an enormous variety of social forms and units; see Lockhart 1985; Fargher et al. 2010; Smith 2012: 135–6 and passim.",Lockhart 1985 | Fargher 2010 | Smith 2012,"Lockhart, James. 1985. ‘Some Nahua concepts in postconquest guise.’ History of European Ideas 6 (4): 465–82. | Fargher, Lane, Richard E. Blanton and Verenice Y. Heredia Espinoza. 2010. ‘Egalitarian ideology and political power in prehispanic Central Mexico: the case of Tlaxcalan.’ Latin American Antiquity 21 (3): 227–51. | Smith, Michael E. 2012. The Aztecs (3rd edn). Oxford: Wiley-Blackwell."
M0476,S085,Tlaxcala,Tlaxcala,L3184,3184,3184,Chapter 9: Hiding in Plain Sight,chapter,9,"Some of the evidence is to be found in Bernal Díaz’s famous Historia verdadera de la conquista de la Nueva España (1568), which contains lengthy passages on the Spaniards’ interactions with warriors and emissaries from Tlaxcala. Another much-used source is the illustrated codex known as Historia de Tlaxcala (1585), by the mestizo historian Diego Muñoz Camargo; and there are also important writings by the Francisan friar Toribio of Benavente. But the most detailed source – in our minds the key one – is a book that is hardly ever cited; in fact, it is hardly ever read, at least by historians (though specialists in Renaissance humanism sometimes comment on its literary style). We are referring to the unfinished Crónica de la Nueva España, composed between 1558 and 1563 by Francisco Cervantes de Salazar, one of the first rectors of the University of Mexico.49",ch9-n49,"For the literary context of Cervantes de Salazar’s writings on New Spain see González González 2014; and also Fargher, Heredia Espinoza and Blanton 2010: 236, with further references.",González 2014,"González González, Enrique. 2014. ‘A humanist in the New World: Francisco Cervantes de Salazar (c.1514–75).’ In L. Dietz et al. (eds), Neo-Latin and the Humanities: Essays in Honour of Charles E. Fantazzi. Toronto: Center for Reformation and Renaissance Studies, pp. 235–57."
M0477,S085,Tlaxcala,Tlaxcala,L3188,3188,3188,Chapter 9: Hiding in Plain Sight,chapter,9,"In 1558 the Municipality of Mexico, composed mainly of first-generation conquistadors or their descendants, was sufficiently impressed with Cervantes de Salazar’s scholarly abilities to grant him his greatest wish: an annual stipend of 200 gold pesos to support his composition of a general history of New Spain, focusing on the themes of discovery and conquest. This was quite the endorsement and, two years later, Cervantes de Salazar (already some way into his manuscript) won a further grant, which was specifically intended to support a period of fieldwork. He must have visited Tlaxcala and its environs during that time in order to obtain valuable historical evidence directly from local caciques who lived through the conquista, and from their immediate descendants.50",ch9-n50,Nuttall 1921: 67.,Nuttall 1921,"Nuttall, Zelia. 1921. ‘Francisco Cervantes de Salazar. Biographical notes.’ Journal de la Société des Américanistes 13 (1): 59–90."
M0478,S085,Tlaxcala,Tlaxcala,L3196,3196,3196,Chapter 9: Hiding in Plain Sight,chapter,9,"Of special interest to us are those extended sections of the Crónica that deal directly with the governing council of Tlaxcala, and its deliberations over whether to ally with the Spanish invaders. They include lengthy accounts of speeches and diplomatic gifts going back and forth between representatives of the Spaniards and their Tlaxcalteca counterparts, whose oratory in council occasioned much admiration. According to Cervantes de Salazar, those who spoke for Tlaxcala included elder statesmen – such as Xicotencatl the Elder, father to the military general also named Xicotencatl who is still lionized in the state of Tlaxcala to this day54 – but also masters of commerce, religious experts and the top legal authorities of the time. What Salazar describes in these remarkable passages is evidently not the workings of a royal court but of a mature urban parliament, which sought consensus for its decisions through reasoned argument and lengthy deliberations – carrying on, when necessary, for weeks at a time.",ch9-n54,"Xicotencatl the Younger, or Xicotencatl Axayacatl, was initially cast as a traitor in both Spanish colonial and Tlaxcalteca accounts; according to Ross Hassig (2001) his rehabilitation and reputation as an indigenous fighter against the Spanish only took place after Mexico declared independence.",Hassig 2001,"Hassig, Ross. 2001. ‘Xicotencatl: rethinking an indigenous Mexican hero.’ Estudios de cultura náhuatl 32: 29–49."
M0479,S085,Tlaxcala,Tlaxcala,L3198,3198,3198,Chapter 9: Hiding in Plain Sight,chapter,9,"The key passages are in Book Three. Cortés is still encamped outside the city with his newfound Totonac allies. Ambassadors move back and forth between the Spaniards and the Ayuntamiento (city council) of Tlaxcala, where deliberations commence. After many welcomes and much kissing of hands, a lord named Maxixcatzin – well known for his ‘great prudence and affable conversation’ – gets the ball rolling with an eloquent appeal for the Tlaxcalteca to follow his lead (indeed, to follow what the gods and ancestors ordained), and ally with Cortés to rise up against their common Aztec oppressors. His reasoning is widely accepted in the council, until that is, Xicotencatl the Elder – by then over 100 years old and almost blind – intervenes.",,,,
M0480,S085,Tlaxcala,Tlaxcala,L3208,3208,3208,Chapter 9: Hiding in Plain Sight,chapter,9,"We need not rehearse here the events leading to an alliance between Tlaxcala and Cortés;56 we have said enough to give the reader a flavour of our sources concerning the democracy of Tlaxcala, and the facility of its politicians in reasoned debate. Such accounts have not fared well in the hands of modern historians. Few would go so far as to suggest that what de Salazar described never really happened, or was simply his own imagination of a scene from some ancient Greek agora or Roman senate, placed into the mouths of ‘Indians’. Yet on those rare occasions when the Crónica is considered by scholars today, it is mostly as a contribution to the literary genre of early Catholic humanism rather than as a source of historical information about indigenous forms of government – in much the same way that commentators on the writings of Lahontan never really concern themselves with what Kandiaronk might actually have argued, but dwell on the possibility that some passages might be inspired by Greek satirists like Lucian.57",ch9-n57,"The possibility that Kandiaronk, whom the Jesuits considered to rank among the smartest people that ever lived, might himself have learned about some of Lucian’s best lines in his conversations with the French, been impressed, and deployed variations of them in later debate is one that seems utterly inconceivable to such scholars.",,
M0481,S085,Tlaxcala,Tlaxcala,L3210,3210,3210,Chapter 9: Hiding in Plain Sight,chapter,9,"There is a subtle snobbery at play here. It’s not so much that anyone denies outright that accounts of deliberative politics reflect historical reality; it’s just that no one seems to find this fact particularly interesting. What seems interesting to historians is invariably the relation of these accounts to European textual traditions, or European expectations. Much the same occurs with the treatment of later texts from Tlaxcala: extant, detailed written records of the proceedings at its municipal council in the decades following the Spanish conquest, the Tlaxcalan Actas, which affirm at length both the oratorical skills of indigenous politicians and their facility with principles of consensus decision-making and reasoned debate.58",ch9-n58,"See Lockhart, Berdan and Anderson 1986; and for Nahuatl traditions of direct speech and political rhetoric, also Lockhart 1985: 474.",Lockhart 1985,"Lockhart, James. 1985. ‘Some Nahua concepts in postconquest guise.’ History of European Ideas 6 (4): 465–82."
M0482,S085,Tlaxcala,Tlaxcala,L3218,3218,3218,Chapter 9: Hiding in Plain Sight,chapter,9,"Motolinía confirms Cortés’s original observation: that Tlaxcala was indeed an indigenous republic governed not by a king, nor even by rotating office holders (as at Cholula), but by a council of elected officials (teuctli) answerable to the citizenry as a whole. Exactly how many sat on the high council of Tlaxcala is not clear: Spanish sources suggest any number from fifty to 200. Perhaps it depended on the matter at hand. Neither, unfortunately, does he tell us anything in detail about how these individuals were selected for office, or who was eligible (other Pueblan cities, including royal ones, rotated official duties among representatives of calpolli). On the topic of Tlaxcalteca modes of political training and instruction, however, Motolinía’s account comes alive.",,,,
M0483,S085,Tlaxcala,Tlaxcala,L3220,3220,3220,Chapter 9: Hiding in Plain Sight,chapter,9,"Those who aspired to a role on the council of Tlaxcala, far from being expected to demonstrate personal charisma or the ability to outdo rivals, did so in a spirit of self-deprecation – even shame. They were required to subordinate themselves to the people of the city. To ensure that this subordination was no mere show, each was subject to trials, starting with mandatory exposure to public abuse, regarded as the proper reward of ambition, and then – with one’s ego in tatters – a long period of seclusion, in which the aspiring politician suffered ordeals of fasting, sleep deprivation, bloodletting and a strict regime of moral instruction. The initiation ended with a ‘coming out’ of the newly constituted public servant, amid feasting and celebration.63",ch9-n63,"Gibson 1952; and see also Fargher, Heredia Espinoza and Blanton 2010: 238–9.",Gibson 1952,"Gibson, Charles. 1952. Tlaxcala in the Sixteenth Century. New Haven, CT and London: Yale University Press."
M0484,S085,Tlaxcala,Tlaxcala,L3224,3224,3224,Chapter 9: Hiding in Plain Sight,chapter,9,"Cortés may have praised Tlaxcala as an agrarian and commercial arcadia but, as Motolinía explains, when its citizens thought about their own political values, they actually saw those values as coming from the desert. Like other Nahuatl speakers, including the Aztecs, Tlaxcalteca liked to claim they were descended from Chichimec. These were considered the original hunter-gatherers who lived ascetic lives in deserts and forests, dwelling in primitive huts, ignorant of village or city life, rejecting corn and cooked food, bereft of clothing or organized religion, and living on wild things alone.64 The ordeals endured by aspiring councillors in Tlaxcala were reminders of the need to cultivate Chichimec qualities (ultimately to be balanced by the Toltec virtues of an urbane warrior; and just where the correct balance lay was much debated among the Tlaxcalteca).",ch9-n64,"On Chichimec see also Sahlins 2017, with further references.",Sahlins 2017,"Sahlins, Marshall. 2017. ‘The stranger-kingship of the Mexica.’ In Graeber and Sahlins, pp. 223–48."
M0485,S085,Tlaxcala,Tlaxcala,L3226,3226,3226,Chapter 9: Hiding in Plain Sight,chapter,9,"If all this sounds a little familiar, we must ask ourselves why. The Spanish friars will no doubt have heard echoes in these tales of Old World tropes for republican virtue – that same atavistic streak running from the biblical prophets through to Ibn Khaldun, not to mention their own ethic of world renunciation. The correspondences are so close that one begins to wonder if, in their auto-ethnography, the Tlaxcalteca in this case actually did present themselves to Spaniards in terms they knew would be instantly recognized and understood. Certainly, we know that the citizens of Tlaxcala staged some remarkable theatrical spectacles for the benefit of their conquerors, including a 1539 pageant of the Crusader Conquest of Jerusalem, in which the climax was a mass baptism of (actual) pagans, dressed up as Moors.65",ch9-n65,Balsera 2008.,Balsera 2008,"Balsera, Viviana Díaz. 2008. ‘Celebrating the rise of a new sun: the Tlaxcalans conquer Jerusalem in 1539.’ Estudios de cultura Nahuatl 39: 311–30."
M0486,S085,Tlaxcala,Tlaxcala,L3232,3232,3232,Chapter 9: Hiding in Plain Sight,chapter,9,"Amid all this mutual positioning, what can we really conclude about the political constitution of Tlaxcala at the time of the Spanish conquest? Was it really a functioning urban democracy and, if so, how many other such democracies might have existed in the pre-Columbian Americas? Or are we confronting a mirage, a strategic conjuring of the ‘ideal commonwealth’, supplied to a receptive audience of millenarian friars? Were elements of history and mimesis both at work?",,,,
M0487,S085,Tlaxcala,Tlaxcala,L3234,3234,3234,Chapter 9: Hiding in Plain Sight,chapter,9,"If all we had to go on were written sources, there would always be room for doubt; but archaeologists confirm that by the fourteenth century ad the city of Tlaxcala was, in fact, already organized on an entirely different basis to Tenochtitlan. There is no sign of a palace or central temple, and no major ball-court (an important setting, recall, for royal ritual in other Mesoamerican cities). Instead, archaeological survey reveals a cityscape given over almost entirely to the well-appointed residences of its citizens, constructed to uniformly high standards around more than twenty district plazas, all raised up on grand earthen terraces. The largest municipal assemblies were housed in a civic complex called Tizatlan, but this was located outside the city itself, with spaces for public gatherings entered via broad gateways.66",ch9-n66,Fargher et al. 2011.,Fargher 2011,"Fargher, Lane, Verenice Y. Heredia Espinoza and Richard E. Blanton. 2011. ‘Alternative pathways to power in late Postclassic Highland Mesoamerica.’ Journal of Anthropological Archaeology 30: 306–26."
M0488,S085,Tlaxcala,Tlaxcala,L3236,3236,3236,Chapter 9: Hiding in Plain Sight,chapter,9,"Modern archaeological investigations thus confirm the existence of an indigenous republic at Tlaxcala long before Cortés set foot on Mexican soil, while later written sources leave us in little doubt as to its democratic credentials. The contrasts with other known Mesoamerican cities of the time are quite striking – though it should also be said that fifth-century Athens was something of an outlier, surrounded by petty kingdoms and oligarchies. Nor should these contrasts be overdrawn. What we have learned in this chapter is that the political traditions of Tlaxcala are not an anomaly, but lie in one broad stream of urban development which can be traced back, in outline, to the experiments in social welfare undertaken 1,000 years earlier at Teotihuacan. Despite Aztec claims to a special relationship with that abandoned city, Tlaxcala was at least as much a part of its legacy as the Aztec capital of Tenochtitlan – and in most really significant ways, more so.",,,,
M0489,S085,Tlaxcala,Tlaxcala,L5668,5668,5668,Notes to Chapter 9: Hiding in Plain Sight,notes,9,"52. If any of this seems somewhat unlikely, we would ask the reader to consider that the 1585 manuscript of Diego Muñoz Camargo’s remarkable Historia de Tlaxcala, which in fact comprises three sections – one textual, in Spanish, and two pictographic, in Spanish and Náhuatl – effectively vanished from sight for around two centuries and was not registered at all in the comprehensive survey of Mesoamerican manuscripts undertaken in 1975. It eventually resurfaced in a collection bequeathed to the University of Glasgow by Dr William Hunter in the eighteenth century, and a facsimile edition was produced only in 1981.",ch9-n52,"If any of this seems somewhat unlikely, we would ask the reader to consider that the 1585 manuscript of Diego Muñoz Camargo’s remarkable Historia de Tlaxcala, which in fact comprises three sections – one textual, in Spanish, and two pictographic, in Spanish and Náhuatl – effectively vanished from sight for around two centuries and was not registered at all in the comprehensive survey of Mesoamerican manuscripts undertaken in 1975. It eventually resurfaced in a collection bequeathed to the University of Glasgow by Dr William Hunter in the eighteenth century, and a facsimile edition was produced only in 1981.",,
M0490,S085,Tlaxcala,Tlaxcala,L5674,5674,5674,Notes to Chapter 9: Hiding in Plain Sight,notes,9,"55. We paraphrase here from the Spanish. We are not aware of any authorized translation of these words into English. Incidentally, Xicotencatl the Elder was quite right about all this: it didn’t take long after the conquest of Tenochtitlan for Tlaxcala to lose its privileges and exemptions with the Spanish Crown, reducing its populace to just another source of tribute.",ch9-n55,"We paraphrase here from the Spanish. We are not aware of any authorized translation of these words into English. Incidentally, Xicotencatl the Elder was quite right about all this: it didn’t take long after the conquest of Tenochtitlan for Tlaxcala to lose its privileges and exemptions with the Spanish Crown, reducing its populace to just another source of tribute.",,
M0491,S085,Tlaxcala,Tlaxcala,L5688,5688,5688,Notes to Chapter 9: Hiding in Plain Sight,notes,9,"62. Motolinía 1914 [1541]: 227. Even if we can’t always establish direct links between the surviving texts of de Salazar, Motolinía and other chroniclers, it seems safe to assume that by the 1540s there would have been any number of bilingual Nahuatl and Spanish speakers in large centres like Tlaxcala, exchanging stories about the deeds and sayings of their notable recent ancestors.",ch9-n62,"Motolinía 1914 [1541]: 227. Even if we can’t always establish direct links between the surviving texts of de Salazar, Motolinía and other chroniclers, it seems safe to assume that by the 1540s there would have been any number of bilingual Nahuatl and Spanish speakers in large centres like Tlaxcala, exchanging stories about the deeds and sayings of their notable recent ancestors.",,
M0492,S086,Tizatlan,Tizatlan,L3234,3234,3234,Chapter 9: Hiding in Plain Sight,chapter,9,"If all we had to go on were written sources, there would always be room for doubt; but archaeologists confirm that by the fourteenth century ad the city of Tlaxcala was, in fact, already organized on an entirely different basis to Tenochtitlan. There is no sign of a palace or central temple, and no major ball-court (an important setting, recall, for royal ritual in other Mesoamerican cities). Instead, archaeological survey reveals a cityscape given over almost entirely to the well-appointed residences of its citizens, constructed to uniformly high standards around more than twenty district plazas, all raised up on grand earthen terraces. The largest municipal assemblies were housed in a civic complex called Tizatlan, but this was located outside the city itself, with spaces for public gatherings entered via broad gateways.66",ch9-n66,Fargher et al. 2011.,Fargher 2011,"Fargher, Lane, Verenice Y. Heredia Espinoza and Richard E. Blanton. 2011. ‘Alternative pathways to power in late Postclassic Highland Mesoamerica.’ Journal of Anthropological Archaeology 30: 306–26."
M0493,S087,Aztlán,Aztlán,L3015,3015,3015,Chapter 9: Hiding in Plain Sight,chapter,9,"Sometime around ad 1150, a people called the Mexica migrated south from a place called Aztlán – its location is now unknown – to take up a new home in the heart of the Valley of Mexico, which now bears their name.1 There they were eventually to carve out an empire, the Aztec Triple Alliance,2 and build its capital at Tenochtitlan, an island-city in Lake Texcoco – one link in a chain of great lakes and lake-cities, and part of an urban landscape ringed by mountains. Lacking an urban tradition of their own, the Mexica modelled the layout of Tenochtitlan on that of another city they found, lying in ruins and virtually abandoned, in a valley about one day’s journey distant. They called that other city Teotihuacan, the ‘Place of Gods’.",ch9-n1,"The precise location of Aztlán is unknown. Various lines of evidence suggest that populations speaking Nahuatl (the language of the Mexica/Aztec) were dispersed among both urban and rural settings before their southward migration. Most likely they were present, alongside a range of other ethnic and linguistic groups, in the Toltec capital of Tula, which lies north of the Basin of Mexico (Smith 1984).",Smith 1984,"Smith, Michael E. 1984. ‘The Aztlan migrations of the Nahuatl chronicles: myth or history?’ Ethnohistory 31 (3): 153–86."
M0494,S087,Aztlán,Aztlán,L5566,5566,5566,Notes to Chapter 9: Hiding in Plain Sight,notes,9,"1. The precise location of Aztlán is unknown. Various lines of evidence suggest that populations speaking Nahuatl (the language of the Mexica/Aztec) were dispersed among both urban and rural settings before their southward migration. Most likely they were present, alongside a range of other ethnic and linguistic groups, in the Toltec capital of Tula, which lies north of the Basin of Mexico (Smith 1984).",ch9-n1,"The precise location of Aztlán is unknown. Various lines of evidence suggest that populations speaking Nahuatl (the language of the Mexica/Aztec) were dispersed among both urban and rural settings before their southward migration. Most likely they were present, alongside a range of other ethnic and linguistic groups, in the Toltec capital of Tula, which lies north of the Basin of Mexico (Smith 1984).",Smith 1984,"Smith, Michael E. 1984. ‘The Aztlan migrations of the Nahuatl chronicles: myth or history?’ Ethnohistory 31 (3): 153–86."
M0495,S088,Culhuacan,Culhuacan,L5570,5570,5570,Notes to Chapter 9: Hiding in Plain Sight,notes,9,"3. Mexica kings claimed partial descent from the Toltec rulers of a city called Culhuacan, where they sojourned in the course of their migrations, whence the ethnonym Culhua-Mexica; see Sahlins 2017.",ch9-n3,"Mexica kings claimed partial descent from the Toltec rulers of a city called Culhuacan, where they sojourned in the course of their migrations, whence the ethnonym Culhua-Mexica; see Sahlins 2017.",Sahlins 2017,"Sahlins, Marshall. 2017. ‘The stranger-kingship of the Mexica.’ In Graeber and Sahlins, pp. 223–48."
M0496,S089,Tlacopan,Tlacopan,L5568,5568,5568,Notes to Chapter 9: Hiding in Plain Sight,notes,9,"2. So-called for the founding political union of three city-states: Tenochtitlan, Texcoco and Tlacopan.",ch9-n2,"So-called for the founding political union of three city-states: Tenochtitlan, Texcoco and Tlacopan.",,
M0497,S090,Texcoco,Texcoco,L3015,3015,3015,Chapter 9: Hiding in Plain Sight,chapter,9,"Sometime around ad 1150, a people called the Mexica migrated south from a place called Aztlán – its location is now unknown – to take up a new home in the heart of the Valley of Mexico, which now bears their name.1 There they were eventually to carve out an empire, the Aztec Triple Alliance,2 and build its capital at Tenochtitlan, an island-city in Lake Texcoco – one link in a chain of great lakes and lake-cities, and part of an urban landscape ringed by mountains. Lacking an urban tradition of their own, the Mexica modelled the layout of Tenochtitlan on that of another city they found, lying in ruins and virtually abandoned, in a valley about one day’s journey distant. They called that other city Teotihuacan, the ‘Place of Gods’.",ch9-n1,"The precise location of Aztlán is unknown. Various lines of evidence suggest that populations speaking Nahuatl (the language of the Mexica/Aztec) were dispersed among both urban and rural settings before their southward migration. Most likely they were present, alongside a range of other ethnic and linguistic groups, in the Toltec capital of Tula, which lies north of the Basin of Mexico (Smith 1984).",Smith 1984,"Smith, Michael E. 1984. ‘The Aztlan migrations of the Nahuatl chronicles: myth or history?’ Ethnohistory 31 (3): 153–86."
M0498,S090,Texcoco,Texcoco,L5568,5568,5568,Notes to Chapter 9: Hiding in Plain Sight,notes,9,"2. So-called for the founding political union of three city-states: Tenochtitlan, Texcoco and Tlacopan.",ch9-n2,"So-called for the founding political union of three city-states: Tenochtitlan, Texcoco and Tlacopan.",,
M0499,S091,Chichén Itzá,Chichén Itzá,L3078,3078,3078,Chapter 9: Hiding in Plain Sight,chapter,9,"There is a remarkable analogy for this process closer to our times. Many centuries later, when the focus of Maya culture – and most of its largest cities – had shifted to Yucatán in the north, a similar wave of central Mexican influence occurred, most dramatically evident in the city of Chichén Itzá, whose Temple of the Warriors seems to be directly modelled on the Toltec capital of Tula (a later Tollan). Again, we don’t really know what happened, but later chronicles, written secretly under Spanish rule, described the Itzá in almost exactly these terms: as a band of uprooted warriors, ‘stuttering foreigners’ from the west, who managed to seize control of a series of cities in Yucatán and ended up in a prolonged rivalry with another dynasty of Toltec exiles – or at least, exiles who insisted they were originally Toltec – called the Xiu.19 These chronicles are full of accounts of the exiles’ wanderings in the wilderness, temporary periods of glory, accusations of oppression, and sombre prophecies of future tribulation. Once again, we seem to be dealing with a feeling among the Maya that kings really should come from somewhere far away, and with the willingness of at least a few unscrupulous foreigners to take advantage of this idea.",ch9-n19,"Parallels with the fifth century ad seem striking, but again no scholarly consensus exists on how to interpret the evidence connecting these two Tollans of Chichén Itzá and Tula (see Kowalski and Kristan-Graham 2017).",,
M0500,S091,Chichén Itzá,Chichén Itza,L3393,3393,3393,Chapter 10: Why the State Has No Origin,chapter,10,"Archaeologists argue about what happened. Some theories assume that popular resistance – some combination of defection, mass movements or outright rebellion – must have played a part, even if most are understandably reluctant to draw too firm a line between cause and consequence.27 It is significant that one of the few urban societies which endured, even grew, was located in the northern lowlands around the city of Chichén Itza. Here, kingship seems to have dramatically changed its character, becoming a more purely ceremonial or even theatrical affair – so hedged about by ritual that any serious political intervention was no longer possible – while day-to-day governance apparently passed largely into the hands of a coalition that formed among collectives of prominent warriors and priests.28 Indeed, some of what were once assumed to be royal palaces in this ‘Post-Classic’ period are now being reinterpreted as assembly halls (popolna) for local representatives.29",ch10-n27 | ch10-n28 | ch10-n29,"In the absence of definitive evidence, theories of collapse have tended to follow the political concerns of their day. During the Cold War, many Euro-American Mayanists seemed to assume some kind of class conflict or peasant revolution; since the 1990s there has been more of a tendency to focus on ecological crises of one sort or another as the main causal factor. | Ringle 2004; see also Lincoln 1994. These reconstructions remain hotly debated (see Braswell (ed.) 2012), but if broadly correct, even in outline, they would correspond to what Graeber and Sahlins (2017) describe as a shift from ‘divine’ to ‘sacred’ forms of kingship, or even ‘adverse sacralisation’. | Kowaleski 2003.",Ringle 2004 | Lincoln 1994 | Sahlins 2017 | Kowaleski 2003,"Ringle, William A. 2004. ‘On the political organization of Chichen Itza.’ Ancient Mesoamerica 15: 167–218. | Lincoln, Charles K. 1994. ‘Structural and philological evidence for divine kingship at Chichén Itzá, Yucatan, México.’ In Hanns J. Prem (ed.), Hidden Among the Hills. Acta Mesoamericana, vol. 7. Möckmühl: Verlag von Flemming, pp. 164–96. | Sahlins, Marshall. 2017. ‘The stranger-kingship of the Mexica.’ In Graeber and Sahlins, pp. 223–48. | Kowaleski, Jeff. 2003. ‘Evidence for the functions and meanings of some northern Maya palaces.’ In J. J. Christie (ed.), Maya Palaces and Elite Residences. Austin: University of Texas Press, pp. 204–52."
M0501,S091,Chichén Itzá,Chichén Itzá,L5602,5602,5602,Notes to Chapter 9: Hiding in Plain Sight,notes,9,"19. Parallels with the fifth century ad seem striking, but again no scholarly consensus exists on how to interpret the evidence connecting these two Tollans of Chichén Itzá and Tula (see Kowalski and Kristan-Graham 2017).",ch9-n19,"Parallels with the fifth century ad seem striking, but again no scholarly consensus exists on how to interpret the evidence connecting these two Tollans of Chichén Itzá and Tula (see Kowalski and Kristan-Graham 2017).",,
M0502,S092,Copán,Copán,L3064,3064,3064,Chapter 9: Hiding in Plain Sight,chapter,9,"Finely carved scenes on Mayan monuments of this period show figures seated on thrones, and wearing what can be instantly recognized as foreign, Teotihuacan-style dress and weaponry (the spear-throwers called atlatls, feathered shields, and so on), clearly distinct from the garb and finery of local rulers. Archaeologists working in western Honduras, near the border with Guatemala, have even unearthed what, judging by the grave goods, appear to be the actual burials of these stranger-kings at the base level of a temple at the site of Copán, which went through seven further phases of construction. Here, glyphic inscriptions describe at least some of these individuals as actually coming from the Land of the Cattail Reeds.14",ch9-n14,Sharer 2003; Ashmore 2015.,Sharer 2003 | Ashmore 2015,"Sharer, Robert J. 2003. ‘Founding events and Teotihuacan connections at Copán, Honduras.’ In Braswell (ed.), pp. 143–65. | Ashmore, Wendy. 2015. ‘Contingent acts of remembrance: royal ancestors of Classic Maya Copan and Quirigua.’ Ancient Mesoamerica 26: 213–31."
M0503,S092,Copán,Copán,L3076,3076,3076,Chapter 9: Hiding in Plain Sight,chapter,9,"From examination of burials at Copán we also know that, before their elevation to royal status, at least some of these adventurous individuals led extremely colourful lives, fighting and travelling and fighting again, and that they may not originally have come either from Copán or from Teotihuacan but somewhere else entirely.17 Taking all lines of evidence into account, it seems likely that these progenitors of Maya dynasties were originally members of groups that specialized in long-distance travel – traders, soldiers of fortune, missionaries or perhaps even spies – who, perhaps quite suddenly, found themselves elevated to royalty.18",ch9-n17 | ch9-n18,"Based on chemical analysis of human remains from an adult male found in the Hunal Tomb at Copan, which suggest an origin for its occupant – identified as the dynastic founder K’inich Yax K’uk Mo’ – in the central Petén region (Buikstra et al. 2004). | Cf. Cowgill 2013. Some later conquistadors played a similar role, such as the notorious Nuño Beltrán de Guzmán (c.1490–1558), who started his career in the Spanish court as a bodyguard of Charles V before going on to found cities in northwest Mexico, where he ruled as founder-tyrant.",Buikstra 2004,"Buikstra, Jane E. et al. 2004. ‘Tombs from the Copan Acropolis: a life history approach.’ In E. E. Bell et al. (eds.), pp. 185–205."
M0504,S092,Copán,Copan,L5598,5598,5598,Notes to Chapter 9: Hiding in Plain Sight,notes,9,"17. Based on chemical analysis of human remains from an adult male found in the Hunal Tomb at Copan, which suggest an origin for its occupant – identified as the dynastic founder K’inich Yax K’uk Mo’ – in the central Petén region (Buikstra et al. 2004).",ch9-n17,"Based on chemical analysis of human remains from an adult male found in the Hunal Tomb at Copan, which suggest an origin for its occupant – identified as the dynastic founder K’inich Yax K’uk Mo’ – in the central Petén region (Buikstra et al. 2004).",Buikstra 2004,"Buikstra, Jane E. et al. 2004. ‘Tombs from the Copan Acropolis: a life history approach.’ In E. E. Bell et al. (eds.), pp. 185–205."
M0505,S093,Yaxchilán,Yaxchilán,L3449,3449,3449,Chapter 10: Why the State Has No Origin,chapter,10,"The fact that the greatest known Maya epic centres on a ball game gives us a sense of how central the sport was to Maya notions of charisma and authority. So too, in a more visceral way, does an inscribed staircase built at Yaxchilán to mark the accession (in ad 752) of what was probably its most famous king, known as Bird Jaguar the Great. On the central block he appears as a ball player. Flanked by two dwarf attendants, the king prepares to strike a huge rubber ball containing the body of a human captive – bound, broken and bundled – as it tumbles down a flight of stairs. Capturing high-ranking enemies to be held for ransom or, failing payment, to be killed at ball games was a major objective of Maya warfare. This particular unfortunate figure may be a certain Jewelled Skull, a noble from a rival city, whose humiliation was so important to Bird Jaguar that he also made it the central feature of a carved lintel on a nearby temple.43",ch10-n43,See Miller and Houston 1987.,,
M0506,S094,San Lorenzo Tenochtitlán,San Lorenzo,L3439,3439,3439,Chapter 10: Why the State Has No Origin,chapter,10,"At the same time, there was no reason to assume the Olmec were a unified ethnic or even political group. There was much speculation about wandering missionaries, trading empires, elite fashion styles and much else besides. Eventually, archaeologists came to understand that there was, in fact, an Olmec heartland in the marshlands of Veracruz, where the swamp cities of San Lorenzo and La Venta arose along the fringes of Mexico’s Gulf Coast. The internal structure of these Olmec cities is still poorly understood. Most seem to have been centred on ceremonial precincts – of uncertain layout, but including large earthen pyramid mounds – surrounded by extensive suburbs. These monumental epicentres stand in relative isolation, amid an otherwise fragmented and relatively unstructured landscape of small maize-farming settlements and seasonal forager camps.39",ch10-n39,"Rosenwig 2017. Again, this picture is liable to change quite dramatically with the application of LiDAR survey techniques in the provinces of Tabasco and Veracruz, which is already under way at the time of writing.",Rosenwig 2017,"Rosenwig, Robert M. 2017. ‘Olmec globalization: a Mesoamerican archipelago of complexity.’ In Tamar Hodos (ed.), The Routledge Handbook of Archaeology and Globalization. London: Routledge, pp. 177–93."
M0507,S094,San Lorenzo Tenochtitlán,San Lorenzo,L3441,3441,3441,Chapter 10: Why the State Has No Origin,chapter,10,"What can we really say, then, about the structure of Olmec society? We know it was in no sense egalitarian; there were clearly marked elites. The pyramids and other monuments suggest that, at least at certain times of year, these elites had extraordinary resources of skill and labour at their disposal. In every other respect, though, ties between centre and hinterland appear to have been surprisingly superficial. The collapse of the first great Olmec city at San Lorenzo, for instance, seems to have had very little impact on the wider regional economy.40",ch10-n40,See Rosenwig 2010.,Rosenwig 2010,"Rosenwig, Robert M. 2010. The Beginnings of Mesoamerican Civilization: Inter-Regional Interaction and the Olmec. Cambridge: Cambridge University Press."
M0508,S094,San Lorenzo Tenochtitlán,San Lorenzo,L5780,5780,5780,Notes to Chapter 10: Why the State Has No Origin,notes,10,"41. Attention to individual differences and personal aesthetics is also evident in a second major category of Olmec sculpture, most abundantly documented at San Lorenzo. It depicts human figures with unusual or anomalous features, including images of hunchbacks, dwarfs, lepers and possibly also images based on people’s observations of miscarried embryos; see Tate 2012.",ch10-n41,"Attention to individual differences and personal aesthetics is also evident in a second major category of Olmec sculpture, most abundantly documented at San Lorenzo. It depicts human figures with unusual or anomalous features, including images of hunchbacks, dwarfs, lepers and possibly also images based on people’s observations of miscarried embryos; see Tate 2012.",Tate 2012,"Tate, Carolyn E. 2012. Reconsidering Olmec Visual Culture: The Unborn, Women, and Creation. Austin: University of Texas Press."
M0509,S095,La Venta,La Venta,L3439,3439,3439,Chapter 10: Why the State Has No Origin,chapter,10,"At the same time, there was no reason to assume the Olmec were a unified ethnic or even political group. There was much speculation about wandering missionaries, trading empires, elite fashion styles and much else besides. Eventually, archaeologists came to understand that there was, in fact, an Olmec heartland in the marshlands of Veracruz, where the swamp cities of San Lorenzo and La Venta arose along the fringes of Mexico’s Gulf Coast. The internal structure of these Olmec cities is still poorly understood. Most seem to have been centred on ceremonial precincts – of uncertain layout, but including large earthen pyramid mounds – surrounded by extensive suburbs. These monumental epicentres stand in relative isolation, amid an otherwise fragmented and relatively unstructured landscape of small maize-farming settlements and seasonal forager camps.39",ch10-n39,"Rosenwig 2017. Again, this picture is liable to change quite dramatically with the application of LiDAR survey techniques in the provinces of Tabasco and Veracruz, which is already under way at the time of writing.",Rosenwig 2017,"Rosenwig, Robert M. 2017. ‘Olmec globalization: a Mesoamerican archipelago of complexity.’ In Tamar Hodos (ed.), The Routledge Handbook of Archaeology and Globalization. London: Routledge, pp. 177–93."
M0510,S095,La Venta,La Venta,L3565,3565,3565,Chapter 10: Why the State Has No Origin,chapter,10,"Who came up with the design for the labyrinthine temple of Chavín de Huántar, or the royal compounds of La Venta? Insofar as they were collectively conceived – as they may well have been67 – such grand fabrications may themselves be considered extraordinary exercises in human freedom. None of these first-order regimes could be considered examples of state formation – few now would even claim they were. So let’s turn instead to one of the only cases that pretty much everyone agrees can be considered a state, and which has served, in many ways, as a paradigm for all subsequent states: ancient Egypt.",ch10-n67,We will be considering such possibilities further in the next chapter.,,
M0511,S096,Aguada Fénix,Aguada Fénix,L5376,5376,5376,Notes to Chapter 8: Imaginary Cities,notes,8,"20. Inomata et al. 2020. They key site here is in Tabasco State, and goes by the name Aguada Fénix. Dated between 1000 and 800 bc, it’s now recognized as the ‘oldest monumental construction ever found in the Maya area and the largest in the entire pre-Hispanic history of the region’. Aguada Fénix is by no means an outlier. Massive architectural features, implying communal labour on the scale of ancient Egyptian pyramids, have now been found at numerous sites in the Maya lowlands, many centuries before the inception of Classic Maya kingship. Mostly these comprise not pyramids but earthen platforms of staggering proportions and horizontal extent, carefully laid out in roughly E-shaped formations; their function remains unclear, as most of these sites were revealed by remote sensing (using LiDAR technology) and are yet to be excavated on any scale.",ch8-n20,"Inomata et al. 2020. They key site here is in Tabasco State, and goes by the name Aguada Fénix. Dated between 1000 and 800 bc, it’s now recognized as the ‘oldest monumental construction ever found in the Maya area and the largest in the entire pre-Hispanic history of the region’. Aguada Fénix is by no means an outlier. Massive architectural features, implying communal labour on the scale of ancient Egyptian pyramids, have now been found at numerous sites in the Maya lowlands, many centuries before the inception of Classic Maya kingship. Mostly these comprise not pyramids but earthen platforms of staggering proportions and horizontal extent, carefully laid out in roughly E-shaped formations; their function remains unclear, as most of these sites were revealed by remote sensing (using LiDAR technology) and are yet to be excavated on any scale.",,
M0512,S097,Chavín de Huántar,Chavín de Huántar,L3458,3458,3458,Chapter 10: Why the State Has No Origin,chapter,10,CHAVÍN DE HUÁNTAR – AN ‘EMPIRE’ BUILT ON IMAGES?,,,,
M0513,S097,Chavín de Huántar,Chavín de Huántar,L3462,3462,3462,Chapter 10: Why the State Has No Origin,chapter,10,"Monumental centres of some kind were already appearing in the Rio Supe region in the third millennium bc.47 Later, between 1000 and 200 bc, a single centre – at Chavín de Huántar, in the northern highlands of Peru – extended its influence over a much larger area.48 This ‘Chavín horizon’ gave way to three distinct regional cultures. In the central highlands arose a militarized polity known as Wari. In parallel, on the shores of Lake Titicaca, a metropolis called Tiwanaku – at 420 hectares, roughly twice the size of Uruk or Mohenjo-daro – took form, using an ingenious system of raised fields to grow its crops on the freezing heights of the Bolivian altiplano.49 On the north coast of Peru, a third culture, known as Moche, displays striking funerary evidence of female leadership: lavish tombs of warrior-priestesses and queens, drenched in gold and flanked by human sacrifices.50",ch10-n47 | ch10-n48 | ch10-n49 | ch10-n50,As we saw in Chapter Eight. | See Conklin and Quilter (eds) 2008. | See Isbell 2008. | See Quilter 2002; Castillo Butters 2005.,Isbell 2008 | Quilter 2002 | Butters 2005,"Isbell, William H. 2008. ‘Wari and Tiwanaku: international identities in the Central Andean Middle Horizon.’ In H. Silverman and W. H. Isbell (eds), The Handbook of South American Archaeology. New York: Springer, pp. 731–59. | Quilter, Jeffrey. 2002. ‘Moche politics, religion, and warfare.’ Journal of World Prehistory 16 (2): 145–95. | Castillo Butters, Luis Jaime. 2005. ‘Las Señoras de San José de Moro: Rituales funerarios de mujeres de élite en la costa norte del Perú.’ In Divina y humana. La mujer en los antiguos Perú y México. Lima: Ministerio de Educación, pp. 18–29."
M0514,S097,Chavín de Huántar,Chavín de Huántar,L3466,3466,3466,Chapter 10: Why the State Has No Origin,chapter,10,"Consider Chavín de Huántar itself, located high in the Mosna valley of the Peruvian Andes. Archaeologists once believed it to have been the core of a pre-Inca empire in the first millennium bc: a state controlling a hinterland that stretched to the Amazonian rainforest to the east and the Pacific Coast to the west, and included all the intervening highlands and coastal drainages in between. Such power seemed commensurate with the scale and sophistication of Chavín’s cut-stone architecture, its unrivalled abundance of monumental sculpture, and the appearance of Chavín motifs on pottery, jewellery and textiles across the wider region. But was Chavín really some kind of ‘Rome of the Andes’?",,,,
M0515,S097,Chavín de Huántar,Chavín de Huántar,L3565,3565,3565,Chapter 10: Why the State Has No Origin,chapter,10,"Who came up with the design for the labyrinthine temple of Chavín de Huántar, or the royal compounds of La Venta? Insofar as they were collectively conceived – as they may well have been67 – such grand fabrications may themselves be considered extraordinary exercises in human freedom. None of these first-order regimes could be considered examples of state formation – few now would even claim they were. So let’s turn instead to one of the only cases that pretty much everyone agrees can be considered a state, and which has served, in many ways, as a paradigm for all subsequent states: ancient Egypt.",ch10-n67,We will be considering such possibilities further in the next chapter.,,
M0516,S097,Chavín de Huántar,Chavín de Huántar,L3715,3715,3715,Chapter 10: Why the State Has No Origin,chapter,10,"We’ve also observed that when early regimes do base their domination on exclusive access to forms of knowledge, these are often not the kinds of knowledge we ourselves would consider particularly practical (the shamanic, psychotropic revelations that seem to have inspired the builders of Chavín de Huántar would be one such example). In fact, the first forms of functional administration, in the sense of keeping archives of lists, ledgers, accounting procedures, overseers, audits and files, seem to emerge in precisely these kinds of ritual contexts: in Mesopotamian temples, Egyptian ancestor cults, Chinese oracle readings and so forth.116 So one thing we can now say with a fair degree of certainty is that bureaucracy did not begin simply as a practical solution to problems of information management, when human societies advanced beyond a particular threshold of scale and complexity.",ch10-n116,"Interestingly, the archival records of the nineteenth-century Merina kingdom of Madagascar are much the same: the kingdom was conceived in patrimonial terms as a royal household, and each descent group’s true nature was defined by the service they performed for the king, who was often imagined as a child, with the people as his or her nursemaids. The records go into endless and exact detail concerning every item that passed in and out of the royal household to maintain the ruler, but are otherwise almost silent on economic affairs (see Graeber, ‘The People as Nursemaids of the King,’ in Graeber and Sahlins 2017).",Sahlins 2017,"Sahlins, Marshall. 2017. ‘The stranger-kingship of the Mexica.’ In Graeber and Sahlins, pp. 223–48."
M0517,S097,Chavín de Huántar,Chavín de Huántar,L3811,3811,3811,Chapter 10: Why the State Has No Origin,chapter,10,"We began this chapter by noting how often the expansion of ambitious polities, and the concentration of power in a few hands, was accompanied by the marginalization of women, if not their violent subordination. This seems to be true not just of second-order regimes like Aztec Mexico and Old Kingdom Egypt but also of first-order ones like Chavín de Huántar. But what about cases where, even as societies scaled up and also took on more centralized forms of government, women and their concerns remained at the core of things? Do any such exist in history? This brings us to our final example: Minoan Crete.",,,,
M0518,S097,Chavín de Huántar,Chavín de Huántar,L4010,4010,4010,Chapter 11: Full Circle,chapter,11,"Like Chavín de Huántar in the Andes, or indeed Poverty Point, social influence derived from control over esoteric forms of knowledge. The main difference is that the Hopewell Interaction Sphere has no discernible centre, no single capital, and unlike Chavín it offers little evidence for the existence of permanent elites, priestly or otherwise. Analysis of burials reveals at least a dozen different sets of insignia, ranging perhaps from funerary priests to clan chief or diviner. Remarkably, it also appears to reveal the existence of a developed clan system, since the ancient inhabitants of central Ohio developed the historically unusual – but from an archaeologist’s point of view extraordinarily convenient – habit of including bits of their totem animal – jaws, teeth, claws or talons, often fashioned into pendants or jewellery – in their tombs. All the clans most familiar from later North America – Deer, Wolf, Elk, Hawk, Snake and so on – were already represented.20 The really striking thing is that, despite the existence of a system of offices and clans, there appears to be virtually no relation between the two. It is possible that clans sometimes ‘owned’ certain offices, but there is little evidence for the existence of a hereditary, ranked elite.21",ch11-n20 | ch11-n21,"Contemporary scholars list at least nine clans among the ‘Tripartite Alliance’ of sodalities in the central Hopewell region: Bear, Canine, Feline, Raptor, Raccoon, Elk, Beaver, Nonraptorial Bird and Fox. These correspond roughly to the largest clans documented among Central Algonkian peoples who still inhabit the region (Carr 2005; Thomas et al. 2005: 339–40). | As one might imagine, this has been a matter of some debate, but we follow here the extensively documented views put forward in Carr and Case (eds) 2005, with further detailed references.",Carr 2005 | Thomas 2005,"Carr, Christopher. 2005. ‘The tripartite ceremonial alliance among Scioto Hopewellian communities and the question of social ranking.’ In Case and Carr (eds), pp. 258–338. | Thomas, Chad R., Christopher Carr and Cynthia Keller. 2005. ‘Animaltotemic clans of Ohio Hopewellian peoples.’ In Carr and Case (eds), pp. 339–85."
M0519,S097,Chavín de Huántar,Chavín de Huántar,L4357,4357,4357,Chapter 12: Conclusion,chapter,12,"The state, as we know it today, results from a distinct combination of elements – sovereignty, bureaucracy and a competitive political field – which have entirely separate origins. In our thought experiment of two chapters ago, we showed how those elements map directly on to basic forms of social power which can operate at any scale of human interaction, from the family or household all the way up to the Roman Empire or the super-kingdom of Tawantinsuyu. Sovereignty, bureaucracy and politics are magnifications of elementary types of domination, grounded respectively in the use of violence, knowledge and charisma. Ancient political systems – especially those, such as the Olmec or Chavín de Huántar, that elude definition in terms of ‘chiefdoms’ and ‘states’ – can often be understood better in terms of how they developed one axis of social power to an extraordinary degree (e.g. charismatic political contests and spectacles in the Olmec case, or control of esoteric knowledge in Chavín). These are what we termed ‘first-order regimes’.",,,,
M0520,S097,Chavín de Huántar,Chavín de Huántar,L5806,5806,5806,Notes to Chapter 10: Why the State Has No Origin,notes,10,"53. Burger 2011; Torres 2008. The stone carvings at Chavín de Huántar seem mostly concerned with making permanent what were inherently ephemeral experiences of altered states of consciousness. Animal motifs typical of Chavín art – such as felines, snakes and crested eagles – actually occur up to 1,000 years earlier on cotton textiles and in beadwork, which already circulated widely between the highlands and the coast. Interestingly, more fully preserved textiles from later periods show that, even at the height of Chavín’s power, coastal societies were approaching their deities in explicitly female forms (Burger 1993). At Chavín de Huántar itself, women appear to be absent from the surviving repertory of figural sculpture.",ch10-n53,"Burger 2011; Torres 2008. The stone carvings at Chavín de Huántar seem mostly concerned with making permanent what were inherently ephemeral experiences of altered states of consciousness. Animal motifs typical of Chavín art – such as felines, snakes and crested eagles – actually occur up to 1,000 years earlier on cotton textiles and in beadwork, which already circulated widely between the highlands and the coast. Interestingly, more fully preserved textiles from later periods show that, even at the height of Chavín’s power, coastal societies were approaching their deities in explicitly female forms (Burger 1993). At Chavín de Huántar itself, women appear to be absent from the surviving repertory of figural sculpture.",Burger 2011 | Torres 2008,"Burger, Richard. L. 2011. ‘What kind of hallucinogenic snuff was used at Chavín de Huántar? An iconographic identification.’ Journal of Andean Archaeology 31 (2): 123–40. | Torres, Constantino Manuel. 2008. ‘Chavín’s psychoactive pharmacopoeia: the iconographic evidence.’ In Conklin and Quilter (eds), pp. 237–57."
M0521,S098,Tiwanaku,Tiwanaku,L3462,3462,3462,Chapter 10: Why the State Has No Origin,chapter,10,"Monumental centres of some kind were already appearing in the Rio Supe region in the third millennium bc.47 Later, between 1000 and 200 bc, a single centre – at Chavín de Huántar, in the northern highlands of Peru – extended its influence over a much larger area.48 This ‘Chavín horizon’ gave way to three distinct regional cultures. In the central highlands arose a militarized polity known as Wari. In parallel, on the shores of Lake Titicaca, a metropolis called Tiwanaku – at 420 hectares, roughly twice the size of Uruk or Mohenjo-daro – took form, using an ingenious system of raised fields to grow its crops on the freezing heights of the Bolivian altiplano.49 On the north coast of Peru, a third culture, known as Moche, displays striking funerary evidence of female leadership: lavish tombs of warrior-priestesses and queens, drenched in gold and flanked by human sacrifices.50",ch10-n47 | ch10-n48 | ch10-n49 | ch10-n50,As we saw in Chapter Eight. | See Conklin and Quilter (eds) 2008. | See Isbell 2008. | See Quilter 2002; Castillo Butters 2005.,Isbell 2008 | Quilter 2002 | Butters 2005,"Isbell, William H. 2008. ‘Wari and Tiwanaku: international identities in the Central Andean Middle Horizon.’ In H. Silverman and W. H. Isbell (eds), The Handbook of South American Archaeology. New York: Springer, pp. 731–59. | Quilter, Jeffrey. 2002. ‘Moche politics, religion, and warfare.’ Journal of World Prehistory 16 (2): 145–95. | Castillo Butters, Luis Jaime. 2005. ‘Las Señoras de San José de Moro: Rituales funerarios de mujeres de élite en la costa norte del Perú.’ In Divina y humana. La mujer en los antiguos Perú y México. Lima: Ministerio de Educación, pp. 18–29."
M0522,S098,Tiwanaku,Tiwanaku,L5878,5878,5878,Notes to Chapter 10: Why the State Has No Origin,notes,10,"89. Integration of large-scale chicha consumption into lifecycle rituals was not actually an Inca innovation – it traces back to the expansion of Tiwanaku, midway between Chavín (with its very different ritual comestibles) and the Inca; see Goldstein 2003.",ch10-n89,"Integration of large-scale chicha consumption into lifecycle rituals was not actually an Inca innovation – it traces back to the expansion of Tiwanaku, midway between Chavín (with its very different ritual comestibles) and the Inca; see Goldstein 2003.",Goldstein 2003,"Goldstein, Paul S. 2003. ‘From stew-eaters to maize-drinkers: the Chicha economy and Tiwanaku.’ In Tamara L. Bray (ed.), The Archaeology and Politics of Food and Feasting in Early States and Empires. New York: Plenum, pp. 143–71."
M0523,S099,Wari (Huari),Wari,L3462,3462,3462,Chapter 10: Why the State Has No Origin,chapter,10,"Monumental centres of some kind were already appearing in the Rio Supe region in the third millennium bc.47 Later, between 1000 and 200 bc, a single centre – at Chavín de Huántar, in the northern highlands of Peru – extended its influence over a much larger area.48 This ‘Chavín horizon’ gave way to three distinct regional cultures. In the central highlands arose a militarized polity known as Wari. In parallel, on the shores of Lake Titicaca, a metropolis called Tiwanaku – at 420 hectares, roughly twice the size of Uruk or Mohenjo-daro – took form, using an ingenious system of raised fields to grow its crops on the freezing heights of the Bolivian altiplano.49 On the north coast of Peru, a third culture, known as Moche, displays striking funerary evidence of female leadership: lavish tombs of warrior-priestesses and queens, drenched in gold and flanked by human sacrifices.50",ch10-n47 | ch10-n48 | ch10-n49 | ch10-n50,As we saw in Chapter Eight. | See Conklin and Quilter (eds) 2008. | See Isbell 2008. | See Quilter 2002; Castillo Butters 2005.,Isbell 2008 | Quilter 2002 | Butters 2005,"Isbell, William H. 2008. ‘Wari and Tiwanaku: international identities in the Central Andean Middle Horizon.’ In H. Silverman and W. H. Isbell (eds), The Handbook of South American Archaeology. New York: Springer, pp. 731–59. | Quilter, Jeffrey. 2002. ‘Moche politics, religion, and warfare.’ Journal of World Prehistory 16 (2): 145–95. | Castillo Butters, Luis Jaime. 2005. ‘Las Señoras de San José de Moro: Rituales funerarios de mujeres de élite en la costa norte del Perú.’ In Divina y humana. La mujer en los antiguos Perú y México. Lima: Ministerio de Educación, pp. 18–29."
M0524,S099,Wari (Huari),Wari,L3572,3572,3572,Chapter 10: Why the State Has No Origin,chapter,10,"For some readers, the idea of a dead monarch sent off to the afterlife amid the corpses of his retainers might evoke images of early pharaohs. Some of Egypt’s earliest known kings, those of the First Dynasty around 3000 bc (who, in fact, were not yet referred to as ‘pharaoh’), were indeed buried in this way.70 But Egypt is not alone in this respect. Burials of kings surrounded by dozens, hundreds, on some occasions even thousands of human victims killed specially for the occasion can be found in almost every part of the world where monarchies did eventually establish themselves, from the early dynastic city-state of Ur in Mesopotamia to the Kerma polity in Nubia to Shang China. There are also credible literary descriptions from Korea, Tibet, Japan and the Russian steppes. Something similar seems to have occurred as well in the Moche and Wari societies of South America, and the Mississippian city of Cahokia.71",ch10-n70 | ch10-n71,"Egyptologists refer to the First and Second Dynasties as Egypt’s ‘Early Dynastic’ period while the ‘Old Kingdom’ – somewhat confusingly – begins only in the Third Dynasty. | See Dickson 2006; Morris 2007; Campbell (ed.) 2014; Graeber and Sahlins 2017: 443–4, with further references.",Dickson 2006 | Morris 2007 | Sahlins 2017,"Dickson, D. Bruce. 2006. ‘Public transcripts expressed in theatres of cruelty: the Royal Graves at Ur in Mesopotamia.’ Cambridge Archaeological Journal 16 (2): 123–44. | Morris, Ellen. 2007. ‘Sacrifice for the state: First Dynasty royal funerals and the rites at Macramallah’s triangle.’ In Nicola Laneri (ed.), Performing Death: Social Analysis of Funerary Traditions in the Ancient Near East and Mediterranean. Chicago: Oriental Institute of Chicago, pp. 15–38. | Sahlins, Marshall. 2017. ‘The stranger-kingship of the Mexica.’ In Graeber and Sahlins, pp. 223–48."
M0525,S100,Knossos,Knossos,L3823,3823,3823,Chapter 10: Why the State Has No Origin,chapter,10,"Much of our knowledge comes from the metropolis of Knossos, as well as other major centres at Phaestos, Malia and Zakros, which are usually described as ‘palatial societies’ that existed between 1700 and 1450 bc (the Neopalatial or ‘New Palace’ period).142 Certainly, they were very impressive places at this time. Knossos, thought to have had a population of about 25,000,143 in many ways resembles similar cities in other parts of the eastern Mediterranean, centring as it does on large palace complexes replete with industrial quarters and storage facilities, and a system of writing on clay tablets (‘Linear A’) which, frustratingly, has never been deciphered. The problem is that, unlike palatial societies of roughly the same age – such as those of Zimri-Lim at Mari on the Syrian Euphrates, or in Hittite Anatolia to the north, or Egypt – there is simply no clear evidence of monarchy on Minoan Crete.144",ch10-n142 | ch10-n144,"A chronological scheme, widely used by archaeologists for the entire island, starts with the ‘Pre-palatial’, moving on to ‘Proto-palatial’, ‘Neo-palatial’ and so on. | See Davis 1995.",Davis 1995,"Davis, E. N. 1995. ‘Art and politics in the Aegean: the missing ruler.’ In Paul Rehak (ed.), The Role of the Ruler in the Prehistoric Aegean (Aegaeum 11). Liège: University of Liège, pp. 11–20."
M0526,S100,Knossos,Knossos,L3825,3825,3825,Chapter 10: Why the State Has No Origin,chapter,10,"It’s not for lack of material. We might not be able to read the writing, but Crete and the nearby island of Thera (Santorini) – where a bed of volcanic ash preserves the Minoan town of Akrotiri in splendid detail – actually furnish us with one of the most extensive bodies of pictorial art from the Bronze Age world: not just frescoes, but also ivories and detailed engravings on seals and jewellery.145 By far the most frequent depictions of authority figures in Minoan art show adult women in boldly patterned skirts that extend over their shoulders but are open at the chest.146 Women are regularly depicted at a larger scale than men, a sign of political superiority in the visual traditions of all neighbouring lands. They hold symbols of command, like the staff-wielding ‘Mother of Mountains’ who appears on seal impressions from a major shrine at Knossos; they perform fertility rites before horned altars, sit on thrones, meet together in assemblies with no male presiding and appear flanked by supernatural creatures and dangerous animals.147 Most male depictions, on the other hand, are either of scantily clad or naked athletes (no women are depicted naked in Minoan art); or show men bringing tribute and adopting poses of subservience before female dignitaries. All this is without parallel in the highly patriarchal societies of Syria, Lebanon, Anatolia and Egypt (all regions that Cretans of the time were familiar with, since they visited them as traders and diplomats).",ch10-n145 | ch10-n146 | ch10-n147,"Preziosi and Hitchcock 1999. | We should perhaps mention here Arthur Evans’s notorious identification of a ‘priest-king’ among the painted figures he uncovered at Knossos at the turn of the twentieth century (for which see S. Sherratt 2000). In fact, the various bits of decorated wall relief Evans used to piece this image together came from different archaeological strata, and probably never belonged to a single figure (he himself thought this to begin with, but changed his mind). Even the gender of the priest-king is now questioned by art historians. But the more basic question is why anybody would want to seize on a single, possibly male figure with an impressive plumed hat as evidence for kingship, when the overwhelming majority of Minoan pictorial art is pointing us in another direction altogether. We will follow it in a moment. But in short, the priest-king of Knossos is no better contender for a throne than his similarly named and similarly isolated counterpart at the earlier Bronze Age city of Mohenjo-daro in the Indus valley, whom we encountered in Chapter Eight. | Younger 2016.",Sherratt 2000 | Younger 2016,"Sherratt, Susan. 2000. Arthur Evans, Knossos, and the Priest-King. Oxford: Ashmolean Museum. | Younger, John. 2016. ‘Minoan women.’ In S. L. Budin and J. M. Turfa (eds), Women in Antiquity: Real Women Across the Ancient World. London and New York: Routledge, pp. 573–94."
M0527,S100,Knossos,Knossos,L3827,3827,3827,Chapter 10: Why the State Has No Origin,chapter,10,"Scholarly interpretations of Minoan palatial art, with its array of powerful females, are somewhat perplexing. Most follow Arthur Evans, the early-twentieth-century excavator of Knossos, in identifying such figures as goddesses, or priestesses wielding no earthly power – almost as though they have no connection to the real world.148 They tend to come up in the ‘religion and ritual’ sections of books on Aegean art and archaeology as opposed to ‘politics’, ‘economics’ or ‘social structure’ – politics, in particular, being reconstructed with almost no reference to the art at all. Others simply avoid the issue altogether, describing Minoan political life as clearly different, but ultimately impenetrable (a gendered sentiment if ever there was one). Would this keep happening if these were images of men in positions of authority? Unlikely, since the same scholars usually have no trouble identifying similar scenes that involve males – painted on the walls of Egyptian tombs, for example – or even actual representations of Keftiu (Cretans) bringing tribute to powerful Egyptian men as reflections of real power relations.",ch10-n148,"‘It is certain’, Evans wrote, ‘that, however much the male element had asserted itself in the domain of government by the great days of Minoan Civilization, the stamp of Religion still continued to reflect the older matriarchal stage of social development.’ (cited in Schoep 2018: 21)",,
M0528,S100,Knossos,Knossos,L3841,3841,3841,Chapter 10: Why the State Has No Origin,chapter,10,"Cretan palaces were unfortified, and Minoan art makes almost no reference to war, dwelling instead on scenes of play and attention to creature comforts. All this is in marked contrast to what was happening on the Greek mainland. Walled citadels arose at Mycenae, Pylos and Tiryns around 1400 bc, and before long their rulers launched a successful takeover of Crete, occupying Knossos and assuming control of its hinterland. Compared to Knossos or Phaistos, their residences appear little more than hill forts, perched on key passes in the Peloponnese and surrounded by modest hamlets. Mycenae, the biggest, had a population of around 6,000. This is not surprising, since the palace societies of the mainland don’t arise from pre-existing cities but from warrior aristocracies that produced the earlier Shaft Graves of Mycenae, with their haunting gold death masks and weaponry inlaid with scenes of male fighters and hunting bands.150",ch10-n150,Voutsaki 1997.,Voutsaki 1997,"Voutsaki, Sofia. 1997. ‘The creation of value and prestige in the Aegean Late Bronze Age.’ Journal of European Archaeology 5 (2): 34–52."
M0529,S100,Knossos,Knossos,L3847,3847,3847,Chapter 10: Why the State Has No Origin,chapter,10,"We can contrast this with the ‘Throne Room’ of Knossos on Crete, identified as such by Arthur Evans. In this case the purported throne faces an open space, surrounded by stone benches symmetrically arranged in rows so the assembled groups could sit in comfort for long periods, each visible to all the others. Nearby was a stepped bathing chamber. There are many such ‘lustral basins’ (as Evans called them) in Minoan houses and palaces. Archaeologists puzzled for decades over their function, until at Akrotiri one such was found directly under a painted scene of a female initiation ceremony most likely linked to menstruation.154 In fact, on purely architectural grounds, and notwithstanding Evans’s rather desperate insistence that it ‘seems better adapted for a man’, the centrepiece of the Throne Room may be quite reasonably understood not as the seat of a male monarch but rather that of a council head, and its occupants more likely a succession of female councillors.",ch10-n154,Rehak 2002.,Rehak 2002,"Rehak, Paul. 2002. ‘Imag(in)ing a women’s world in Bronze Age Greece.’ In Nancy Sorkin Rabinowitz and Lisa Auanger (eds), Among Women from the Homosocial to the Homoerotic in the Ancient World. Austin: University of Texas Press, pp. 34–59."
M0530,S100,Knossos,Knossos,L3896,3896,3896,Chapter 11: Full Circle,chapter,11,"As a result, the same portrayers of world history who profess themselves believers in freedom, democracy and women’s rights continue to treat historical epochs of relative freedom, democracy and women’s rights as so many ‘dark ages’. Similarly, as we’ve seen, the concept of ‘civilization’ is still largely reserved for societies whose defining characteristics include high-handed autocrats, imperial conquests and the use of slave labour. Presented with undeniable cases of large and materially sophisticated societies for which evidence of such things is conspicuously lacking – ancient centres like Teotihuacan or Knossos, for example – the standard recourse is to throw up one’s hands and say: who can tell what was really going on there? or insist that Ozymandias’ throne room must be lurking in there somewhere, but that we simply haven’t found it yet.",,,,
M0531,S100,Knossos,Knossos,L4305,4305,4305,Chapter 12: Conclusion,chapter,12,"Now, we are hardly about to deny that technologies play an important role in shaping society. Obviously, technologies are important: each new invention opens up social possibilities that had not existed before. At the same time, it’s very easy to overstate the importance of new technologies in setting the overall direction of social change. To take an obvious example, the fact that Teotihuacanos or Tlaxcalteca employed stone tools to build and maintain their cities, while the inhabitants of Mohenjo-daro or Knossos used metal, seems to have made surprisingly little difference to those cities’ internal organization or even size. Nor does our evidence support the notion that major innovations always occur in sudden, revolutionary bursts, transforming everything in their wake. (This, as you’ll recall, was one of the main points to emerge from the two chapters we devoted to the origins of farming.)",,,,
M0532,S100,Knossos,Knossos,L5992,5992,5992,Notes to Chapter 10: Why the State Has No Origin,notes,10,"146. We should perhaps mention here Arthur Evans’s notorious identification of a ‘priest-king’ among the painted figures he uncovered at Knossos at the turn of the twentieth century (for which see S. Sherratt 2000). In fact, the various bits of decorated wall relief Evans used to piece this image together came from different archaeological strata, and probably never belonged to a single figure (he himself thought this to begin with, but changed his mind). Even the gender of the priest-king is now questioned by art historians. But the more basic question is why anybody would want to seize on a single, possibly male figure with an impressive plumed hat as evidence for kingship, when the overwhelming majority of Minoan pictorial art is pointing us in another direction altogether. We will follow it in a moment. But in short, the priest-king of Knossos is no better contender for a throne than his similarly named and similarly isolated counterpart at the earlier Bronze Age city of Mohenjo-daro in the Indus valley, whom we encountered in Chapter Eight.",ch10-n146,"We should perhaps mention here Arthur Evans’s notorious identification of a ‘priest-king’ among the painted figures he uncovered at Knossos at the turn of the twentieth century (for which see S. Sherratt 2000). In fact, the various bits of decorated wall relief Evans used to piece this image together came from different archaeological strata, and probably never belonged to a single figure (he himself thought this to begin with, but changed his mind). Even the gender of the priest-king is now questioned by art historians. But the more basic question is why anybody would want to seize on a single, possibly male figure with an impressive plumed hat as evidence for kingship, when the overwhelming majority of Minoan pictorial art is pointing us in another direction altogether. We will follow it in a moment. But in short, the priest-king of Knossos is no better contender for a throne than his similarly named and similarly isolated counterpart at the earlier Bronze Age city of Mohenjo-daro in the Indus valley, whom we encountered in Chapter Eight.",Sherratt 2000,"Sherratt, Susan. 2000. Arthur Evans, Knossos, and the Priest-King. Oxford: Ashmolean Museum."
M0533,S101,Phaistos,Phaestos,L3823,3823,3823,Chapter 10: Why the State Has No Origin,chapter,10,"Much of our knowledge comes from the metropolis of Knossos, as well as other major centres at Phaestos, Malia and Zakros, which are usually described as ‘palatial societies’ that existed between 1700 and 1450 bc (the Neopalatial or ‘New Palace’ period).142 Certainly, they were very impressive places at this time. Knossos, thought to have had a population of about 25,000,143 in many ways resembles similar cities in other parts of the eastern Mediterranean, centring as it does on large palace complexes replete with industrial quarters and storage facilities, and a system of writing on clay tablets (‘Linear A’) which, frustratingly, has never been deciphered. The problem is that, unlike palatial societies of roughly the same age – such as those of Zimri-Lim at Mari on the Syrian Euphrates, or in Hittite Anatolia to the north, or Egypt – there is simply no clear evidence of monarchy on Minoan Crete.144",ch10-n142 | ch10-n144,"A chronological scheme, widely used by archaeologists for the entire island, starts with the ‘Pre-palatial’, moving on to ‘Proto-palatial’, ‘Neo-palatial’ and so on. | See Davis 1995.",Davis 1995,"Davis, E. N. 1995. ‘Art and politics in the Aegean: the missing ruler.’ In Paul Rehak (ed.), The Role of the Ruler in the Prehistoric Aegean (Aegaeum 11). Liège: University of Liège, pp. 11–20."
M0534,S101,Phaistos,Phaistos,L3841,3841,3841,Chapter 10: Why the State Has No Origin,chapter,10,"Cretan palaces were unfortified, and Minoan art makes almost no reference to war, dwelling instead on scenes of play and attention to creature comforts. All this is in marked contrast to what was happening on the Greek mainland. Walled citadels arose at Mycenae, Pylos and Tiryns around 1400 bc, and before long their rulers launched a successful takeover of Crete, occupying Knossos and assuming control of its hinterland. Compared to Knossos or Phaistos, their residences appear little more than hill forts, perched on key passes in the Peloponnese and surrounded by modest hamlets. Mycenae, the biggest, had a population of around 6,000. This is not surprising, since the palace societies of the mainland don’t arise from pre-existing cities but from warrior aristocracies that produced the earlier Shaft Graves of Mycenae, with their haunting gold death masks and weaponry inlaid with scenes of male fighters and hunting bands.150",ch10-n150,Voutsaki 1997.,Voutsaki 1997,"Voutsaki, Sofia. 1997. ‘The creation of value and prestige in the Aegean Late Bronze Age.’ Journal of European Archaeology 5 (2): 34–52."
M0535,S102,Malia (Minoan site),Malia,L3823,3823,3823,Chapter 10: Why the State Has No Origin,chapter,10,"Much of our knowledge comes from the metropolis of Knossos, as well as other major centres at Phaestos, Malia and Zakros, which are usually described as ‘palatial societies’ that existed between 1700 and 1450 bc (the Neopalatial or ‘New Palace’ period).142 Certainly, they were very impressive places at this time. Knossos, thought to have had a population of about 25,000,143 in many ways resembles similar cities in other parts of the eastern Mediterranean, centring as it does on large palace complexes replete with industrial quarters and storage facilities, and a system of writing on clay tablets (‘Linear A’) which, frustratingly, has never been deciphered. The problem is that, unlike palatial societies of roughly the same age – such as those of Zimri-Lim at Mari on the Syrian Euphrates, or in Hittite Anatolia to the north, or Egypt – there is simply no clear evidence of monarchy on Minoan Crete.144",ch10-n142 | ch10-n144,"A chronological scheme, widely used by archaeologists for the entire island, starts with the ‘Pre-palatial’, moving on to ‘Proto-palatial’, ‘Neo-palatial’ and so on. | See Davis 1995.",Davis 1995,"Davis, E. N. 1995. ‘Art and politics in the Aegean: the missing ruler.’ In Paul Rehak (ed.), The Role of the Ruler in the Prehistoric Aegean (Aegaeum 11). Liège: University of Liège, pp. 11–20."
M0536,S103,Zakros,Zakros,L3823,3823,3823,Chapter 10: Why the State Has No Origin,chapter,10,"Much of our knowledge comes from the metropolis of Knossos, as well as other major centres at Phaestos, Malia and Zakros, which are usually described as ‘palatial societies’ that existed between 1700 and 1450 bc (the Neopalatial or ‘New Palace’ period).142 Certainly, they were very impressive places at this time. Knossos, thought to have had a population of about 25,000,143 in many ways resembles similar cities in other parts of the eastern Mediterranean, centring as it does on large palace complexes replete with industrial quarters and storage facilities, and a system of writing on clay tablets (‘Linear A’) which, frustratingly, has never been deciphered. The problem is that, unlike palatial societies of roughly the same age – such as those of Zimri-Lim at Mari on the Syrian Euphrates, or in Hittite Anatolia to the north, or Egypt – there is simply no clear evidence of monarchy on Minoan Crete.144",ch10-n142 | ch10-n144,"A chronological scheme, widely used by archaeologists for the entire island, starts with the ‘Pre-palatial’, moving on to ‘Proto-palatial’, ‘Neo-palatial’ and so on. | See Davis 1995.",Davis 1995,"Davis, E. N. 1995. ‘Art and politics in the Aegean: the missing ruler.’ In Paul Rehak (ed.), The Role of the Ruler in the Prehistoric Aegean (Aegaeum 11). Liège: University of Liège, pp. 11–20."
M0537,S104,Akrotiri,Akrotiri,L3825,3825,3825,Chapter 10: Why the State Has No Origin,chapter,10,"It’s not for lack of material. We might not be able to read the writing, but Crete and the nearby island of Thera (Santorini) – where a bed of volcanic ash preserves the Minoan town of Akrotiri in splendid detail – actually furnish us with one of the most extensive bodies of pictorial art from the Bronze Age world: not just frescoes, but also ivories and detailed engravings on seals and jewellery.145 By far the most frequent depictions of authority figures in Minoan art show adult women in boldly patterned skirts that extend over their shoulders but are open at the chest.146 Women are regularly depicted at a larger scale than men, a sign of political superiority in the visual traditions of all neighbouring lands. They hold symbols of command, like the staff-wielding ‘Mother of Mountains’ who appears on seal impressions from a major shrine at Knossos; they perform fertility rites before horned altars, sit on thrones, meet together in assemblies with no male presiding and appear flanked by supernatural creatures and dangerous animals.147 Most male depictions, on the other hand, are either of scantily clad or naked athletes (no women are depicted naked in Minoan art); or show men bringing tribute and adopting poses of subservience before female dignitaries. All this is without parallel in the highly patriarchal societies of Syria, Lebanon, Anatolia and Egypt (all regions that Cretans of the time were familiar with, since they visited them as traders and diplomats).",ch10-n145 | ch10-n146 | ch10-n147,"Preziosi and Hitchcock 1999. | We should perhaps mention here Arthur Evans’s notorious identification of a ‘priest-king’ among the painted figures he uncovered at Knossos at the turn of the twentieth century (for which see S. Sherratt 2000). In fact, the various bits of decorated wall relief Evans used to piece this image together came from different archaeological strata, and probably never belonged to a single figure (he himself thought this to begin with, but changed his mind). Even the gender of the priest-king is now questioned by art historians. But the more basic question is why anybody would want to seize on a single, possibly male figure with an impressive plumed hat as evidence for kingship, when the overwhelming majority of Minoan pictorial art is pointing us in another direction altogether. We will follow it in a moment. But in short, the priest-king of Knossos is no better contender for a throne than his similarly named and similarly isolated counterpart at the earlier Bronze Age city of Mohenjo-daro in the Indus valley, whom we encountered in Chapter Eight. | Younger 2016.",Sherratt 2000 | Younger 2016,"Sherratt, Susan. 2000. Arthur Evans, Knossos, and the Priest-King. Oxford: Ashmolean Museum. | Younger, John. 2016. ‘Minoan women.’ In S. L. Budin and J. M. Turfa (eds), Women in Antiquity: Real Women Across the Ancient World. London and New York: Routledge, pp. 573–94."
M0538,S104,Akrotiri,Akrotiri,L3847,3847,3847,Chapter 10: Why the State Has No Origin,chapter,10,"We can contrast this with the ‘Throne Room’ of Knossos on Crete, identified as such by Arthur Evans. In this case the purported throne faces an open space, surrounded by stone benches symmetrically arranged in rows so the assembled groups could sit in comfort for long periods, each visible to all the others. Nearby was a stepped bathing chamber. There are many such ‘lustral basins’ (as Evans called them) in Minoan houses and palaces. Archaeologists puzzled for decades over their function, until at Akrotiri one such was found directly under a painted scene of a female initiation ceremony most likely linked to menstruation.154 In fact, on purely architectural grounds, and notwithstanding Evans’s rather desperate insistence that it ‘seems better adapted for a man’, the centrepiece of the Throne Room may be quite reasonably understood not as the seat of a male monarch but rather that of a council head, and its occupants more likely a succession of female councillors.",ch10-n154,Rehak 2002.,Rehak 2002,"Rehak, Paul. 2002. ‘Imag(in)ing a women’s world in Bronze Age Greece.’ In Nancy Sorkin Rabinowitz and Lisa Auanger (eds), Among Women from the Homosocial to the Homoerotic in the Ancient World. Austin: University of Texas Press, pp. 34–59."
M0539,S105,Mycenae,Mycenae,L2679,2679,2679,Chapter 8: Imaginary Cities,chapter,8,"What makes these cities strange, at least to us, is largely what isn’t there. This is especially true of technology, whether advanced metallurgy, intensive agriculture, social technologies like administrative records, or even the wheel. Any one of these things may, or may not, have been present, depending where in this early urban world we cast our gaze. Here it’s worth recalling that in most of the Americas, before the European invasion, there were neither metal tools nor horses, donkeys, camels or oxen. All movement of people and things was either by foot, canoe or travois. But the scale of pre-Columbian capitals like Teotihuacan or Tenochtitlan dwarfs that of the earliest cities in China and Mesopotamia, and makes the ‘city-states’ of Bronze Age Greece (like Tiryns and Mycenae) seem little more than fortified hamlets.",,,,
M0540,S105,Mycenae,Mycenae,L3841,3841,3841,Chapter 10: Why the State Has No Origin,chapter,10,"Cretan palaces were unfortified, and Minoan art makes almost no reference to war, dwelling instead on scenes of play and attention to creature comforts. All this is in marked contrast to what was happening on the Greek mainland. Walled citadels arose at Mycenae, Pylos and Tiryns around 1400 bc, and before long their rulers launched a successful takeover of Crete, occupying Knossos and assuming control of its hinterland. Compared to Knossos or Phaistos, their residences appear little more than hill forts, perched on key passes in the Peloponnese and surrounded by modest hamlets. Mycenae, the biggest, had a population of around 6,000. This is not surprising, since the palace societies of the mainland don’t arise from pre-existing cities but from warrior aristocracies that produced the earlier Shaft Graves of Mycenae, with their haunting gold death masks and weaponry inlaid with scenes of male fighters and hunting bands.150",ch10-n150,Voutsaki 1997.,Voutsaki 1997,"Voutsaki, Sofia. 1997. ‘The creation of value and prestige in the Aegean Late Bronze Age.’ Journal of European Archaeology 5 (2): 34–52."
M0541,S106,Tiryns,Tiryns,L2679,2679,2679,Chapter 8: Imaginary Cities,chapter,8,"What makes these cities strange, at least to us, is largely what isn’t there. This is especially true of technology, whether advanced metallurgy, intensive agriculture, social technologies like administrative records, or even the wheel. Any one of these things may, or may not, have been present, depending where in this early urban world we cast our gaze. Here it’s worth recalling that in most of the Americas, before the European invasion, there were neither metal tools nor horses, donkeys, camels or oxen. All movement of people and things was either by foot, canoe or travois. But the scale of pre-Columbian capitals like Teotihuacan or Tenochtitlan dwarfs that of the earliest cities in China and Mesopotamia, and makes the ‘city-states’ of Bronze Age Greece (like Tiryns and Mycenae) seem little more than fortified hamlets.",,,,
M0542,S106,Tiryns,Tiryns,L3841,3841,3841,Chapter 10: Why the State Has No Origin,chapter,10,"Cretan palaces were unfortified, and Minoan art makes almost no reference to war, dwelling instead on scenes of play and attention to creature comforts. All this is in marked contrast to what was happening on the Greek mainland. Walled citadels arose at Mycenae, Pylos and Tiryns around 1400 bc, and before long their rulers launched a successful takeover of Crete, occupying Knossos and assuming control of its hinterland. Compared to Knossos or Phaistos, their residences appear little more than hill forts, perched on key passes in the Peloponnese and surrounded by modest hamlets. Mycenae, the biggest, had a population of around 6,000. This is not surprising, since the palace societies of the mainland don’t arise from pre-existing cities but from warrior aristocracies that produced the earlier Shaft Graves of Mycenae, with their haunting gold death masks and weaponry inlaid with scenes of male fighters and hunting bands.150",ch10-n150,Voutsaki 1997.,Voutsaki 1997,"Voutsaki, Sofia. 1997. ‘The creation of value and prestige in the Aegean Late Bronze Age.’ Journal of European Archaeology 5 (2): 34–52."
M0543,S107,Qustul,Qustul,L3610,3610,3610,Chapter 10: Why the State Has No Origin,chapter,10,"Still, there is no substitute for actual archaeological evidence – and in recent years it has been building up apace. New discoveries show that, by no later than 3500 bc – and so still some five centuries before the First Dynasty – we do indeed find burials of petty monarchs at various locations throughout the valley of the Nile, and also down into Nubia. We don’t know any of their names, since writing had barely developed yet. Most of these kingdoms appear to have been extremely small. The largest we know of centred on Naqada and Abydos, near the great bend of the Nile in Upper Egypt; on Hierakonpolis further to the south; and on the site of Qustul in Lower Nubia – but even those do not seem to have controlled extensive territories.85",ch10-n85,"See Wengrow 2006: Chapters One, Four and Five; Kemp 2006; Teeter (ed.) 2011. Population estimates for these ‘proto-kingdoms’ remain highly speculative due to the inaccessibility of ancient living quarters and the burial of large areas of prehistoric settlement beneath modern field systems and floodplains.",Wengrow 2006 | Kemp 2006,"Wengrow, David. 2006. The Archaeology of Early Egypt: Social Transformations in North-East Africa, 10,000 to 2650 bc. Cambridge: Cambridge University Press. | Kemp, Barry. 2006. Ancient Egypt: Anatomy of a Civilization (2nd edn). London: Routledge."
M0544,S108,Kerma,Kerma,L3572,3572,3572,Chapter 10: Why the State Has No Origin,chapter,10,"For some readers, the idea of a dead monarch sent off to the afterlife amid the corpses of his retainers might evoke images of early pharaohs. Some of Egypt’s earliest known kings, those of the First Dynasty around 3000 bc (who, in fact, were not yet referred to as ‘pharaoh’), were indeed buried in this way.70 But Egypt is not alone in this respect. Burials of kings surrounded by dozens, hundreds, on some occasions even thousands of human victims killed specially for the occasion can be found in almost every part of the world where monarchies did eventually establish themselves, from the early dynastic city-state of Ur in Mesopotamia to the Kerma polity in Nubia to Shang China. There are also credible literary descriptions from Korea, Tibet, Japan and the Russian steppes. Something similar seems to have occurred as well in the Moche and Wari societies of South America, and the Mississippian city of Cahokia.71",ch10-n70 | ch10-n71,"Egyptologists refer to the First and Second Dynasties as Egypt’s ‘Early Dynastic’ period while the ‘Old Kingdom’ – somewhat confusingly – begins only in the Third Dynasty. | See Dickson 2006; Morris 2007; Campbell (ed.) 2014; Graeber and Sahlins 2017: 443–4, with further references.",Dickson 2006 | Morris 2007 | Sahlins 2017,"Dickson, D. Bruce. 2006. ‘Public transcripts expressed in theatres of cruelty: the Royal Graves at Ur in Mesopotamia.’ Cambridge Archaeological Journal 16 (2): 123–44. | Morris, Ellen. 2007. ‘Sacrifice for the state: First Dynasty royal funerals and the rites at Macramallah’s triangle.’ In Nicola Laneri (ed.), Performing Death: Social Analysis of Funerary Traditions in the Ancient Near East and Mediterranean. Chicago: Oriental Institute of Chicago, pp. 15–38. | Sahlins, Marshall. 2017. ‘The stranger-kingship of the Mexica.’ In Graeber and Sahlins, pp. 223–48."
M0545,S109,Abydos,Abydos,L3582,3582,3582,Chapter 10: Why the State Has No Origin,chapter,10,"It’s interesting to bear this in mind when we turn to Egypt, because on the surface what we observe in the earliest dynasties seems the exact opposite. The first Egyptian kings, and at least one queen, are indeed buried surrounded by sacrificial victims, but those victims seem to have been drawn almost exclusively from their own inner circles. Our evidence for this derives from a series of 5,000-year-old burial chambers, looted in antiquity but still visible near the site of the ancient city of Abydos in the low desert of southern Egypt. These were the tombs of Egypt’s First Dynasty.75 Around each royal tomb lie long rows of subsidiary burials, numbering in the hundreds, forming a kind of perimeter. Such ‘retainer burials’ – including royal attendants and courtiers, killed in the prime of life – were placed in smaller brick compartments of their own, each marked with a gravestone inscribed with the individual’s official titles.76 There do not appear to be any dead captives or enemies among the buried. On the death of a king, then, his successor appears to have presided instead over the death of his predecessor’s courtly entourage, or at least a sizeable portion of it.",ch10-n75 | ch10-n76,"Although perhaps not the only tombs, since Egypt’s earliest rulers may occasionally have split their ancestors’ bodies up, burying them in more than one location to distribute their mortuary cult as widely as possible; see Wengrow 1996: 226–8. | Wengrow 1996: 245–58; Bestock 2008; see also Morris 2007; 2014.",Bestock 2008 | Morris 2007,"Bestock, Laurel D. 2008. ‘The Early Dynastic funerary enclosures of Abydos.’ Archéo-Nil 18: 43–59. | Morris, Ellen. 2007. ‘Sacrifice for the state: First Dynasty royal funerals and the rites at Macramallah’s triangle.’ In Nicola Laneri (ed.), Performing Death: Social Analysis of Funerary Traditions in the Ancient Near East and Mediterranean. Chicago: Oriental Institute of Chicago, pp. 15–38."
M0546,S109,Abydos,Abydos,L3592,3592,3592,Chapter 10: Why the State Has No Origin,chapter,10,"At this point, with the construction of the great pyramids at Giza, surely no one could deny that we are in the presence of some sort of state; but the pyramids, of course, were also tombs. In the case of Egypt, it seems, ‘state formation’ began with some kind of Natchez or Shilluk-like principle of individual sovereignty, bursting out of its ritual cages precisely through the vehicle of the sovereign’s demise in such a way that royal death ultimately became the basis for reorganizing much of human life along the length of the Nile. To understand how this could happen, we need to look at what Egypt was like well before the First Dynasty tombs at Abydos.",,,,
M0547,S109,Abydos,Abydos,L3610,3610,3610,Chapter 10: Why the State Has No Origin,chapter,10,"Still, there is no substitute for actual archaeological evidence – and in recent years it has been building up apace. New discoveries show that, by no later than 3500 bc – and so still some five centuries before the First Dynasty – we do indeed find burials of petty monarchs at various locations throughout the valley of the Nile, and also down into Nubia. We don’t know any of their names, since writing had barely developed yet. Most of these kingdoms appear to have been extremely small. The largest we know of centred on Naqada and Abydos, near the great bend of the Nile in Upper Egypt; on Hierakonpolis further to the south; and on the site of Qustul in Lower Nubia – but even those do not seem to have controlled extensive territories.85",ch10-n85,"See Wengrow 2006: Chapters One, Four and Five; Kemp 2006; Teeter (ed.) 2011. Population estimates for these ‘proto-kingdoms’ remain highly speculative due to the inaccessibility of ancient living quarters and the burial of large areas of prehistoric settlement beneath modern field systems and floodplains.",Wengrow 2006 | Kemp 2006,"Wengrow, David. 2006. The Archaeology of Early Egypt: Social Transformations in North-East Africa, 10,000 to 2650 bc. Cambridge: Cambridge University Press. | Kemp, Barry. 2006. Ancient Egypt: Anatomy of a Civilization (2nd edn). London: Routledge."
M0548,S110,Hierakonpolis,Hierakonpolis,L3610,3610,3610,Chapter 10: Why the State Has No Origin,chapter,10,"Still, there is no substitute for actual archaeological evidence – and in recent years it has been building up apace. New discoveries show that, by no later than 3500 bc – and so still some five centuries before the First Dynasty – we do indeed find burials of petty monarchs at various locations throughout the valley of the Nile, and also down into Nubia. We don’t know any of their names, since writing had barely developed yet. Most of these kingdoms appear to have been extremely small. The largest we know of centred on Naqada and Abydos, near the great bend of the Nile in Upper Egypt; on Hierakonpolis further to the south; and on the site of Qustul in Lower Nubia – but even those do not seem to have controlled extensive territories.85",ch10-n85,"See Wengrow 2006: Chapters One, Four and Five; Kemp 2006; Teeter (ed.) 2011. Population estimates for these ‘proto-kingdoms’ remain highly speculative due to the inaccessibility of ancient living quarters and the burial of large areas of prehistoric settlement beneath modern field systems and floodplains.",Wengrow 2006 | Kemp 2006,"Wengrow, David. 2006. The Archaeology of Early Egypt: Social Transformations in North-East Africa, 10,000 to 2650 bc. Cambridge: Cambridge University Press. | Kemp, Barry. 2006. Ancient Egypt: Anatomy of a Civilization (2nd edn). London: Routledge."
M0549,S110,Hierakonpolis,Hierakonpolis,L3612,3612,3612,Chapter 10: Why the State Has No Origin,chapter,10,"What preceded the First Dynasty, then, was not so much a lack of sovereign power as a superfluity of it: a surfeit of tiny kingdoms and miniature courts, always with a core of blood relatives and a motley collection of henchmen, wives, servants and assorted hangers-on. Some of these courts appear to have been quite magnificent in their own way, leaving behind large tombs and the bodies of sacrificed retainers. The most spectacular, at Hierakonpolis, includes not only a male dwarf (they seem to have become a fixture of courtly society very early on), but a significant number of teenage girls, and what seem to be the remains of a private zoo: a menagerie of exotic animals including two baboons and an African elephant.86 These kings give every sign of making grandiose, absolute, cosmological claims; but little sign of maintaining administrative or military control over their respective territories.",ch10-n86,See Friedman 2008; 2011.,Friedman 2008,"Friedman, Renée F. 2008. ‘Excavating Egypt’s early kings: recent discoveries in the elite cemetery at Hierakonpolis.’ In B. Midant-Reynes and Y. Tristant (eds), Egypt at its Origins 2. Proceedings of the International Conference Origin of the State. Predynastic and Early Dynastic Egypt, Toulouse, 5th–8th September 2005. Orientalia Lovaniensia Analecta 172. Leuven: Peeters, pp. 1157–94."
M0550,S110,Hierakonpolis,Hierakonpolis,L5866,5866,5866,Notes to Chapter 10: Why the State Has No Origin,notes,10,"83. Indeed, Egyptologists had long noted certain elements of later kingship showing up in art far ‘too early’ – for instance, the famous Red Crown of Lower Egypt appears on a piece of pottery dated almost 1,000 years before the Red and White Crowns were combined to become an official symbol of Egyptian unity; the standard motif of a king wielding a mace to smite his foes crops up in a painted tomb at Hierakonpolis, 500 years before the Narmer Palette, and so on. See Baines 1995 for further examples and references.",ch10-n83,"Indeed, Egyptologists had long noted certain elements of later kingship showing up in art far ‘too early’ – for instance, the famous Red Crown of Lower Egypt appears on a piece of pottery dated almost 1,000 years before the Red and White Crowns were combined to become an official symbol of Egyptian unity; the standard motif of a king wielding a mace to smite his foes crops up in a painted tomb at Hierakonpolis, 500 years before the Narmer Palette, and so on. See Baines 1995 for further examples and references.",Baines 1995,"Baines, John. 1995. ‘Origins of Egyptian kingship.’ In D. O’Connor and D. Silverman (eds), Ancient Egyptian Kingship. Leiden, New York and Cologne: Brill, pp. 95–156."
M0551,S111,Naqada,Naqada,L3610,3610,3610,Chapter 10: Why the State Has No Origin,chapter,10,"Still, there is no substitute for actual archaeological evidence – and in recent years it has been building up apace. New discoveries show that, by no later than 3500 bc – and so still some five centuries before the First Dynasty – we do indeed find burials of petty monarchs at various locations throughout the valley of the Nile, and also down into Nubia. We don’t know any of their names, since writing had barely developed yet. Most of these kingdoms appear to have been extremely small. The largest we know of centred on Naqada and Abydos, near the great bend of the Nile in Upper Egypt; on Hierakonpolis further to the south; and on the site of Qustul in Lower Nubia – but even those do not seem to have controlled extensive territories.85",ch10-n85,"See Wengrow 2006: Chapters One, Four and Five; Kemp 2006; Teeter (ed.) 2011. Population estimates for these ‘proto-kingdoms’ remain highly speculative due to the inaccessibility of ancient living quarters and the burial of large areas of prehistoric settlement beneath modern field systems and floodplains.",Wengrow 2006 | Kemp 2006,"Wengrow, David. 2006. The Archaeology of Early Egypt: Social Transformations in North-East Africa, 10,000 to 2650 bc. Cambridge: Cambridge University Press. | Kemp, Barry. 2006. Ancient Egypt: Anatomy of a Civilization (2nd edn). London: Routledge."
M0552,S112,Memphis (Egypt),Memphis,L3406,3406,3406,Chapter 10: Why the State Has No Origin,chapter,10,"Despite this, when we write about the past today we almost invariably organize our thinking as if such patterns really did exist. Civilizations are typically represented either as flower-like – growing, blooming and then shrivelling up – or else as like some grand building, painstakingly constructed but prone to sudden ‘collapse’. The latter term tends to be used indiscriminately for situations like the Classic Maya collapse, which did indeed involve a rapid abandonment of some hundreds of settlements and the disappearance of millions of people; but equally it’s used for the ‘collapse’ of the Egyptian Old Kingdom, where the only thing that really seems to have declined precipitously is the power of Egypt’s elites ruling from the northern city of Memphis.",,,,
M0553,S112,Memphis (Egypt),Memphis,L3651,3651,3651,Chapter 10: Why the State Has No Origin,chapter,10,"Looking at China only seems to complicate things even further. In the time of the late Shang, from 1200 to 1000 bc, Chinese society did share certain features with the other canonical ‘early states’ but, considered as an integrated whole, it’s entirely unique. Like Inca Cuzco, the Shang capital at Anyang was designed as a ‘pivot of the four quarters’ – a cosmological anchor for the entire kingdom, laid out as a grand stage for royal ritual. Like both Cuzco and the Egyptian capital of Memphis (and later Thebes), the city was suspended between the worlds of the living and the dead, serving as home to the royal cemeteries and their attached mortuary temples, as well as a living administration. Its industrial quarters produced enormous quantities of bronze vessels and jades, the tools used in communing with ancestors.104 But in most important ways, we find little similarity between the Shang and either Old Kingdom Egypt or Inca Peru. For one thing, Shang rulers did not claim sovereignty over an extended area. They couldn’t travel safely, let alone issue commands, outside a narrow band of territories clustered on the middle and lower reaches of the Yellow River, not far from the royal court.105 Even there one is left with a sense that they didn’t really claim sovereignty in the same sense as Egyptian, Peruvian or even Mayan rulers. The clearest evidence is the exceptional importance of divination in the early Chinese state, which stands in striking contrast to pretty much all the other examples we’ve been looking at.106",ch10-n104 | ch10-n105 | ch10-n106,"See Bagley 1999. | Shaughnessy 1989. | Appeal to divination is limited in Egypt before the New Kingdom, and had an ambivalent role in Inca systems of government. As Gose (1996: 2) explains, in the Inca case oracular performances were actually at odds with the personal authority of living kings. They centred instead on the mummified bodies of royal ancestors or their statue equivalents, which provided one of the few venues for expressing subaltern (and potentially subversive) views, in a manner that did not challenge the assumption of the ruler’s absolute sovereignty and supreme authority. In a similar way, in Renaissance times, to take a king or queen’s horoscope was often considered to be an act of treason. Maya kings used bloodletting and stone-tossing as forms of divination, but they do not seem to have been of central importance to affairs of state.",Bagley 1999 | Shaughnessy 1989 | Gose 1996,"Bagley, Robert. 1999. ‘Shang archaeology.’ In Loewe and Shaughnessy (eds), pp. 124–231. | Shaughnessy, Edward. L. 1989. ‘Historical geography and the extent of the earliest Chinese kingdom.’ Asia Minor (2) 2: 1–22. | Gose, Peter. 1996. ‘Oracles, divine kingship, and political representation in the Inka State.’ Ethnohistory 43 (1): 1–32."
M0554,S113,Giza workers' town,workers’ town at Giza,L3622,3622,3622,Chapter 10: Why the State Has No Origin,chapter,10,"The workers’ town at Giza produced some thousands of ceramic moulds. These were used to make the huge communal loaves known as bedja bread, eaten in large groups with copious amounts of meat supplied by royal livestock pens and washed down with spiced beer.92 The latter was of special importance for the solidarity of seasonal work crews in Old Kingdom Egypt. The facts emerge with disarming simplicity, from graffiti on the reverse sides of building blocks used in the construction of royal pyramids. ‘Friends of [the king] Menkaure’ reads one such, ‘Drunkards of Menkaure’ another. These seasonal work units (or phyles, as Egyptologists call them) seem to have been made up only of men who passed through special age-grade rituals, and who modelled themselves on the organization of a boat’s crew.93 Whether such ritual brotherhoods ever took to the water together isn’t clear, but there are notable parallels between the team skills used in maritime engineering and those used in manipulating multi-ton blocks of limestone and granite for royal pyramid-temples or other such monuments.94",ch10-n92 | ch10-n93 | ch10-n94,"Lehner 2015. | See also Roth 1991. | Symbolic and likely also practical associations between monumental architecture and the activities of ships’ crews are also suggested for the later Bronze Age stone temples of Byblos (Jbeil) in Lebanon, a port town with close trading and cultural links to Egypt (see Wengrow 2010b: 156); and ethnographic descriptions of how team-skills transfer from boat-handling to the manipulation of heavy stone-work can be found, for instance, in John Layard’s classic ethnography of a Melanesian island, Stone Men of Malekula (1942). London: Chatto and Windus.",Lehner 2015 | Roth 1991 | Wengrow 2010b,"Lehner, Mark. 2015. ‘Labor and the pyramids. The Heit el-Ghurab “workers town” at Giza.’ In Steinkeller and Hudson (eds), pp. 397–522. | Roth, Anne Macy. 1991. Egyptian Phyles in the Old Kingdom: The Evolution of a System of Social Organization. Chicago: Oriental Institute. | Wengrow, David. 2010b. ‘The voyages of Europa: ritual and trade in the Eastern Mediterranean, c.2300–1850 bc.’ In William A. Parkinson and Michael L. Galaty (eds), Archaic State Interaction: The Eastern Mediterranean in the Bronze Age. Santa Fe: School for Advanced Research Press, pp. 141–60."
M0555,S114,Thebes (Egypt),Thebes,L3412,3412,3412,Chapter 10: Why the State Has No Origin,chapter,10,"To take just one example, at Thebes between 754 and 525 bc – spanning the Third Intermediate and Late periods – a series of five unmarried, childless princesses (of Libyan and Nubian descent) were elevated to the position of ‘god’s wife of Amun’, a title and role which acquired not just supreme religious, but also great economic and political weight at this time. In official representations, these women are given ‘throne names’ framed by cartouches, just like kings, and appear leading royal festivals and making offerings to the gods.34 They also owned some of the richest estates in Egypt, including extensive lands and a large staff of priests and scribes. To have a situation in which women not only command power on such a scale, but in which this power is linked to an office reserved explicitly for single women, is historically unusual. Yet this political innovation is little discussed, partly because it is already framed within an ‘intermediate’ or ‘late’ period that signals its transitory (or even decadent) nature.35",ch10-n34 | ch10-n35,"In their additional cultic role as the ‘god’s hand’ the wives of Amun – such as Amenirdis I and Shepenupet II – were also obliged to assist the male creator-god in acts of cosmic masturbation; so, in ritual terms, she was as subordinate to a male principal as one could possibly imagine, while in reality running a good portion of Upper Egypt’s economy and calling political shots at court. Judging by the grand locations of their funerary chapels at Karnak and Medinet Habu, the combination made for some very effective realpolitik. | See John Taylor’s chapter on ‘The Third Intermediate Period’ in Shaw (ed.) 2000: 330–69, especially 360–62; also Ayad 2009.",Ayad 2009,"Ayad, Mariam F. 2009. God’s Wife, God’s Servant: The God’s Wife of Amun (c.740–525 bc). London and New York: Routledge."
M0556,S114,Thebes (Egypt),Thebes,L3651,3651,3651,Chapter 10: Why the State Has No Origin,chapter,10,"Looking at China only seems to complicate things even further. In the time of the late Shang, from 1200 to 1000 bc, Chinese society did share certain features with the other canonical ‘early states’ but, considered as an integrated whole, it’s entirely unique. Like Inca Cuzco, the Shang capital at Anyang was designed as a ‘pivot of the four quarters’ – a cosmological anchor for the entire kingdom, laid out as a grand stage for royal ritual. Like both Cuzco and the Egyptian capital of Memphis (and later Thebes), the city was suspended between the worlds of the living and the dead, serving as home to the royal cemeteries and their attached mortuary temples, as well as a living administration. Its industrial quarters produced enormous quantities of bronze vessels and jades, the tools used in communing with ancestors.104 But in most important ways, we find little similarity between the Shang and either Old Kingdom Egypt or Inca Peru. For one thing, Shang rulers did not claim sovereignty over an extended area. They couldn’t travel safely, let alone issue commands, outside a narrow band of territories clustered on the middle and lower reaches of the Yellow River, not far from the royal court.105 Even there one is left with a sense that they didn’t really claim sovereignty in the same sense as Egyptian, Peruvian or even Mayan rulers. The clearest evidence is the exceptional importance of divination in the early Chinese state, which stands in striking contrast to pretty much all the other examples we’ve been looking at.106",ch10-n104 | ch10-n105 | ch10-n106,"See Bagley 1999. | Shaughnessy 1989. | Appeal to divination is limited in Egypt before the New Kingdom, and had an ambivalent role in Inca systems of government. As Gose (1996: 2) explains, in the Inca case oracular performances were actually at odds with the personal authority of living kings. They centred instead on the mummified bodies of royal ancestors or their statue equivalents, which provided one of the few venues for expressing subaltern (and potentially subversive) views, in a manner that did not challenge the assumption of the ruler’s absolute sovereignty and supreme authority. In a similar way, in Renaissance times, to take a king or queen’s horoscope was often considered to be an act of treason. Maya kings used bloodletting and stone-tossing as forms of divination, but they do not seem to have been of central importance to affairs of state.",Bagley 1999 | Shaughnessy 1989 | Gose 1996,"Bagley, Robert. 1999. ‘Shang archaeology.’ In Loewe and Shaughnessy (eds), pp. 124–231. | Shaughnessy, Edward. L. 1989. ‘Historical geography and the extent of the earliest Chinese kingdom.’ Asia Minor (2) 2: 1–22. | Gose, Peter. 1996. ‘Oracles, divine kingship, and political representation in the Inka State.’ Ethnohistory 43 (1): 1–32."
M0557,S114,Thebes (Egypt),Thebes,L3696,3696,3696,Chapter 10: Why the State Has No Origin,chapter,10,"Already towards the end of the Old Kingdom, ‘nomarchs’ or local governors had made themselves into de facto dynasties.113 When the central government split between rival centres at Herakleopolis and Thebes, such local leaders began to take over most functions of government. Often referred to as ‘warlords’, these nomarchs were in fact nothing like the petty kings of the Predynastic period. At least in their own monuments, they represent themselves as something closer to popular heroes, even saints. Neither was this always just idle boasting; some were indeed revered as saints for centuries to come. No doubt charismatic local leaders had always existed in Egypt; but with the breakdown of the patrimonial state, such figures could begin to make open claims of authority based on their personal achievements and attributes (bravery, generosity, oratorical and strategic skills) and – crucially – redefine social authority itself as based on qualities of public service and piety to the gods of their local town, and the popular support those qualities inspired.",ch10-n113,See Seidlmayer 1990; Moreno García 2014.,García 2014,"Moreno García, Juan Carlos. 2014. ‘Recent developments in the social and economic history of Ancient Egypt.’ Journal of Ancient Near Eastern History 1 (2): 231–61."
M0558,S114,Thebes (Egypt),Thebes,L3698,3698,3698,Chapter 10: Why the State Has No Origin,chapter,10,"In other words, whenever state sovereignty broke down, heroic politics returned – with charismatic figures just as vainglorious and competitive, perhaps, as those we know from ancient epics, but far less bloodthirsty. The change is clearly visible in autobiographical inscriptions, like those in the rock-cut tomb of the nomarch Ankhtifi at El-Mo’alla, south of Thebes. Here’s how he narrates his role in war: ‘I was one who found the solution when it was lacking, thanks to my vigorous plans; one with commanding words and untroubled mind on the day when the nomes [administered territories] allied together (to wage war). I am the hero without equal; one who spoke freely while people were silent on the day when fear was spread and Upper Egypt did not dare to speak.’ Even more striking, here’s how he celebrates his social achievements:",,,,
M0559,S115,Natchez Great Village,Great Village,L3306,3306,3306,Chapter 10: Why the State Has No Origin,chapter,10,"Nor is there any compelling evidence that ancient Mesopotamian cities, even when ruled by royal dynasties, achieved any measure of real territorial sovereignty, so we are still a long way here from anything like an embryonic version of the modern state.5 In other words, they simply weren’t states in von Ihering’s sense of the term; and even if they had been, it makes little sense to define a state simply in terms of sovereignty. Recall the example of the Natchez of Louisiana, whose Great Sun wielded absolute power within his own (rather small) Great Village, where he could order summary executions and appropriate goods pretty much as he had a mind to, but whose subjects largely ignored him when he wasn’t around. The divine kingship of the Shilluk, a Nilotic people of East Africa, worked on similar lines: there were very few limits on what the king could do to those in his physical presence, but there was also nothing remotely resembling an administrative apparatus to translate his sovereign power into something more stable or extensive: no tax system, no system to enforce royal orders, or even report on whether or not they had been obeyed.",ch10-n5,"Which is not, of course, to say that they didn’t make grandiose claims to territorial sovereignty; just that careful analysis of the ancient written and archaeological sources shows these claims to be generally hollow; see Richardson 2012.",Richardson 2012,"Richardson, Seth. 2012. ‘Early Mesopotamia: the presumptive state.’ Past and Present 215: 3–49."
M0560,S115,Natchez Great Village,Great Village,L3505,3505,3505,Chapter 10: Why the State Has No Origin,chapter,10,"Let us turn to the work of a French Jesuit, Father Maturin Le Petit, who gave an account of the Natchez in the early eighteenth century. Le Petit found the Natchez to be nothing like the people Jesuits had encountered in what is now Canada. He was especially struck by their religious practices. These revolved around a settlement all the French sources refer to as the Great Village, which centred on two great earthen platforms separated by a plaza. On one platform was a temple; on the other a kind of palace, the house of a ruler called the Great Sun, large enough to contain up to 4,000 people, roughly the size of the entire Natchez population at the time.",,,,
M0561,S115,Natchez Great Village,Great Village,L3507,3507,3507,Chapter 10: Why the State Has No Origin,chapter,10,"The temple, in which an eternal fire burned, was dedicated to the founder of the royal dynasty. The current ruler, together with his brother (called ‘the Tattooed Serpent’) and eldest sister (‘the White Woman’), were for their own parts treated with something that seemed very much like worship. Anyone who came into their presence was expected to bow and wail, and to retreat backwards. No one, not even the king’s wives, was allowed to share a meal with him; only the most privileged could even see him eat. What this meant in practice was that members of the royal family lived out their lives largely within the confines of the Great Village itself, rarely venturing beyond.57 The king himself emerged mainly during major rituals or times of war.",ch10-n57,"For a more detailed discussion of the divine kingship of the Natchez, with full references, see Graeber’s chapter ‘Notes on the Politics of Divine Kingship’, in Graeber and Sahlins 2017: 390–98.",Sahlins 2017,"Sahlins, Marshall. 2017. ‘The stranger-kingship of the Mexica.’ In Graeber and Sahlins, pp. 223–48."
M0562,S115,Natchez Great Village,Great Village,L3509,3509,3509,Chapter 10: Why the State Has No Origin,chapter,10,"Le Petit and other French observers – who at the time lived under the suzerainty of Louis XIV, who of course also fancied himself a ‘Sun King’ – were quite fascinated by the parallels: as a result, they described the goings-on in the Great Village in some detail. The Natchez Great Sun might not have had the grandeur of Louis XIV, but what he lacked in that regard he appeared to make up for in terms of sheer personal power. French observers were particularly struck by the arbitrary executions of Natchez subjects, the property confiscations and the way in which, at royal funerals, court retainers would – often, apparently, quite willingly – offer themselves up to be strangled to accompany the Great Sun and his closest family members in death. Those sacrificed on such occasions consisted largely of people who were, up to that point, immediately responsible for the king’s care and his physical needs – including his wives, who were invariably commoners (the Natchez were matrilineal, so it was the White Woman’s children that succeeded to the throne). Many, according to French accounts, went to their deaths voluntarily, even joyfully. One wife remarked how she dreamed of finally being able to share a meal with her husband, in another world.",,,,
M0563,S115,Natchez Great Village,Great Village,L3511,3511,3511,Chapter 10: Why the State Has No Origin,chapter,10,"One paradoxical outcome of these arrangements was that, for most of the year, the Great Village was largely depopulated. As noted by another observer, Father Pierre de Charlevoix, ‘The great Village of the Natchez is at present reduced to a very few Cabins. The Reason which I heard for this is that the Savages, from whom the Great Chief has the Right to take all they have, get as far away from him as they can; and therefore, many Villages of this Nation have been formed at some Distance from this.’58",ch10-n58,"Cited in Graeber, ibid. p. 394.",,
M0564,S115,Natchez Great Village,Great Village,L3513,3513,3513,Chapter 10: Why the State Has No Origin,chapter,10,"Away from the Great Village, ordinary Natchez appear to have led very different lives, often showing blissful disregard for the wishes of their ostensible rulers. They conducted their own independent commercial and military ventures, and sometimes flatly refused royal commands conveyed by the Great Sun’s emissaries or relatives. Archaeological surveys of the Natchez Bluffs region bear this out, showing that the eighteenth-century ‘kingdom’ in fact comprised semi-autonomous districts, including many settlements that were both larger and wealthier in trade goods than the Great Village itself.59",ch10-n59,Lorenz 1997.,Lorenz 1997,"Lorenz, Karl G. 1997. ‘A re-examination of Natchez sociopolitical complexity: a view from the grand village and beyond.’ Southeastern Archaeology 16 (2): 97–112."
M0565,S115,Natchez Great Village,Great Village,L3570,3570,3570,Chapter 10: Why the State Has No Origin,chapter,10,"If we had no written accounts to go by, but only the archaeological remains of the Natchez, would we have any way of knowing that a figure like the Great Sun even existed in Natchez society? Conceivably not. We would know that there were some fairly large mounds in the Great Village, built up in various stages, and no doubt post-holes would provide evidence for some large wooden structures built on them. Inside those structures, a number of hearths, refuse pits and scattered artefacts would undoubtedly point to some of the activities that went on there.68 Perhaps the only compelling evidence of kingship, though, would come in the form of burials of richly decorated bodies surrounded by sacrificed retainers – if, that is, archaeologists happened to locate them.69",ch10-n68 | ch10-n69,"Actually, we are being disingenuous here. This is not just a thought experiment: the remains of the Great Village – now known to archaeologists as the Fatherland Site, in Adams County – were in fact excavated, notably by Stu Neitzel in a few intermitted seasons of fieldwork, during the 1960s and early 1970s. In the centuries since its abandonment, what was left of the site had been covered by up to ten feet of colluvial mud deposited by the St Catherine Creek, which first had to be removed with heavy machinery (bulldozers), playing havoc with the archaeological remains below and obliterating key evidence. What Neitzel (1965; 1972) reported accords in broad outline with what we have just described; no doubt, more careful and modern techniques could do a lot better in terms of archaeological reconstruction (cf. Brown 1990). | In fact, early excavations in the vicinity of Mound C, the likely location of the Natchez temple, did turn up more than twenty burials with grave goods including objects of French as well as local manufacture; but their excavation was poorly conducted, with no systematic documentation, and they likely date to the very final period of temple use, just before the building was razed, and when the power of the Great Sun was no doubt already much diminished (see Brown 1990: 3; Neitzel 1965, reporting finds made by Moreau B. C. Chambers in 1930).",Neitzel 1965 | Brown 1990,"Neitzel, Robert S. 1965. Archaeology of the Fatherland Site: The Grand Village of the Natchez. New York: American Museum of Natural History. | Brown, James A. 1990. ‘Archaeology confronts history at the Natchez temple.’ Southwestern Archaeology 9 (1): 1–10."
M0566,S115,Natchez Great Village,the Natchez Great Village | Natchez Great Village | Great Village,L4053,4053,4053,Chapter 11: Full Circle,chapter,11,"Very little of this expansion was directly controlled from the centre. We are unlikely to be talking about an actual empire so much as an intricate ritual alliance, backed up ultimately by force – and things began to grow increasingly violent, fairly fast. Within a century of the initial urban explosion at Cahokia, in about ad 1150, a giant palisaded wall was built, though it only included some parts of the city and not others. This marked the beginning of a long and uneven process of war, destruction and depopulation. At first people seem to have fled the metropolis for the hinterlands, then ultimately abandoned the rural bottomlands entirely.43 This same process can be observed in many of the smaller Mississippian towns. Most appear to have begun as co-operative enterprises before becoming centralized around the cult of some royal line and receiving patronage from Cahokia. Then, over the course of a century or two, they emptied out (in much the same way as the Natchez Great Village was later to do, and possibly for much the same reasons, as subjects sought freer lives elsewhere) until finally being sacked, burned or simply deserted.",ch11-n43,"The precise reasons behind Cahokia’s collapse are hotly contested; for a range of views see Emerson and Headman 2014; Kelly 2008, with further references.",Kelly 2008,"Kelly, John E. 2008. ‘Contemplating Cahokia’s collapse.’ In Jim A. Railey and Richard Martin Reycraft (eds), Global Perspectives on the Collapse of Complex Systems. Anthropological Papers no. 8. Albuquerque: Maxwell Museum of Anthropology."
M0567,S115,Natchez Great Village,the Fatherland Site | Fatherland Site | Great Village,L5836,5836,5836,Notes to Chapter 10: Why the State Has No Origin,notes,10,"68. Actually, we are being disingenuous here. This is not just a thought experiment: the remains of the Great Village – now known to archaeologists as the Fatherland Site, in Adams County – were in fact excavated, notably by Stu Neitzel in a few intermitted seasons of fieldwork, during the 1960s and early 1970s. In the centuries since its abandonment, what was left of the site had been covered by up to ten feet of colluvial mud deposited by the St Catherine Creek, which first had to be removed with heavy machinery (bulldozers), playing havoc with the archaeological remains below and obliterating key evidence. What Neitzel (1965; 1972) reported accords in broad outline with what we have just described; no doubt, more careful and modern techniques could do a lot better in terms of archaeological reconstruction (cf. Brown 1990).",ch10-n68,"Actually, we are being disingenuous here. This is not just a thought experiment: the remains of the Great Village – now known to archaeologists as the Fatherland Site, in Adams County – were in fact excavated, notably by Stu Neitzel in a few intermitted seasons of fieldwork, during the 1960s and early 1970s. In the centuries since its abandonment, what was left of the site had been covered by up to ten feet of colluvial mud deposited by the St Catherine Creek, which first had to be removed with heavy machinery (bulldozers), playing havoc with the archaeological remains below and obliterating key evidence. What Neitzel (1965; 1972) reported accords in broad outline with what we have just described; no doubt, more careful and modern techniques could do a lot better in terms of archaeological reconstruction (cf. Brown 1990).",Neitzel 1965 | Brown 1990,"Neitzel, Robert S. 1965. Archaeology of the Fatherland Site: The Grand Village of the Natchez. New York: American Museum of Natural History. | Brown, James A. 1990. ‘Archaeology confronts history at the Natchez temple.’ Southwestern Archaeology 9 (1): 1–10."
M0568,S116,Pacooda,Pacooda,L3541,3541,3541,Chapter 10: Why the State Has No Origin,chapter,10,"The Reth lives isolated, as a rule, with some of his wives in the small but famous hill-village of Pacooda, known as Fashoda…His person is sacred and can be approached only with difficulty by ordinary people, and only with elaborate etiquette by the higher class. His appearance among the people, as for a journey, is rare and awe-inspiring, so that most people used to go into hiding or keep out of his path; girls especially do so.64",ch10-n64,Crazzolara 1951: 139.,Crazzolara 1951,"Crazzolara, Joseph Pasquale. 1951. The Lwoo, Part II: Lwoo Traditions. Verona: Missioni Africane."
M0569,S117,Hopewell Mound Group,Hopewell itself,L4014,4014,4014,Chapter 11: Full Circle,chapter,11,"In the northernmost, centred on Hopewell itself, funerary assemblages focus on shamanic ritual, heroic male figures travelling between cosmic domains. In the southern, best exemplified by the Turner Site in southwest Ohio, the emphasis is on an imagery of impersonal masked figures, hilltop earth shrines and chthonic monsters. Still more remarkably, in the northern cluster all those buried with badges of office are men; in the southern, those buried with the same badges of office are just as exclusively women. (The central cluster of sites is mixed, in both respects.)23 What’s more, there was clearly some kind of systemic co-ordination between the clusters, with causeways joining them.24",ch11-n23 | ch11-n24,"See Coon (2009) on the north/south distinction; he also notes that in the south, burials are mostly collective and undifferentiated, and treasures are buried apart from bodies, not identified with specific individuals. The art shows figures in costume, dressed as monsters, rather than individuals wearing headdresses as at Hopewell. All this suggests a more self-consciously egalitarian, or at least anti-heroic, ideology in the south. On the pairing of shamanic and earth shrine sites see DeBoer 1997; on gender and office see Field, Goldberg and Lee 2005; Rodrigues 2005. Carr (in Carr and Case 2005: 112) speculates that the north/south division might reflect a distinction between the ancestors of later, patrilineal Great Lakes Algonkians and the matrilineal Southeastern societies (Cree, Cherokee, Choctaw, etc); but the pattern reflected in tombs seems far more radical: aside from some male mortuary priests, all major office holders in the south appear to be women. Rodrigues’s (2005) analysis of skeletal remains suggests even more surprising differences in the south, where ‘women also participated in maintenance and subsistence activities more commonly done by Native American men, including flint knapping and running possibly involved in hunting. Inversely, men shared in processing plant foods, stereotypically associated with women.’ (Carr, in Case and Carr eds 2008: 248). It is rather surprising that these findings have not been more broadly discussed. | On the causeway: Lepper 1997.",Coon 2009 | DeBoer 1997 | Rodrigues 2005,"Coon, Matthew S. 2009. ‘Variation in Ohio Hopewell political economies.’ American Antiquity 74 (1): 49–76. | DeBoer, Warren R. 1997. ‘Ceremonial centers from the Cayapas to Chillicothe.’ Cambridge Archaeological Journal 7: 225–53. | Rodrigues, Teresa. 2005. ‘Gender and social differentiation within the Turner Population, Ohio, as evidenced by activity-induced musculoskeletal stress markers.’ In Carr and Case (eds), pp. 405–27."
M0570,S117,Hopewell Mound Group,at Hopewell,L6058,6058,6058,Notes to Chapter 11: Full Circle,notes,11,"23. See Coon (2009) on the north/south distinction; he also notes that in the south, burials are mostly collective and undifferentiated, and treasures are buried apart from bodies, not identified with specific individuals. The art shows figures in costume, dressed as monsters, rather than individuals wearing headdresses as at Hopewell. All this suggests a more self-consciously egalitarian, or at least anti-heroic, ideology in the south. On the pairing of shamanic and earth shrine sites see DeBoer 1997; on gender and office see Field, Goldberg and Lee 2005; Rodrigues 2005. Carr (in Carr and Case 2005: 112) speculates that the north/south division might reflect a distinction between the ancestors of later, patrilineal Great Lakes Algonkians and the matrilineal Southeastern societies (Cree, Cherokee, Choctaw, etc); but the pattern reflected in tombs seems far more radical: aside from some male mortuary priests, all major office holders in the south appear to be women. Rodrigues’s (2005) analysis of skeletal remains suggests even more surprising differences in the south, where ‘women also participated in maintenance and subsistence activities more commonly done by Native American men, including flint knapping and running possibly involved in hunting. Inversely, men shared in processing plant foods, stereotypically associated with women.’ (Carr, in Case and Carr eds 2008: 248). It is rather surprising that these findings have not been more broadly discussed.",ch11-n23,"See Coon (2009) on the north/south distinction; he also notes that in the south, burials are mostly collective and undifferentiated, and treasures are buried apart from bodies, not identified with specific individuals. The art shows figures in costume, dressed as monsters, rather than individuals wearing headdresses as at Hopewell. All this suggests a more self-consciously egalitarian, or at least anti-heroic, ideology in the south. On the pairing of shamanic and earth shrine sites see DeBoer 1997; on gender and office see Field, Goldberg and Lee 2005; Rodrigues 2005. Carr (in Carr and Case 2005: 112) speculates that the north/south division might reflect a distinction between the ancestors of later, patrilineal Great Lakes Algonkians and the matrilineal Southeastern societies (Cree, Cherokee, Choctaw, etc); but the pattern reflected in tombs seems far more radical: aside from some male mortuary priests, all major office holders in the south appear to be women. Rodrigues’s (2005) analysis of skeletal remains suggests even more surprising differences in the south, where ‘women also participated in maintenance and subsistence activities more commonly done by Native American men, including flint knapping and running possibly involved in hunting. Inversely, men shared in processing plant foods, stereotypically associated with women.’ (Carr, in Case and Carr eds 2008: 248). It is rather surprising that these findings have not been more broadly discussed.",Coon 2009 | DeBoer 1997 | Rodrigues 2005,"Coon, Matthew S. 2009. ‘Variation in Ohio Hopewell political economies.’ American Antiquity 74 (1): 49–76. | DeBoer, Warren R. 1997. ‘Ceremonial centers from the Cayapas to Chillicothe.’ Cambridge Archaeological Journal 7: 225–53. | Rodrigues, Teresa. 2005. ‘Gender and social differentiation within the Turner Population, Ohio, as evidenced by activity-induced musculoskeletal stress markers.’ In Carr and Case (eds), pp. 405–27."
M0571,S118,Newark Earthworks,the Newark Earthworks | Newark Earthworks,L3996,3996,3996,Chapter 11: Full Circle,chapter,11,"Such is clearly not the case, however, with really large structures like Poverty Point or the Hopewell earthworks. These did not grow by slow accretion but were planned in advance. The most impressive sites are almost invariably in river valleys, typically quite close to bodies of water. They rise, literally, out of the sodden mud. As anyone who has played as a child with sand or mud (that is, pretty much anyone, including ancient Amerindians) will be aware, it’s easy to make structures out of such material, but almost impossible to keep them from crumbling or washing away again in damp locations. This is where the really impressive engineering comes in. A typical Hopewell site is a complex, mathematically aligned mix of circles, squares and octagons – all made of mud. One of the largest, the Newark Earthworks in Licking County, Ohio, which apparently functioned as a lunar observatory, extends over two square miles and contains embankments more than sixteen feet tall. The only way to create stable structures of this sort – so stable that they still exist today – was by the use of ingenious building techniques, alternating layers of earth with carefully selected gravels and sand.15 To anyone seeing them for the first time, rising above the swamps, the effect would be similar to witnessing an ice cube that refused ever to melt in the midday sun; a kind of cosmogonic miracle.",ch11-n15,Sherwood and Kidder 2011.,,
M0572,S119,Turner Earthworks,the Turner Site | Turner Site,L4014,4014,4014,Chapter 11: Full Circle,chapter,11,"In the northernmost, centred on Hopewell itself, funerary assemblages focus on shamanic ritual, heroic male figures travelling between cosmic domains. In the southern, best exemplified by the Turner Site in southwest Ohio, the emphasis is on an imagery of impersonal masked figures, hilltop earth shrines and chthonic monsters. Still more remarkably, in the northern cluster all those buried with badges of office are men; in the southern, those buried with the same badges of office are just as exclusively women. (The central cluster of sites is mixed, in both respects.)23 What’s more, there was clearly some kind of systemic co-ordination between the clusters, with causeways joining them.24",ch11-n23 | ch11-n24,"See Coon (2009) on the north/south distinction; he also notes that in the south, burials are mostly collective and undifferentiated, and treasures are buried apart from bodies, not identified with specific individuals. The art shows figures in costume, dressed as monsters, rather than individuals wearing headdresses as at Hopewell. All this suggests a more self-consciously egalitarian, or at least anti-heroic, ideology in the south. On the pairing of shamanic and earth shrine sites see DeBoer 1997; on gender and office see Field, Goldberg and Lee 2005; Rodrigues 2005. Carr (in Carr and Case 2005: 112) speculates that the north/south division might reflect a distinction between the ancestors of later, patrilineal Great Lakes Algonkians and the matrilineal Southeastern societies (Cree, Cherokee, Choctaw, etc); but the pattern reflected in tombs seems far more radical: aside from some male mortuary priests, all major office holders in the south appear to be women. Rodrigues’s (2005) analysis of skeletal remains suggests even more surprising differences in the south, where ‘women also participated in maintenance and subsistence activities more commonly done by Native American men, including flint knapping and running possibly involved in hunting. Inversely, men shared in processing plant foods, stereotypically associated with women.’ (Carr, in Case and Carr eds 2008: 248). It is rather surprising that these findings have not been more broadly discussed. | On the causeway: Lepper 1997.",Coon 2009 | DeBoer 1997 | Rodrigues 2005,"Coon, Matthew S. 2009. ‘Variation in Ohio Hopewell political economies.’ American Antiquity 74 (1): 49–76. | DeBoer, Warren R. 1997. ‘Ceremonial centers from the Cayapas to Chillicothe.’ Cambridge Archaeological Journal 7: 225–53. | Rodrigues, Teresa. 2005. ‘Gender and social differentiation within the Turner Population, Ohio, as evidenced by activity-induced musculoskeletal stress markers.’ In Carr and Case (eds), pp. 405–27."
M0573,S120,Spiro Mounds,Spiro,L4051,4051,4051,Chapter 11: Full Circle,chapter,11,"Bird-man symbolism was especially marked in the smaller kingdoms – some fifty in all – that began to appear up and down the Mississippi, of which the largest are at places called Etowah, Moundville and Spiro. The rulers of these towns were often buried with what seem to be precious badges and insignia manufactured at Cahokia. Sacred images in Cahokia itself focused not so much on the hawk and falcon symbolism that appeared everywhere else as – fittingly for an increasingly prominent centre of intensive grain production – on the figure of the Corn Mother, who also appears as the Old Woman, a goddess holding a loom. During the eleventh and twelfth centuries, Mississippian sites with links of various kinds to Cahokia appear everywhere from Virginia to Minnesota, often in aggressive conflict with their neighbours. Trade routes spanning the continent were activated, the materials for new treasures pouring into the American Bottom much as they once had to Hopewell.42",ch11-n42,Emerson 2007; 2012.,Emerson 2007,"Emerson, Thomas. 2007. ‘Cahokia and the evidence for Late Pre-Columbian war in the North American midcontinent.’ In R. J. Chacon and R. G. Mendoza (eds), North American Indigenous Warfare and Ritual Violence. Tucson: University of Arizona Press, pp. 129–48."
M0574,S121,Etowah Indian Mounds,Etowah,L4051,4051,4051,Chapter 11: Full Circle,chapter,11,"Bird-man symbolism was especially marked in the smaller kingdoms – some fifty in all – that began to appear up and down the Mississippi, of which the largest are at places called Etowah, Moundville and Spiro. The rulers of these towns were often buried with what seem to be precious badges and insignia manufactured at Cahokia. Sacred images in Cahokia itself focused not so much on the hawk and falcon symbolism that appeared everywhere else as – fittingly for an increasingly prominent centre of intensive grain production – on the figure of the Corn Mother, who also appears as the Old Woman, a goddess holding a loom. During the eleventh and twelfth centuries, Mississippian sites with links of various kinds to Cahokia appear everywhere from Virginia to Minnesota, often in aggressive conflict with their neighbours. Trade routes spanning the continent were activated, the materials for new treasures pouring into the American Bottom much as they once had to Hopewell.42",ch11-n42,Emerson 2007; 2012.,Emerson 2007,"Emerson, Thomas. 2007. ‘Cahokia and the evidence for Late Pre-Columbian war in the North American midcontinent.’ In R. J. Chacon and R. G. Mendoza (eds), North American Indigenous Warfare and Ritual Violence. Tucson: University of Arizona Press, pp. 129–48."
M0575,S121,Etowah Indian Mounds,Etowah,L4073,4073,4073,Chapter 11: Full Circle,chapter,11,"To get a sense of the kind of ideological conflicts that must have been going on, let’s consider the history of the Etowah river valley, part of a region then inhabited by ancestors of the Choctaw, in Georgia and Tennessee. Around the time of Cahokia’s initial take-off between ad 1000 and 1200, this area was emerging from a period of generalized warfare. Post-conflict settlement involved the creation of small towns, each with its temple-pyramids and plaza, and in every case centred on a large council house, designed as a meeting place for the entire adult community. Grave goods of the time show no indications of rank. Around 1200 the Etowah valley was for some reason abandoned; then, around half a century later, people returned to it. A burst of construction ensued, including a palace and charnel house on top of giant mounds – walled off from commoner eyes – and a royal tomb, placed directly atop the ruins of the communal council house. Burials there were accompanied by magnificent bird-man costumes and regalia apparently sent from the workshops of Cahokia itself. Smaller villages were broken up, some of their old residents moved into Etowah, and in the countryside they were replaced by the familiar pattern of scattered homesteads.49",ch11-n49,See King 2003.,King 2003,"King, Adam. 2003. Etowah: The Political History of a Chiefdom Capital. Tuscaloosa: University of Alabama Press."
M0576,S121,Etowah Indian Mounds,Etowah,L4075,4075,4075,Chapter 11: Full Circle,chapter,11,"Enclosed by a perimeter ditch and substantial palisade wall, the town of Etowah was at this point clearly the capital of some sort of kingdom. In 1375 someone – whether external enemies or internal rebels, we do not know – sacked Etowah and desecrated its holy places; then, after a brief and abortive attempt at reoccupation, Etowah was again entirely abandoned, as were all the towns across the region. During this period the priestly orders seem largely to vanish across much of the Southeast, to be replaced by warrior micas. Occasionally, these petty rulers would become paramount in a given region, but they lacked either the ritual authority or economic resources to create the kind of urban life that existed before. In about 1500 the Etowah valley fell under the sway of the kingdom of Coosa, by which time most of the original population appears to have left and moved on, leaving behind little more than a museum of earthworks for the Coosa to lord it over.50",ch11-n50,King 2003; 2004; 2007; Cobb and King 2005.,King 2003,"King, Adam. 2003. Etowah: The Political History of a Chiefdom Capital. Tuscaloosa: University of Alabama Press."
M0577,S121,Etowah Indian Mounds,Etowah,L6124,6124,6124,Notes to Chapter 11: Full Circle,notes,11,"56. Fogelson 1984. There were, as Fogelson notes, and as we’ll soon see, Cherokee priests in the seventeenth century, though they were gradually replaced by individual curers. It’s hard not to see the legend as to some degree reflecting real historical events: Etowah, for instance, was in what later became Cherokee territory.",ch11-n56,"Fogelson 1984. There were, as Fogelson notes, and as we’ll soon see, Cherokee priests in the seventeenth century, though they were gradually replaced by individual curers. It’s hard not to see the legend as to some degree reflecting real historical events: Etowah, for instance, was in what later became Cherokee territory.",Fogelson 1984,"Fogelson, Raymond D. 1984. ‘Who were the Aní-Kutánî? An excursion into Cherokee historical thought.’ Ethnohistory 31 (4): 255–63."
M0578,S122,Moundville,Moundville,L4051,4051,4051,Chapter 11: Full Circle,chapter,11,"Bird-man symbolism was especially marked in the smaller kingdoms – some fifty in all – that began to appear up and down the Mississippi, of which the largest are at places called Etowah, Moundville and Spiro. The rulers of these towns were often buried with what seem to be precious badges and insignia manufactured at Cahokia. Sacred images in Cahokia itself focused not so much on the hawk and falcon symbolism that appeared everywhere else as – fittingly for an increasingly prominent centre of intensive grain production – on the figure of the Corn Mother, who also appears as the Old Woman, a goddess holding a loom. During the eleventh and twelfth centuries, Mississippian sites with links of various kinds to Cahokia appear everywhere from Virginia to Minnesota, often in aggressive conflict with their neighbours. Trade routes spanning the continent were activated, the materials for new treasures pouring into the American Bottom much as they once had to Hopewell.42",ch11-n42,Emerson 2007; 2012.,Emerson 2007,"Emerson, Thomas. 2007. ‘Cahokia and the evidence for Late Pre-Columbian war in the North American midcontinent.’ In R. J. Chacon and R. G. Mendoza (eds), North American Indigenous Warfare and Ritual Violence. Tucson: University of Arizona Press, pp. 129–48."
M0579,S123,Coosa,Coosa,L4075,4075,4075,Chapter 11: Full Circle,chapter,11,"Enclosed by a perimeter ditch and substantial palisade wall, the town of Etowah was at this point clearly the capital of some sort of kingdom. In 1375 someone – whether external enemies or internal rebels, we do not know – sacked Etowah and desecrated its holy places; then, after a brief and abortive attempt at reoccupation, Etowah was again entirely abandoned, as were all the towns across the region. During this period the priestly orders seem largely to vanish across much of the Southeast, to be replaced by warrior micas. Occasionally, these petty rulers would become paramount in a given region, but they lacked either the ritual authority or economic resources to create the kind of urban life that existed before. In about 1500 the Etowah valley fell under the sway of the kingdom of Coosa, by which time most of the original population appears to have left and moved on, leaving behind little more than a museum of earthworks for the Coosa to lord it over.50",ch11-n50,King 2003; 2004; 2007; Cobb and King 2005.,King 2003,"King, Adam. 2003. Etowah: The Political History of a Chiefdom Capital. Tuscaloosa: University of Alabama Press."
M0580,S123,Coosa,Coosa,L4077,4077,4077,Chapter 11: Full Circle,chapter,11,"Some of those who walked away concentrated around the new capitals. In 1540, a member of Hernando De Soto’s expedition described the mica of Coosa and his core territory (a place now known, oddly enough, as Little Egypt) in the following terms:",,,,
M0581,S123,Coosa,Coosa,L4083,4083,4083,Chapter 11: Full Circle,chapter,11,"In the sixteenth and seventeenth centuries, petty kingdoms of this sort appear to have been the dominant political form in much of the Southeast. Their rulers were treated with reverence and received tribute, but their rule was brittle and unstable. The Coosa mica’s litter, like that of his chief rival, the Lady of Cofitachequi, was carried by subordinate lords, largely because the latter couldn’t be trusted not to rise up unless kept under constant surveillance. Shortly after de Soto’s departure several of them did just that, causing the kingdom of Coosa to collapse. Meanwhile, outside the central towns much more egalitarian forms of communal life were taking form.",,,,
M0582,S124,Cofitachequi,Cofitachequi,L4083,4083,4083,Chapter 11: Full Circle,chapter,11,"In the sixteenth and seventeenth centuries, petty kingdoms of this sort appear to have been the dominant political form in much of the Southeast. Their rulers were treated with reverence and received tribute, but their rule was brittle and unstable. The Coosa mica’s litter, like that of his chief rival, the Lady of Cofitachequi, was carried by subordinate lords, largely because the latter couldn’t be trusted not to rise up unless kept under constant surveillance. Shortly after de Soto’s departure several of them did just that, causing the kingdom of Coosa to collapse. Meanwhile, outside the central towns much more egalitarian forms of communal life were taking form.",,,,
M0583,S125,Basta,Basta,L2160,2160,2160,Chapter 6: Gardens of Adonis,chapter,6,"The routes of this prehistoric trade circuit contracted as they progressed southwards into less evenly populated areas, starting at the Syrian bend of the Euphrates, winding through the Damascus basin and down into the Jordan valley. This route formed the so-called ‘Levantine Corridor’. And the lowlanders who lived here were devoted craft specialists and traders. Each hamlet seems to have developed its own expertise (stone-grinding, bead-carving, shell-processing and so on), and industries were often associated with special ‘cult buildings’ or seasonal lodges, pointing to the control of such skills by guilds or secret societies. By the ninth millennium bc, larger settlements had developed along the principal trade routes. Lowland foragers occupied fertile pockets of land among the drainages of the Jordan valley, using trade wealth to support increasingly large, settled populations. Sites of impressive scale sprang up in such propitious locations, some, such as Jericho and Basta, approaching ten hectares in size.25",ch6-n25,"For craft specialization in Early Neolithic communities see Wright et al. 2008; and, in general, Asouti and Fuller 2013.",Wright 2008,"Wright, Katherine I. et al. 2008. ‘Stone bead technologies and early craft specialization: insights from two Neolithic Sites in eastern Jordan.’ Levant 40 (2): 131–65."
M0584,S126,Byblos,Byblos,L3829,3829,3829,Chapter 10: Why the State Has No Origin,chapter,10,"Another puzzling bit of evidence is the nature of the wares that Minoan merchants imported from abroad. Minoans were a trading people, and the traders appear to have been mostly men. But starting in the Proto-palatial period, what they brought home from overseas had a distinctively female flavour. Egyptian sistra, cosmetic jars, figures of nursing mothers and scarab amulets do not come from the male-dominated sphere of courtly culture but the rituals of non-royal Egyptian women and the gynocentric rites of Hathor. Hathor was celebrated outside Egypt too, in temples near the Sinai turquoise mines and in maritime ports, where the horned goddess morphed into a protector of travellers. One such port was Byblos on the Lebanese coast, where an assemblage of cosmetics and amulets – almost identical to those from early Cretan tombs – was found buried as offerings in a temple. Most likely, such objects travelled along with women’s cults, perhaps like the much later cults of Isis, tracking the ‘official’ trade of male elites. The concentration of these items within prestigious Cretan tholos tombs in the period just before the formation of palaces (another of those neglected ‘proto-periods’) suggests, at the very least, that women occupied the demand side of such long-distance exchanges.149",ch10-n149,"For a detailed discussion of early Egyptian imports to Crete, via Lebanon, and their likely association with women’s rituals see Wengrow 2010b.",Wengrow 2010b,"Wengrow, David. 2010b. ‘The voyages of Europa: ritual and trade in the Eastern Mediterranean, c.2300–1850 bc.’ In William A. Parkinson and Michael L. Galaty (eds), Archaic State Interaction: The Eastern Mediterranean in the Bronze Age. Santa Fe: School for Advanced Research Press, pp. 141–60."
M0585,S126,Byblos,Byblos | Jbeil,L5888,5888,5888,Notes to Chapter 10: Why the State Has No Origin,notes,10,"94. Symbolic and likely also practical associations between monumental architecture and the activities of ships’ crews are also suggested for the later Bronze Age stone temples of Byblos (Jbeil) in Lebanon, a port town with close trading and cultural links to Egypt (see Wengrow 2010b: 156); and ethnographic descriptions of how team-skills transfer from boat-handling to the manipulation of heavy stone-work can be found, for instance, in John Layard’s classic ethnography of a Melanesian island, Stone Men of Malekula (1942). London: Chatto and Windus.",ch10-n94,"Symbolic and likely also practical associations between monumental architecture and the activities of ships’ crews are also suggested for the later Bronze Age stone temples of Byblos (Jbeil) in Lebanon, a port town with close trading and cultural links to Egypt (see Wengrow 2010b: 156); and ethnographic descriptions of how team-skills transfer from boat-handling to the manipulation of heavy stone-work can be found, for instance, in John Layard’s classic ethnography of a Melanesian island, Stone Men of Malekula (1942). London: Chatto and Windus.",Wengrow 2010b,"Wengrow, David. 2010b. ‘The voyages of Europa: ritual and trade in the Eastern Mediterranean, c.2300–1850 bc.’ In William A. Parkinson and Michael L. Galaty (eds), Archaic State Interaction: The Eastern Mediterranean in the Bronze Age. Santa Fe: School for Advanced Research Press, pp. 141–60."
M0586,S127,Mezin,Mezin,L4778,4778,4778,Notes to Chapter 3: Unfreezing the Ice Age,notes,3,"38. Archaeologists have observed close spatial associations between large Upper Palaeolithic (Magdalenian) aggregation sites in the French Périgord and natural choke points or ‘bottlenecks’ along the Dordogne and Vézère such as fords or meanders: ideal locations for intercepting herds of reindeer on their seasonal migrations (White 1985). In northern Spain, the famous cave sites of Altamira and Castillo have long been identified as aggregation locales based on their topographical location and the preponderance of seasonal resources like deer, ibex and shellfish among the animal remains found there (Straus 1977). On the periglacial ‘mammoth steppe’ of Central Russia, spectacularly large settlements like Mezhirich and Mezin – with their mammoth-bone dwellings, fixed storage pits and abundant evidence of art and trade – were aligned on major river systems (Dnepr and Desna), which also channelled the annual north-south movements of steppe bison, horse, reindeer and mammoth (Soffer 1985). Similarly, the Pavlov Hills of southern Moravia, where Dolní Věstonice is located, once formed part of a narrow belt of forest-steppe, bridging the non-glaciated zones of eastern and western Europe (see contributions by Jiří Svoboda, in Roebroeks et al. 2000). Year-round habitation was certainly possible in some of these locations, but population densities are still likely to have fluctuated markedly between seasons. Recently, archaeologists have begun using more fine-grained analytical techniques – like the microscopic study of growth patterns in animal teeth and antlers, as well as measuring geochemical proxies of seasonal variation such as stable isotope ratios in animal remains – to determine the migration patterns and diets of hunted game (for a useful survey see Prendergast et al. 2018).",ch3-n38,"Archaeologists have observed close spatial associations between large Upper Palaeolithic (Magdalenian) aggregation sites in the French Périgord and natural choke points or ‘bottlenecks’ along the Dordogne and Vézère such as fords or meanders: ideal locations for intercepting herds of reindeer on their seasonal migrations (White 1985). In northern Spain, the famous cave sites of Altamira and Castillo have long been identified as aggregation locales based on their topographical location and the preponderance of seasonal resources like deer, ibex and shellfish among the animal remains found there (Straus 1977). On the periglacial ‘mammoth steppe’ of Central Russia, spectacularly large settlements like Mezhirich and Mezin – with their mammoth-bone dwellings, fixed storage pits and abundant evidence of art and trade – were aligned on major river systems (Dnepr and Desna), which also channelled the annual north-south movements of steppe bison, horse, reindeer and mammoth (Soffer 1985). Similarly, the Pavlov Hills of southern Moravia, where Dolní Věstonice is located, once formed part of a narrow belt of forest-steppe, bridging the non-glaciated zones of eastern and western Europe (see contributions by Jiří Svoboda, in Roebroeks et al. 2000). Year-round habitation was certainly possible in some of these locations, but population densities are still likely to have fluctuated markedly between seasons. Recently, archaeologists have begun using more fine-grained analytical techniques – like the microscopic study of growth patterns in animal teeth and antlers, as well as measuring geochemical proxies of seasonal variation such as stable isotope ratios in animal remains – to determine the migration patterns and diets of hunted game (for a useful survey see Prendergast et al. 2018).",White 1985 | Straus 1977 | Soffer 1985 | Roebroeks 2000 | Prendergast 2018,"White, Randall. 1985. Upper Palaeolithic Land Use in the Périgord: A Topographical Approach to Subsistence and Settlement. Oxford: British Archaeological Reports. | Straus, Lawrence G. 1977. ‘The Upper Palaeolithic cave site of Altamira (Santander, Spain).’ Quaternaria 19: 135–48. | Soffer, Olga. 1985. The Upper Palaeolithic of the Central Russian Plain. London: Academic Press. | Roebroeks, Wil et al. 2000. Hunters of the Golden Age: The Mid-Upper Palaeolithic of Eurasia 30,000–20,00 BP. Leiden: University of Leiden Press. | Prendergast, Amy L., Alexander J. E. Pryor, Hazel Reade and Rhiannon E. Stevens. 2018. ‘Seasonal records of palaeoenvironmental change and resource use from archaeological assemblages.’ Journal of Archaeological Science: Reports 21."
M0587,S128,Tågerup,Tågerup,L4910,4910,4910,"Notes to Chapter 4: Free People, the Origin of Cultures, and the Advent of Private Property",notes,4,"48. In a now classic discussion, Bailey and Milner (2002) laid out a powerful case for the central role of coastal hunter-gatherers in the evolution of human societies, between the Late Pleistocene and the Mid-Holocene, noting how changing sea levels have grossly distorted our conventional picture of early human demography, submerging a greater part of the evidence. The Tågerup promontory in western Scania, Sweden – and the wider region of southern Scandinavia – offer excellent examples of large scale and longevity in Mesolithic settlement, and for every such ancient coastal landscape that survives we must surely imagine hundreds more, long hidden below the waves (Larsson 1990; Karsten and Knarrström 2013).",ch4-n48,"In a now classic discussion, Bailey and Milner (2002) laid out a powerful case for the central role of coastal hunter-gatherers in the evolution of human societies, between the Late Pleistocene and the Mid-Holocene, noting how changing sea levels have grossly distorted our conventional picture of early human demography, submerging a greater part of the evidence. The Tågerup promontory in western Scania, Sweden – and the wider region of southern Scandinavia – offer excellent examples of large scale and longevity in Mesolithic settlement, and for every such ancient coastal landscape that survives we must surely imagine hundreds more, long hidden below the waves (Larsson 1990; Karsten and Knarrström 2013).",Larsson 1990,"Larsson, Lars. 1990. ‘The Mesolithic of southern Scandinavia.’ Journal of World Prehistory 4 (3): 257–309."
M0588,S129,Onondaga town,Onondaga town,L4184,4184,4184,Chapter 11: Full Circle,chapter,11,"South of the Onondaga town lived an evil-minded man. His lodge was in a swale and his nest was made of bulrushes. His body was distorted by seven crooks and his long tangled locks were adorned by withering living serpents. Moreover, this monster was a devourer of raw meat, even of human flesh. He was also a master of wizardry and by his magic he destroyed men but he could not be destroyed. Adodarhoh was the name of the evil man.",,,,
M0589,S130,Merv,Merv,L2900,2900,2900,Chapter 8: Imaginary Cities,chapter,8,"It goes without saying that we cannot possibly hope to trace all these various tendencies back into periods for which no written testimony exists. But it is equally clear that, insofar as modern archaeology allows us to identify an ultimate origin for ‘heroic societies’ of this sort, it is to be found precisely on the spatial and cultural margins of the world’s first great urban expansion (indeed, some of the earliest aristocratic tombs in the Turkish highlands were dug directly into the ruins of abandoned Uruk colonies).82 Aristocracies, perhaps monarchy itself, first emerged in opposition to the egalitarian cities of the Mesopotamian plains, for which they likely had much the same mixed but ultimately hostile and murderous feelings as Alaric the Goth would later have towards Rome and everything it stood for, Genghis Khan towards Samarkand or Merv, or Timur towards Delhi.",ch8-n82,"Largely as predicted, in fact, by Andrew Sherratt (1996); and see also Wengrow 2011. Where urban and upland societies converged, a third element emerged which resembles neither the tribal aristocracies nor the more egalitarian cities. Archaeologists know this other element as the Kura-Araxes or Transcaucasian culture, but it has proved hard to define in terms of settlement types, which vary widely within it. For archaeologists, what identifies the Transcaucasian culture above all is its highly burnished pottery, which achieved a remarkable distribution extending south from the Caucasus as far as the Jordan valley. Over such considerable distances, methods for making pottery and other distinctive craft products stayed remarkably constant, suggesting to some the migration of artisans, and perhaps even whole communities, to settle in remote locations. Such diaspora groups seem to have been widely involved in the circulation and working of metals, especially copper. They carried with them certain other distinctive practices such as the use of portable cooking hobs, sometimes decorated with faces, which supported lidded pots used to prepare a cuisine based on stews and casseroles: a somewhat eccentric practice in regions where roasting and baking food in fixed ovens was an age-old practice going back to Neolithic times (see Wilkinson 2014, with further references).",Wengrow 2011 | Wilkinson 2014,"Wengrow, David. 2011. ‘Archival and sacrificial economies in Bronze Age Eurasia: an interactionist approach to the hoarding of metals.’ In T. Wilkinson, D. J. Bennet and S. Sherratt (eds), Interweaving Worlds. Oxford: Oxbow Books, pp. 135–44. | Wilkinson, Toby. 2014. ‘The Early Transcaucasian phenomenon in structural-systemic perspective: cuisine, craft and economy.’ Paléorient 40 (2): 203–29."
M0590,S131,Fort Michilimackinac,Michilimackinac,L0681,681,681,Chapter 2: Wicked Liberty,chapter,2,"Lahontan himself claimed to have based the Dialogues on notes jotted down during or after a variety of conversations he’d had with Kandiaronk at Michilimackinac, on the strait between Lakes Huron and Michigan; notes that he later reorganized with the governor’s help and which were supplemented, no doubt, by reminiscences both had of similar debates held over Frontenac’s own dinner table. In the process the text was no doubt augmented and embellished, and probably tweaked again when Lahontan produced his final edition in Amsterdam. There is, however, every reason to believe the basic arguments were Kandiaronk’s own.",,,,
M0591,S131,Fort Michilimackinac,Michilimackinac,L4174,4174,4174,Chapter 11: Full Circle,chapter,11,"A similar fate befell the Wendat Confederation, whose power had been decisively broken in the year Kandiaronk was born, 1649, when they were scattered or absorbed during the notorious ‘Beaver Wars’. In Kandiaronk’s own lifetime the remaining Wendat were leading a fairly precarious existence: partly driven north towards Quebec; partly under the protection of a French fort in a place called Michilimackinac, near Lake Michigan. Kandiaronk himself spent much of his life trying to put the confederation’s pieces back together and, according to oral histories at least, attempting to found a coalition that would unite the warring nations against the invaders. In this he failed. As a result, we don’t actually know the stories told by members of any of these other great confederacies about the origins of their political institutions. By the time oral histories began to be written down in the nineteenth century, only the Haudenosaunee remained.",,,,
M0592,S132,Mound Key (Calos),Mound Key | Calos,L1527,1527,1527,"Chapter 4: Free People, the Origin of Cultures, and the Advent of Private Property",chapter,4,"One of the first North American societies described by European explorers in the sixteenth century were the Calusa, a non-agricultural people who inhabited the west coast of Florida, from Tampa Bay to the Keys. There they had established a small kingdom, ruled from a capital town called Calos, which today is marked by a thirty-hectare complex of high shell mounds known as Mound Key. Fish, shellfish and larger marine animals comprised a major part of the Calusa diet, supplemented by deer, raccoon and a variety of birds. Calusa also maintained a fleet of war canoes with which they would launch military raids on nearby populations, extracting processed foods, skins, weapons, amber, metals and slaves as tribute. When Juan Ponce de León entered Charlotte Harbor on 4 June 1513 he was met by a well-organized flotilla of such canoes, manned by heavily armed hunter-gatherers.",,,,
M0593,S132,Mound Key (Calos),Calos,L1529,1529,1529,"Chapter 4: Free People, the Origin of Cultures, and the Advent of Private Property",chapter,4,"Some historians resist calling the Calusa leader a ‘king’, preferring terms like ‘paramount chief’, but first-hand accounts leave no doubt about his exalted status. The man known as ‘Carlos’, the ruler of Calos at the time of initial European contact, even looked like a European king: he wore a gold diadem and beaded leg bands and sat on a wooden throne – and, crucially, he was the only Calusa allowed to do so. His powers seemed absolute. ‘His will was law, and insubordination was punishable by death.’40 He was also responsible for performing secret rituals that ensured the renewal of nature. His subjects always greeted him by kneeling and raising their hands in a gesture of obeisance, and he was typically accompanied by representatives of the ruling class of warrior nobles and priests who, like him, devoted themselves largely to the business of government. And he had at his disposal the services of specialized craftsmen, including court metallurgists who worked silver, gold and copper.",ch4-n40,Marquardt 1987: 98.,,
M0594,S132,Mound Key (Calos),Calos,L1556,1556,1556,"Chapter 4: Free People, the Origin of Cultures, and the Advent of Private Property",chapter,4,"Such was the fate of the Calusa and their ancient fishing and hunting grounds. When Florida was ceded to the British in the mid eighteenth century, the last handful of surviving subjects from the kingdom of Calos were shipped off to the Caribbean by their Spanish masters.",,,,
M0595,S133,Arslantepe,Arslantepe,L2884,2884,2884,Chapter 8: Imaginary Cities,chapter,8,"Perhaps the most revealing site, in this respect, is called Arslantepe – the ‘Hill of the Lion’, in the Malatya Plain of eastern Turkey. Around the same time Uruk was becoming a large city, Arslantepe was coming into its own as a regional centre of some significance, where the upper reaches of the Euphrates arc towards the Anti-Taurus Mountains, with their rich sources of metal and timber. The site may have started life as some kind of seasonal trade fair; at nearly 3,300 feet above sea level, it was likely snowed in over the winter months. Even at its peak it was never larger than five hectares, and there were probably never more than a few hundred people actually living on the spot. Within those five hectares, however, archaeologists have unearthed evidence for a remarkable sequence of political developments.77",ch8-n77,See Frangipane 2012.,Frangipane 2012,"Frangipane, Marcella. 2012. ‘Fourth millennium Arslantepe: the development of a centralized society without urbanization.’ Origini 34: 19–40."
M0596,S133,Arslantepe,Arslantepe,L2886,2886,2886,Chapter 8: Imaginary Cities,chapter,8,"The story of Arslantepe begins around 3300 bc, when a temple was built on the site. This temple resembled those of Uruk and her colonies, with storage areas for food and carefully arranged archives of administrative seals, just as in any temple of the Mesopotamian floodplain. But within a few generations the temple was dismantled, and in its place was built a massive private structure enclosing a grand audience chamber and living quarters, as well as storage areas, including an armoury. An assemblage of swords and spearheads – finely crafted of arsenic-rich copper and quite unlike anything found in public buildings of the lowlands at this time – signals not only control over, but a celebration of the means to enact violence: a new aesthetics of personal combat and killing. The excavators have labelled this building the world’s ‘earliest known palace’.",,,,
M0597,S133,Arslantepe,Arslantepe,L2890,2890,2890,Chapter 8: Imaginary Cities,chapter,8,"Everything about these tombs and their makers, living on the frontiers of urban life, bespeaks a spirit of extravagance. Copious amounts of fine food, drink and personal jewellery were deposited. There are signs that such funerals could spiral into spectacles of competitive one-upmanship, as what must have been priceless trophies, heirlooms and prizes of unparalleled magnificence were offered up or even intentionally destroyed; some, too, are accompanied by subsidiary burials of those apparently slaughtered at the graveside as offerings.79 Unlike the isolated ‘princes’ and ‘princesses’ of the Ice Age, there are whole cemeteries full of such burials – for example at Başur Höyük, on the way to Lake Van, while at Arslantepe we see exactly the kind of physical infrastructure (forts, storehouses) we might expect from a society dominated by some sort of warrior aristocracy.",ch8-n79,Frangipane 2006; Hassett and Sağlamtimur 2018.,Frangipane 2006,"Frangipane, Marcella. 2006. ‘The Arslantepe “Royal Tomb”: new funerary customs and political changes in the Upper Euphrates valley at the beginning of the third millennium bc.’ In G. Bartoloni and M. G. Benedettini (eds), Buried Among the Living. Rome: Università degli studi di Roma ‘La Sapienza’, pp. 169–94."
M0598,S133,Arslantepe,Arslantepe,L5700,5700,5700,Notes to Chapter 10: Why the State Has No Origin,notes,10,"1. Lévi-Strauss (1987) referred to Northwest Coast societies as ‘house’ societies, that is, ones where kinship was organized around noble households, which were precisely the holders of titles and heirloom treasures (as well as slaves, and the loyalty of retainers). This arrangement seems typical of heroic societies more generally; the palace at Arslantepe, which we described in Chapter Eight, is most likely just a more elaborate version of the same thing. There is a direct line from here to what Weber called ‘patrimonial’ and ‘prebendal’ forms of governance, where entire kingdoms or even empires are imagined as extensions of a single royal household.",ch10-n1,"Lévi-Strauss (1987) referred to Northwest Coast societies as ‘house’ societies, that is, ones where kinship was organized around noble households, which were precisely the holders of titles and heirloom treasures (as well as slaves, and the loyalty of retainers). This arrangement seems typical of heroic societies more generally; the palace at Arslantepe, which we described in Chapter Eight, is most likely just a more elaborate version of the same thing. There is a direct line from here to what Weber called ‘patrimonial’ and ‘prebendal’ forms of governance, where entire kingdoms or even empires are imagined as extensions of a single royal household.",Lévi-Strauss 1987,"Lévi-Strauss, Claude. 1987. Anthropology and Myth: Lectures 1951–1982. Oxford: Blackwell."
M0599,S134,Tell al-'Ubaid,Tell al-‘Ubaid,L3739,3739,3739,Chapter 10: Why the State Has No Origin,chapter,10,"In fact this entire period, lasting around 1,000 years (archaeologists call it the ‘Ubaid, after the site of Tell al-‘Ubaid in southern Iraq), was one of innovation in metallurgy, horticulture, textiles, diet and long-distance trade; but from a social vantage point, everything seems to have been done to prevent such innovations becoming markers of rank or individual distinction – in other words, to prevent the emergence of obvious differences in status, both within and between villages. Intriguingly, it is possible that we are witnessing the birth of an overt ideology of equality in the centuries prior to the emergence of the world’s first cities, and that administrative tools were first designed not as a means of extracting and accumulating wealth but precisely to prevent such things from happening.124 To get a sense of how such small-scale bureaucracies might have worked in practice we can briefly consider again the ayllu, those Andean village associations which, as we mentioned earlier, had their own home-grown administration.",ch10-n124,"This is of course somewhat ironic, since archaeologists working within older frameworks of social evolution had long assumed that ‘Ubaid societies must have been organized into some sort of ‘complex chiefdoms’, simply because they are chronologically located between the earliest farming settlements and the earliest cities (which, in turn, are assumed to usher in the ‘the birth of the state’). The logical circularity of such arguments will by now be very obvious, as will their lack of fit to the archaeological evidence for the periods in question.",,
M0600,S135,Herakleopolis,Herakleopolis,L3696,3696,3696,Chapter 10: Why the State Has No Origin,chapter,10,"Already towards the end of the Old Kingdom, ‘nomarchs’ or local governors had made themselves into de facto dynasties.113 When the central government split between rival centres at Herakleopolis and Thebes, such local leaders began to take over most functions of government. Often referred to as ‘warlords’, these nomarchs were in fact nothing like the petty kings of the Predynastic period. At least in their own monuments, they represent themselves as something closer to popular heroes, even saints. Neither was this always just idle boasting; some were indeed revered as saints for centuries to come. No doubt charismatic local leaders had always existed in Egypt; but with the breakdown of the patrimonial state, such figures could begin to make open claims of authority based on their personal achievements and attributes (bravery, generosity, oratorical and strategic skills) and – crucially – redefine social authority itself as based on qualities of public service and piety to the gods of their local town, and the popular support those qualities inspired.",ch10-n113,See Seidlmayer 1990; Moreno García 2014.,García 2014,"Moreno García, Juan Carlos. 2014. ‘Recent developments in the social and economic history of Ancient Egypt.’ Journal of Ancient Near Eastern History 1 (2): 231–61."
M0601,S136,Hefat (El-Mo'alla),El-Mo’alla,L3698,3698,3698,Chapter 10: Why the State Has No Origin,chapter,10,"In other words, whenever state sovereignty broke down, heroic politics returned – with charismatic figures just as vainglorious and competitive, perhaps, as those we know from ancient epics, but far less bloodthirsty. The change is clearly visible in autobiographical inscriptions, like those in the rock-cut tomb of the nomarch Ankhtifi at El-Mo’alla, south of Thebes. Here’s how he narrates his role in war: ‘I was one who found the solution when it was lacking, thanks to my vigorous plans; one with commanding words and untroubled mind on the day when the nomes [administered territories] allied together (to wage war). I am the hero without equal; one who spoke freely while people were silent on the day when fear was spread and Upper Egypt did not dare to speak.’ Even more striking, here’s how he celebrates his social achievements:",,,,
M0602,S136,Hefat (El-Mo'alla),El-Mo’alla | Hefat,L3700,3700,3700,Chapter 10: Why the State Has No Origin,chapter,10,"I gave bread to the hungry and clothing to the naked; I anointed those who had no cosmetic oil; I gave sandals to the barefooted; I gave a wife to him who had no wife. I took care of the towns of Hefat [El-Mo’alla] and Hor-mer in every [crisis, when] the sky was clouded and the earth [was parched? And people died] of hunger on this sandbank of Apophis. The south came with its people and the north with its children; they brought finest oil in exchange for barley which was given to them…All of Upper Egypt was dying of hunger and people were eating their children, but I did not allow anybody to die of hunger in this nome…never did I allow anybody in need to go from this nome to another one. I am the hero without equal.114",ch10-n114,"Translation as per Seidlmayer 1990: 118–21. Especially striking, in this regard, are the nomarch’s claims to keep his people not just healthy, but also provided with the basic necessities for a full social life: the resources to sustain a family, conduct proper funerals, and the guarantee that one would not be cut loose from one’s local moorings or condemned to live as a refugee.",,
M0603,S137,Hor-mer,Hor-mer,L3700,3700,3700,Chapter 10: Why the State Has No Origin,chapter,10,"I gave bread to the hungry and clothing to the naked; I anointed those who had no cosmetic oil; I gave sandals to the barefooted; I gave a wife to him who had no wife. I took care of the towns of Hefat [El-Mo’alla] and Hor-mer in every [crisis, when] the sky was clouded and the earth [was parched? And people died] of hunger on this sandbank of Apophis. The south came with its people and the north with its children; they brought finest oil in exchange for barley which was given to them…All of Upper Egypt was dying of hunger and people were eating their children, but I did not allow anybody to die of hunger in this nome…never did I allow anybody in need to go from this nome to another one. I am the hero without equal.114",ch10-n114,"Translation as per Seidlmayer 1990: 118–21. Especially striking, in this regard, are the nomarch’s claims to keep his people not just healthy, but also provided with the basic necessities for a full social life: the resources to sustain a family, conduct proper funerals, and the guarantee that one would not be cut loose from one’s local moorings or condemned to live as a refugee.",,
